regiao_administrativa,codigo_ra_arquivo,ano,eixo_indicador,tipo_registro,natureza,total_ano,jan,fev,mar,abr,mai,jun,jul,ago,set,out,nov,dez,arquivo_origem,aba_origem
Arniqueira (4),33,2026,1. C.V.L.I. - CRIMES VIOLENTOS LETAIS INTENCIONAIS,OCORRENCIA,HOMICÍDIO,0,0,0,0,0,0,0,0,0,0,0,0,0,33_ARNIQUEIRA (4)_2026.xlsx,mensal
Arniqueira (4),33,2026,1. C.V.L.I. - CRIMES VIOLENTOS LETAIS INTENCIONAIS,OCORRENCIA,LATROCÍNIO,0,0,0,0,0,0,0,0,0,0,0,0,0,33_ARNIQUEIRA (4)_2026.xlsx,mensal
Arniqueira (4),33,2026,1. C.V.L.I. - CRIMES VIOLENTOS LETAIS INTENCIONAIS,OCORRENCIA,LESÃO CORPORAL SEG. DE MORTE,0,0,0,0,0,0,0,0,0,0,0,0,0,33_ARNIQUEIRA (4)_2026.xlsx,mensal
Arniqueira (4),33,2026,2. C.C.P. -                                                      CRIMES CONTRA O PATRIMÔNIO,OCORRENCIA,FURTO EM VEÍCULO,21,2,3,3,5,5,1,2,0,0,0,0,0,33_ARNIQUEIRA (4)_2026.xlsx,mensal
Arniqueira (4),33,2026,2. C.C.P. -                                                      CRIMES CONTRA O PATRIMÔNIO,OCORRENCIA,ROUBO A TRANSEUNTE,33,8,2,3,3,2,6,6,3,0,0,0,0,33_ARNIQUEIRA (4)_2026.xlsx,mensal
Arniqueira (4),33,2026,2. C.C.P. -                                                      CRIMES CONTRA O PATRIMÔNIO,OCORRENCIA,ROUBO DE VEÍCULO,8,1,0,2,0,2,2,1,0,0,0,0,0,33_ARNIQUEIRA (4)_2026.xlsx,mensal
Arniqueira (4),33,2026,2. C.C.P. -                                                      CRIMES CONTRA O PATRIMÔNIO,OCORRENCIA,ROUBO EM COLETIVO,0,0,0,0,0,0,0,0,0,0,0,0,0,33_ARNIQUEIRA (4)_2026.xlsx,mensal
Arniqueira (4),33,2026,2. C.C.P. -                                                      CRIMES CONTRA O PATRIMÔNIO,OCORRENCIA,ROUBO EM COMÉRCIO *,0,0,0,0,0,0,0,0,0,0,0,0,0,33_ARNIQUEIRA (4)_2026.xlsx,mensal
Arniqueira (4),33,2026,2. C.C.P. -                                                      CRIMES CONTRA O PATRIMÔNIO,OCORRENCIA,ROUBO EM RESIDÊNCIA,0,0,0,0,0,0,0,0,0,0,0,0,0,33_ARNIQUEIRA (4)_2026.xlsx,mensal
Arniqueira (4),33,2026,3. OUTROS CRIMES,OCORRENCIA,ESTUPRO,0,0,0,0,0,0,0,0,0,0,0,0,0,33_ARNIQUEIRA (4)_2026.xlsx,mensal
Arniqueira (4),33,2026,3. OUTROS CRIMES,OCORRENCIA,ESTUPRO DE VULNERÁVEL,5,0,0,0,1,0,2,2,0,0,0,0,0,33_ARNIQUEIRA (4)_2026.xlsx,mensal
Arniqueira (4),33,2026,3. OUTROS CRIMES,OCORRENCIA,TENTATIVA DE HOMICÍDIO,3,0,0,0,2,0,1,0,0,0,0,0,0,33_ARNIQUEIRA (4)_2026.xlsx,mensal
Arniqueira (4),33,2026,3. OUTROS CRIMES,OCORRENCIA,TENTATIVA DE LATROCÍNIO,0,0,0,0,0,0,0,0,0,0,0,0,0,33_ARNIQUEIRA (4)_2026.xlsx,mensal
Arniqueira (4),33,2026,4. PRODUTIVIDADE POLICIAL,OCORRENCIA,LOCALIZAÇÃO DE VEICULO FURTADO OU ROUBADO,24,2,1,3,6,6,2,1,3,0,0,0,0,33_ARNIQUEIRA (4)_2026.xlsx,mensal
Arniqueira (4),33,2026,4. PRODUTIVIDADE POLICIAL,OCORRENCIA,POSSE/PORTE DE ARMA,3,0,0,0,1,1,0,0,1,0,0,0,0,33_ARNIQUEIRA (4)_2026.xlsx,mensal
Arniqueira (4),33,2026,4. PRODUTIVIDADE POLICIAL,OCORRENCIA,TRÁFICO DE DROGAS,24,2,1,5,3,3,3,5,2,0,0,0,0,33_ARNIQUEIRA (4)_2026.xlsx,mensal
Arniqueira (4),33,2026,4. PRODUTIVIDADE POLICIAL,OCORRENCIA,USO E PORTE DE DROGAS,19,0,1,4,2,2,3,5,2,0,0,0,0,33_ARNIQUEIRA (4)_2026.xlsx,mensal
Brasilia,01,2014,1. C.V.L.I. - CRIMES VIOLENTOS LETAIS INTENCIONAIS,OCORRENCIA,HOMICÍDIO,18,2,1,2,0,1,2,2,1,5,1,0,1,1_brasilia_comparativo-2_agregado.xls,PPV (mensal)2014
Brasilia,01,2014,1. C.V.L.I. - CRIMES VIOLENTOS LETAIS INTENCIONAIS,OCORRENCIA,LATROCÍNIO,5,1,0,2,0,2,0,0,0,0,0,0,0,1_brasilia_comparativo-2_agregado.xls,PPV (mensal)2014
Brasilia,01,2014,1. C.V.L.I. - CRIMES VIOLENTOS LETAIS INTENCIONAIS,OCORRENCIA,LESÃO CORPORAL SEG. DE MORTE,0,0,0,0,0,0,0,0,0,0,0,0,0,1_brasilia_comparativo-2_agregado.xls,PPV (mensal)2014
Brasilia,01,2014,2. C.C.P. -                                                      CRIMES CONTRA O PATRIMÔNIO,OCORRENCIA,FURTO EM VEÍCULO,5220,567,514,498,394,401,398,403,421,441,446,420,317,1_brasilia_comparativo-2_agregado.xls,PPV (mensal)2014
Brasilia,01,2014,2. C.C.P. -                                                      CRIMES CONTRA O PATRIMÔNIO,OCORRENCIA,ROUBO A TRANSEUNTE,3353,276,297,441,335,386,214,234,293,249,234,221,173,1_brasilia_comparativo-2_agregado.xls,PPV (mensal)2014
Brasilia,01,2014,2. C.C.P. -                                                      CRIMES CONTRA O PATRIMÔNIO,OCORRENCIA,ROUBO DE VEÍCULO,431,57,55,63,42,25,17,18,34,35,28,34,23,1_brasilia_comparativo-2_agregado.xls,PPV (mensal)2014
Brasilia,01,2014,2. C.C.P. -                                                      CRIMES CONTRA O PATRIMÔNIO,OCORRENCIA,ROUBO EM COLETIVO,20,2,1,0,3,3,0,3,1,0,3,3,1,1_brasilia_comparativo-2_agregado.xls,PPV (mensal)2014
Brasilia,01,2014,2. C.C.P. -                                                      CRIMES CONTRA O PATRIMÔNIO,OCORRENCIA,ROUBO EM COMÉRCIO *,145,18,9,23,18,13,10,8,6,7,12,8,13,1_brasilia_comparativo-2_agregado.xls,PPV (mensal)2014
Brasilia,01,2014,3. OUTROS CRIMES,OCORRENCIA,ESTUPRO,44,4,3,4,5,9,1,3,4,3,5,2,1,1_brasilia_comparativo-2_agregado.xls,PPV (mensal)2014
Brasilia,01,2014,3. OUTROS CRIMES,OCORRENCIA,FURTO A TRANSEUNTE,984,68,67,132,83,71,103,86,69,114,63,55,73,1_brasilia_comparativo-2_agregado.xls,PPV (mensal)2014
Brasilia,01,2014,3. OUTROS CRIMES,OCORRENCIA,ROUBO EM RESIDÊNCIA,7,1,0,0,0,1,0,0,0,2,0,1,2,1_brasilia_comparativo-2_agregado.xls,PPV (mensal)2014
Brasilia,01,2014,3. OUTROS CRIMES,OCORRENCIA,TENTATIVA DE HOMICÍDIO,57,5,7,5,8,7,3,9,3,4,1,2,3,1_brasilia_comparativo-2_agregado.xls,PPV (mensal)2014
Brasilia,01,2014,4. PRODUTIVIDADE POLICIAL,OCORRENCIA,LOCALIZAÇÃO DE VEICULO FURTADO OU ROUBADO,419,49,48,58,38,34,23,24,24,41,20,28,32,1_brasilia_comparativo-2_agregado.xls,PPV (mensal)2014
Brasilia,01,2014,4. PRODUTIVIDADE POLICIAL,OCORRENCIA,POSSE/PORTE DE ARMA,54,4,4,7,2,5,3,8,4,4,3,6,4,1_brasilia_comparativo-2_agregado.xls,PPV (mensal)2014
Brasilia,01,2014,4. PRODUTIVIDADE POLICIAL,OCORRENCIA,TRÁFICO DE DROGAS,426,29,26,36,20,30,30,41,34,42,58,44,36,1_brasilia_comparativo-2_agregado.xls,PPV (mensal)2014
Brasilia,01,2014,4. PRODUTIVIDADE POLICIAL,OCORRENCIA,USO E PORTE DE DROGAS,1081,40,53,73,68,76,69,65,80,169,151,123,114,1_brasilia_comparativo-2_agregado.xls,PPV (mensal)2014
Brasilia,01,2015,1. C.V.L.I. - CRIMES VIOLENTOS LETAIS INTENCIONAIS,OCORRENCIA,HOMICÍDIO,23,2,4,2,6,3,2,0,1,2,1,0,0,1_brasilia_comparativo-2_agregado.xls,PPV (mensal)2015
Brasilia,01,2015,1. C.V.L.I. - CRIMES VIOLENTOS LETAIS INTENCIONAIS,OCORRENCIA,LATROCÍNIO,1,0,0,0,0,0,0,0,0,0,0,0,1,1_brasilia_comparativo-2_agregado.xls,PPV (mensal)2015
Brasilia,01,2015,1. C.V.L.I. - CRIMES VIOLENTOS LETAIS INTENCIONAIS,OCORRENCIA,LESÃO CORPORAL SEG. DE MORTE,0,0,0,0,0,0,0,0,0,0,0,0,0,1_brasilia_comparativo-2_agregado.xls,PPV (mensal)2015
Brasilia,01,2015,2. C.C.P. -                                                      CRIMES CONTRA O PATRIMÔNIO,OCORRENCIA,FURTO EM VEÍCULO,3297,371,303,380,308,282,330,251,233,71,238,243,287,1_brasilia_comparativo-2_agregado.xls,PPV (mensal)2015
Brasilia,01,2015,2. C.C.P. -                                                      CRIMES CONTRA O PATRIMÔNIO,OCORRENCIA,ROUBO A TRANSEUNTE,2417,228,229,234,225,238,178,152,216,103,215,218,181,1_brasilia_comparativo-2_agregado.xls,PPV (mensal)2015
Brasilia,01,2015,2. C.C.P. -                                                      CRIMES CONTRA O PATRIMÔNIO,OCORRENCIA,ROUBO DE VEÍCULO,303,36,41,38,23,31,19,15,18,23,27,15,17,1_brasilia_comparativo-2_agregado.xls,PPV (mensal)2015
Brasilia,01,2015,2. C.C.P. -                                                      CRIMES CONTRA O PATRIMÔNIO,OCORRENCIA,ROUBO EM COLETIVO,57,1,4,5,8,0,5,3,3,6,14,2,6,1_brasilia_comparativo-2_agregado.xls,PPV (mensal)2015
Brasilia,01,2015,2. C.C.P. -                                                      CRIMES CONTRA O PATRIMÔNIO,OCORRENCIA,ROUBO EM COMÉRCIO *,139,12,11,16,22,12,8,10,11,7,14,8,8,1_brasilia_comparativo-2_agregado.xls,PPV (mensal)2015
Brasilia,01,2015,3. OUTROS CRIMES,OCORRENCIA,ESTUPRO,38,2,2,6,4,3,6,1,4,2,3,3,2,1_brasilia_comparativo-2_agregado.xls,PPV (mensal)2015
Brasilia,01,2015,3. OUTROS CRIMES,OCORRENCIA,FURTO A TRANSEUNTE,877,88,118,83,71,82,68,54,102,20,66,58,67,1_brasilia_comparativo-2_agregado.xls,PPV (mensal)2015
Brasilia,01,2015,3. OUTROS CRIMES,OCORRENCIA,ROUBO EM RESIDÊNCIA,11,0,2,1,1,1,1,0,1,1,2,0,1,1_brasilia_comparativo-2_agregado.xls,PPV (mensal)2015
Brasilia,01,2015,3. OUTROS CRIMES,OCORRENCIA,TENTATIVA DE HOMICÍDIO,34,2,2,1,3,8,3,3,3,1,3,2,3,1_brasilia_comparativo-2_agregado.xls,PPV (mensal)2015
Brasilia,01,2015,4. PRODUTIVIDADE POLICIAL,OCORRENCIA,LOCALIZAÇÃO DE VEICULO FURTADO OU ROUBADO,415,39,37,33,32,39,38,39,32,22,34,41,29,1_brasilia_comparativo-2_agregado.xls,PPV (mensal)2015
Brasilia,01,2015,4. PRODUTIVIDADE POLICIAL,OCORRENCIA,POSSE/PORTE DE ARMA,47,5,5,4,3,3,6,4,3,3,5,3,3,1_brasilia_comparativo-2_agregado.xls,PPV (mensal)2015
Brasilia,01,2015,4. PRODUTIVIDADE POLICIAL,OCORRENCIA,TRÁFICO DE DROGAS,546,46,43,49,62,44,43,53,48,39,43,35,41,1_brasilia_comparativo-2_agregado.xls,PPV (mensal)2015
Brasilia,01,2015,4. PRODUTIVIDADE POLICIAL,OCORRENCIA,USO E PORTE DE DROGAS,1710,122,153,157,133,151,155,158,166,124,159,107,125,1_brasilia_comparativo-2_agregado.xls,PPV (mensal)2015
Brasilia,01,2016,1. C.V.L.I. - CRIMES VIOLENTOS LETAIS INTENCIONAIS,OCORRENCIA,HOMICÍDIO,15,2,1,3,0,2,1,0,1,1,3,0,1,1_brasilia_comparativo-2_agregado.xls,PPV (mensal)2016
Brasilia,01,2016,1. C.V.L.I. - CRIMES VIOLENTOS LETAIS INTENCIONAIS,OCORRENCIA,LATROCÍNIO,0,0,0,0,0,0,0,0,0,0,0,0,0,1_brasilia_comparativo-2_agregado.xls,PPV (mensal)2016
Brasilia,01,2016,1. C.V.L.I. - CRIMES VIOLENTOS LETAIS INTENCIONAIS,OCORRENCIA,LESÃO CORPORAL SEG. DE MORTE,1,0,0,0,0,0,0,0,0,1,0,0,0,1_brasilia_comparativo-2_agregado.xls,PPV (mensal)2016
Brasilia,01,2016,2. C.C.P. -                                                      CRIMES CONTRA O PATRIMÔNIO,OCORRENCIA,FURTO EM VEÍCULO,4506,340,241,323,530,483,378,314,419,432,330,357,359,1_brasilia_comparativo-2_agregado.xls,PPV (mensal)2016
Brasilia,01,2016,2. C.C.P. -                                                      CRIMES CONTRA O PATRIMÔNIO,OCORRENCIA,ROUBO A TRANSEUNTE,3490,220,301,287,291,339,299,264,222,271,304,388,304,1_brasilia_comparativo-2_agregado.xls,PPV (mensal)2016
Brasilia,01,2016,2. C.C.P. -                                                      CRIMES CONTRA O PATRIMÔNIO,OCORRENCIA,ROUBO DE VEÍCULO,294,24,20,23,31,21,19,21,16,21,31,29,38,1_brasilia_comparativo-2_agregado.xls,PPV (mensal)2016
Brasilia,01,2016,2. C.C.P. -                                                      CRIMES CONTRA O PATRIMÔNIO,OCORRENCIA,ROUBO EM COLETIVO,69,3,3,3,7,6,9,7,3,10,5,6,7,1_brasilia_comparativo-2_agregado.xls,PPV (mensal)2016
Brasilia,01,2016,2. C.C.P. -                                                      CRIMES CONTRA O PATRIMÔNIO,OCORRENCIA,ROUBO EM COMÉRCIO *,112,15,12,8,16,9,8,5,6,6,13,7,7,1_brasilia_comparativo-2_agregado.xls,PPV (mensal)2016
Brasilia,01,2016,2. C.C.P. -                                                      CRIMES CONTRA O PATRIMÔNIO,OCORRENCIA,ROUBO EM RESIDÊNCIA,12,2,0,2,3,0,0,0,1,0,2,1,1,1_brasilia_comparativo-2_agregado.xls,PPV (mensal)2016
Brasilia,01,2016,3. OUTROS CRIMES,OCORRENCIA,ESTUPRO,40,1,0,3,7,8,2,4,6,1,2,2,4,1_brasilia_comparativo-2_agregado.xls,PPV (mensal)2016
Brasilia,01,2016,3. OUTROS CRIMES,OCORRENCIA,FURTO A TRANSEUNTE,850,69,140,60,56,83,80,63,65,70,70,51,43,1_brasilia_comparativo-2_agregado.xls,PPV (mensal)2016
Brasilia,01,2016,3. OUTROS CRIMES,OCORRENCIA,TENTATIVA DE HOMICÍDIO,39,2,5,5,4,5,2,3,2,2,4,1,4,1_brasilia_comparativo-2_agregado.xls,PPV (mensal)2016
Brasilia,01,2016,3. OUTROS CRIMES,OCORRENCIA,TENTATIVA DE LATROCÍNIO,13,1,0,0,2,0,1,0,3,2,0,1,3,1_brasilia_comparativo-2_agregado.xls,PPV (mensal)2016
Brasilia,01,2016,4. PRODUTIVIDADE POLICIAL,OCORRENCIA,LOCALIZAÇÃO DE VEICULO FURTADO OU ROUBADO,395,28,37,45,42,41,33,24,24,30,35,24,32,1_brasilia_comparativo-2_agregado.xls,PPV (mensal)2016
Brasilia,01,2016,4. PRODUTIVIDADE POLICIAL,OCORRENCIA,POSSE/PORTE DE ARMA,41,2,3,3,3,6,4,3,2,3,3,6,3,1_brasilia_comparativo-2_agregado.xls,PPV (mensal)2016
Brasilia,01,2016,4. PRODUTIVIDADE POLICIAL,OCORRENCIA,TRÁFICO DE DROGAS,443,38,34,41,40,37,37,45,51,43,24,28,25,1_brasilia_comparativo-2_agregado.xls,PPV (mensal)2016
Brasilia,01,2016,4. PRODUTIVIDADE POLICIAL,OCORRENCIA,USO E PORTE DE DROGAS,1286,141,124,122,102,124,111,104,100,90,87,77,104,1_brasilia_comparativo-2_agregado.xls,PPV (mensal)2016
Brasilia,01,2017,1. C.V.L.I. - CRIMES VIOLENTOS LETAIS INTENCIONAIS,OCORRENCIA,HOMICÍDIO,17,2,0,0,2,2,0,4,1,0,4,0,2,1_brasilia_comparativo-2_agregado.xls,PPV (mensal)2017
Brasilia,01,2017,1. C.V.L.I. - CRIMES VIOLENTOS LETAIS INTENCIONAIS,OCORRENCIA,LATROCÍNIO,4,0,1,0,0,0,0,0,1,0,0,1,1,1_brasilia_comparativo-2_agregado.xls,PPV (mensal)2017
Brasilia,01,2017,1. C.V.L.I. - CRIMES VIOLENTOS LETAIS INTENCIONAIS,OCORRENCIA,LESÃO CORPORAL SEG. DE MORTE,0,0,0,0,0,0,0,0,0,0,0,0,0,1_brasilia_comparativo-2_agregado.xls,PPV (mensal)2017
Brasilia,01,2017,2. C.C.P. -                                                      CRIMES CONTRA O PATRIMÔNIO,OCORRENCIA,FURTO EM VEÍCULO,4898,383,340,358,348,458,479,430,336,343,433,542,448,1_brasilia_comparativo-2_agregado.xls,PPV (mensal)2017
Brasilia,01,2017,2. C.C.P. -                                                      CRIMES CONTRA O PATRIMÔNIO,OCORRENCIA,ROUBO A TRANSEUNTE,3087,236,360,384,219,254,192,217,256,258,257,253,201,1_brasilia_comparativo-2_agregado.xls,PPV (mensal)2017
Brasilia,01,2017,2. C.C.P. -                                                      CRIMES CONTRA O PATRIMÔNIO,OCORRENCIA,ROUBO DE VEÍCULO,348,27,31,28,27,25,29,36,13,30,44,33,25,1_brasilia_comparativo-2_agregado.xls,PPV (mensal)2017
Brasilia,01,2017,2. C.C.P. -                                                      CRIMES CONTRA O PATRIMÔNIO,OCORRENCIA,ROUBO EM COLETIVO,58,2,6,3,8,8,2,2,1,5,5,6,10,1_brasilia_comparativo-2_agregado.xls,PPV (mensal)2017
Brasilia,01,2017,2. C.C.P. -                                                      CRIMES CONTRA O PATRIMÔNIO,OCORRENCIA,ROUBO EM COMÉRCIO *,99,8,7,7,5,12,11,7,8,6,7,7,14,1_brasilia_comparativo-2_agregado.xls,PPV (mensal)2017
Brasilia,01,2017,2. C.C.P. -                                                      CRIMES CONTRA O PATRIMÔNIO,OCORRENCIA,ROUBO EM RESIDÊNCIA,8,3,1,0,0,1,0,1,0,1,1,0,0,1_brasilia_comparativo-2_agregado.xls,PPV (mensal)2017
Brasilia,01,2017,3. OUTROS CRIMES,OCORRENCIA,ESTUPRO,53,4,3,6,3,8,4,5,7,2,6,3,2,1_brasilia_comparativo-2_agregado.xls,PPV (mensal)2017
Brasilia,01,2017,3. OUTROS CRIMES,OCORRENCIA,FURTO A TRANSEUNTE,885,50,126,124,43,84,83,65,67,62,52,69,60,1_brasilia_comparativo-2_agregado.xls,PPV (mensal)2017
Brasilia,01,2017,3. OUTROS CRIMES,OCORRENCIA,TENTATIVA DE HOMICÍDIO,27,5,3,2,2,2,2,1,2,2,1,1,4,1_brasilia_comparativo-2_agregado.xls,PPV (mensal)2017
Brasilia,01,2017,3. OUTROS CRIMES,OCORRENCIA,TENTATIVA DE LATROCÍNIO,9,0,3,1,2,1,0,1,0,0,0,1,0,1_brasilia_comparativo-2_agregado.xls,PPV (mensal)2017
Brasilia,01,2017,4. PRODUTIVIDADE POLICIAL,OCORRENCIA,LOCALIZAÇÃO DE VEICULO FURTADO OU ROUBADO,386,28,36,37,32,34,42,28,39,32,32,22,24,1_brasilia_comparativo-2_agregado.xls,PPV (mensal)2017
Brasilia,01,2017,4. PRODUTIVIDADE POLICIAL,OCORRENCIA,POSSE/PORTE DE ARMA,39,3,2,2,2,6,2,3,0,10,6,1,2,1_brasilia_comparativo-2_agregado.xls,PPV (mensal)2017
Brasilia,01,2017,4. PRODUTIVIDADE POLICIAL,OCORRENCIA,TRÁFICO DE DROGAS,376,37,33,29,32,25,38,28,34,48,33,18,21,1_brasilia_comparativo-2_agregado.xls,PPV (mensal)2017
Brasilia,01,2017,4. PRODUTIVIDADE POLICIAL,OCORRENCIA,USO E PORTE DE DROGAS,948,71,96,69,75,89,89,80,80,74,86,78,61,1_brasilia_comparativo-2_agregado.xls,PPV (mensal)2017
Brasilia,01,2018,1. C.V.L.I. - CRIMES VIOLENTOS LETAIS INTENCIONAIS,OCORRENCIA,HOMICÍDIO,18,0,0,2,0,2,2,3,2,1,2,1,3,1_brasilia_comparativo-2_agregado.xls,PPV (mensal)2018
Brasilia,01,2018,1. C.V.L.I. - CRIMES VIOLENTOS LETAIS INTENCIONAIS,OCORRENCIA,LATROCÍNIO,1,0,0,1,0,0,0,0,0,0,0,0,0,1_brasilia_comparativo-2_agregado.xls,PPV (mensal)2018
Brasilia,01,2018,1. C.V.L.I. - CRIMES VIOLENTOS LETAIS INTENCIONAIS,OCORRENCIA,LESÃO CORPORAL SEG. DE MORTE,0,0,0,0,0,0,0,0,0,0,0,0,0,1_brasilia_comparativo-2_agregado.xls,PPV (mensal)2018
Brasilia,01,2018,2. C.C.P. -                                                      CRIMES CONTRA O PATRIMÔNIO,OCORRENCIA,FURTO EM VEÍCULO,3807,396,299,388,366,349,261,224,316,360,278,304,266,1_brasilia_comparativo-2_agregado.xls,PPV (mensal)2018
Brasilia,01,2018,2. C.C.P. -                                                      CRIMES CONTRA O PATRIMÔNIO,OCORRENCIA,ROUBO A TRANSEUNTE,3175,189,335,263,289,311,286,221,275,231,294,277,204,1_brasilia_comparativo-2_agregado.xls,PPV (mensal)2018
Brasilia,01,2018,2. C.C.P. -                                                      CRIMES CONTRA O PATRIMÔNIO,OCORRENCIA,ROUBO DE VEÍCULO,262,25,18,28,24,25,24,27,24,24,15,18,10,1_brasilia_comparativo-2_agregado.xls,PPV (mensal)2018
Brasilia,01,2018,2. C.C.P. -                                                      CRIMES CONTRA O PATRIMÔNIO,OCORRENCIA,ROUBO EM COLETIVO,87,1,12,12,4,3,11,5,11,6,10,7,5,1_brasilia_comparativo-2_agregado.xls,PPV (mensal)2018
Brasilia,01,2018,2. C.C.P. -                                                      CRIMES CONTRA O PATRIMÔNIO,OCORRENCIA,ROUBO EM COMÉRCIO *,70,13,7,8,4,5,7,3,5,4,5,4,5,1_brasilia_comparativo-2_agregado.xls,PPV (mensal)2018
Brasilia,01,2018,2. C.C.P. -                                                      CRIMES CONTRA O PATRIMÔNIO,OCORRENCIA,ROUBO EM RESIDÊNCIA,6,1,1,0,1,1,0,0,0,0,0,2,0,1_brasilia_comparativo-2_agregado.xls,PPV (mensal)2018
Brasilia,01,2018,3. OUTROS CRIMES,OCORRENCIA,ESTUPRO,43,3,3,2,2,6,4,2,6,1,5,4,5,1_brasilia_comparativo-2_agregado.xls,PPV (mensal)2018
Brasilia,01,2018,3. OUTROS CRIMES,OCORRENCIA,FURTO A TRANSEUNTE,871,77,111,64,54,91,64,70,55,58,85,83,59,1_brasilia_comparativo-2_agregado.xls,PPV (mensal)2018
Brasilia,01,2018,3. OUTROS CRIMES,OCORRENCIA,TENTATIVA DE HOMICÍDIO,24,0,3,1,1,5,2,2,1,4,4,1,0,1_brasilia_comparativo-2_agregado.xls,PPV (mensal)2018
Brasilia,01,2018,3. OUTROS CRIMES,OCORRENCIA,TENTATIVA DE LATROCÍNIO,7,2,1,0,0,1,1,0,1,0,1,0,0,1_brasilia_comparativo-2_agregado.xls,PPV (mensal)2018
Brasilia,01,2018,4. PRODUTIVIDADE POLICIAL,OCORRENCIA,LOCALIZAÇÃO DE VEICULO FURTADO OU ROUBADO,375,26,21,38,35,37,34,28,31,34,37,30,24,1_brasilia_comparativo-2_agregado.xls,PPV (mensal)2018
Brasilia,01,2018,4. PRODUTIVIDADE POLICIAL,OCORRENCIA,POSSE/PORTE DE ARMA,37,6,6,2,1,4,1,2,4,3,3,4,1,1_brasilia_comparativo-2_agregado.xls,PPV (mensal)2018
Brasilia,01,2018,4. PRODUTIVIDADE POLICIAL,OCORRENCIA,TRÁFICO DE DROGAS,394,29,30,27,30,30,35,39,37,31,31,39,36,1_brasilia_comparativo-2_agregado.xls,PPV (mensal)2018
Brasilia,01,2018,4. PRODUTIVIDADE POLICIAL,OCORRENCIA,USO E PORTE DE DROGAS,864,63,98,70,93,78,74,57,70,73,72,65,51,1_brasilia_comparativo-2_agregado.xls,PPV (mensal)2018
Brasilia,01,2026,1. C.V.L.I. - CRIMES VIOLENTOS LETAIS INTENCIONAIS,OCORRENCIA,HOMICÍDIO,4,1,0,0,0,1,2,0,0,0,0,0,0,01_BRASILIA (4)_2026.xlsx,mensal
Brasilia,01,2026,1. C.V.L.I. - CRIMES VIOLENTOS LETAIS INTENCIONAIS,OCORRENCIA,LATROCÍNIO,0,0,0,0,0,0,0,0,0,0,0,0,0,01_BRASILIA (4)_2026.xlsx,mensal
Brasilia,01,2026,1. C.V.L.I. - CRIMES VIOLENTOS LETAIS INTENCIONAIS,OCORRENCIA,LESÃO CORPORAL SEG. DE MORTE,1,0,0,0,0,1,0,0,0,0,0,0,0,01_BRASILIA (4)_2026.xlsx,mensal
Brasilia,01,2026,2. C.C.P. -                                                      CRIMES CONTRA O PATRIMÔNIO,OCORRENCIA,FURTO EM VEÍCULO,1577,202,159,161,213,216,202,200,224,0,0,0,0,01_BRASILIA (4)_2026.xlsx,mensal
Brasilia,01,2026,2. C.C.P. -                                                      CRIMES CONTRA O PATRIMÔNIO,OCORRENCIA,ROUBO A TRANSEUNTE,483,59,69,62,67,73,49,57,47,0,0,0,0,01_BRASILIA (4)_2026.xlsx,mensal
Brasilia,01,2026,2. C.C.P. -                                                      CRIMES CONTRA O PATRIMÔNIO,OCORRENCIA,ROUBO DE VEÍCULO,5,1,2,1,0,1,0,0,0,0,0,0,0,01_BRASILIA (4)_2026.xlsx,mensal
Brasilia,01,2026,2. C.C.P. -                                                      CRIMES CONTRA O PATRIMÔNIO,OCORRENCIA,ROUBO EM COLETIVO,6,0,0,1,0,2,0,1,2,0,0,0,0,01_BRASILIA (4)_2026.xlsx,mensal
Brasilia,01,2026,2. C.C.P. -                                                      CRIMES CONTRA O PATRIMÔNIO,OCORRENCIA,ROUBO EM COMÉRCIO *,10,3,3,0,0,2,0,0,2,0,0,0,0,01_BRASILIA (4)_2026.xlsx,mensal
Brasilia,01,2026,2. C.C.P. -                                                      CRIMES CONTRA O PATRIMÔNIO,OCORRENCIA,ROUBO EM RESIDÊNCIA,4,2,0,0,0,1,0,0,1,0,0,0,0,01_BRASILIA (4)_2026.xlsx,mensal
Brasilia,01,2026,3. OUTROS CRIMES,OCORRENCIA,ESTUPRO,18,2,2,1,1,1,5,3,3,0,0,0,0,01_BRASILIA (4)_2026.xlsx,mensal
Brasilia,01,2026,3. OUTROS CRIMES,OCORRENCIA,ESTUPRO DE VULNERÁVEL,15,1,4,3,2,1,1,1,2,0,0,0,0,01_BRASILIA (4)_2026.xlsx,mensal
Brasilia,01,2026,3. OUTROS CRIMES,OCORRENCIA,TENTATIVA DE HOMICÍDIO,23,1,3,4,4,3,2,3,3,0,0,0,0,01_BRASILIA (4)_2026.xlsx,mensal
Brasilia,01,2026,3. OUTROS CRIMES,OCORRENCIA,TENTATIVA DE LATROCÍNIO,2,0,2,0,0,0,0,0,0,0,0,0,0,01_BRASILIA (4)_2026.xlsx,mensal
Brasilia,01,2026,4. PRODUTIVIDADE POLICIAL,OCORRENCIA,LOCALIZAÇÃO DE VEICULO FURTADO OU ROUBADO,93,18,16,6,16,4,10,10,13,0,0,0,0,01_BRASILIA (4)_2026.xlsx,mensal
Brasilia,01,2026,4. PRODUTIVIDADE POLICIAL,OCORRENCIA,POSSE/PORTE DE ARMA,13,1,3,1,1,0,1,2,4,0,0,0,0,01_BRASILIA (4)_2026.xlsx,mensal
Brasilia,01,2026,4. PRODUTIVIDADE POLICIAL,OCORRENCIA,TRÁFICO DE DROGAS,177,11,18,21,22,21,22,33,29,0,0,0,0,01_BRASILIA (4)_2026.xlsx,mensal
Brasilia,01,2026,4. PRODUTIVIDADE POLICIAL,OCORRENCIA,USO E PORTE DE DROGAS,135,8,13,18,31,20,15,17,13,0,0,0,0,01_BRASILIA (4)_2026.xlsx,mensal
Brazlândia,04,2014,1. C.V.L.I. - CRIMES VIOLENTOS LETAIS INTENCIONAIS,OCORRENCIA,HOMICÍDIO,11,1,1,2,1,1,1,0,0,1,0,3,0,4_brazlandia_1-3-1_agregado.xls,PPV (mensal)2014
Brazlândia,04,2014,1. C.V.L.I. - CRIMES VIOLENTOS LETAIS INTENCIONAIS,OCORRENCIA,LATROCÍNIO,0,0,0,0,0,0,0,0,0,0,0,0,0,4_brazlandia_1-3-1_agregado.xls,PPV (mensal)2014
Brazlândia,04,2014,1. C.V.L.I. - CRIMES VIOLENTOS LETAIS INTENCIONAIS,OCORRENCIA,LESÃO CORPORAL SEG. DE MORTE,0,0,0,0,0,0,0,0,0,0,0,0,0,4_brazlandia_1-3-1_agregado.xls,PPV (mensal)2014
Brazlândia,04,2014,2. C.C.P. -                                                      CRIMES CONTRA O PATRIMÔNIO,OCORRENCIA,FURTO EM VEÍCULO,118,8,12,15,10,8,9,7,5,10,10,18,6,4_brazlandia_1-3-1_agregado.xls,PPV (mensal)2014
Brazlândia,04,2014,2. C.C.P. -                                                      CRIMES CONTRA O PATRIMÔNIO,OCORRENCIA,ROUBO A TRANSEUNTE,268,22,22,19,18,28,26,29,13,21,28,19,23,4_brazlandia_1-3-1_agregado.xls,PPV (mensal)2014
Brazlândia,04,2014,2. C.C.P. -                                                      CRIMES CONTRA O PATRIMÔNIO,OCORRENCIA,ROUBO DE VEÍCULO,94,13,11,14,7,5,7,9,7,2,8,4,7,4_brazlandia_1-3-1_agregado.xls,PPV (mensal)2014
Brazlândia,04,2014,2. C.C.P. -                                                      CRIMES CONTRA O PATRIMÔNIO,OCORRENCIA,ROUBO EM COLETIVO,15,8,0,2,1,0,0,1,0,1,1,1,0,4_brazlandia_1-3-1_agregado.xls,PPV (mensal)2014
Brazlândia,04,2014,2. C.C.P. -                                                      CRIMES CONTRA O PATRIMÔNIO,OCORRENCIA,ROUBO EM COMÉRCIO *,45,4,9,4,2,7,3,4,2,1,4,3,2,4_brazlandia_1-3-1_agregado.xls,PPV (mensal)2014
Brazlândia,04,2014,3. OUTROS CRIMES,OCORRENCIA,ESTUPRO,14,1,0,3,1,2,1,1,3,1,1,0,0,4_brazlandia_1-3-1_agregado.xls,PPV (mensal)2014
Brazlândia,04,2014,3. OUTROS CRIMES,OCORRENCIA,FURTO A TRANSEUNTE,26,1,2,5,1,4,3,0,3,2,2,2,1,4_brazlandia_1-3-1_agregado.xls,PPV (mensal)2014
Brazlândia,04,2014,3. OUTROS CRIMES,OCORRENCIA,ROUBO EM RESIDÊNCIA,15,0,1,1,0,3,3,0,1,0,1,0,5,4_brazlandia_1-3-1_agregado.xls,PPV (mensal)2014
Brazlândia,04,2014,3. OUTROS CRIMES,OCORRENCIA,TENTATIVA DE HOMICÍDIO,24,3,2,5,4,0,2,2,1,0,3,0,2,4_brazlandia_1-3-1_agregado.xls,PPV (mensal)2014
Brazlândia,04,2014,4. PRODUTIVIDADE POLICIAL,OCORRENCIA,LOCALIZAÇÃO DE VEICULO FURTADO OU ROUBADO,177,15,20,20,17,11,12,17,17,10,16,11,11,4_brazlandia_1-3-1_agregado.xls,PPV (mensal)2014
Brazlândia,04,2014,4. PRODUTIVIDADE POLICIAL,OCORRENCIA,POSSE/PORTE DE ARMA,30,2,2,6,4,3,2,3,0,3,2,1,2,4_brazlandia_1-3-1_agregado.xls,PPV (mensal)2014
Brazlândia,04,2014,4. PRODUTIVIDADE POLICIAL,OCORRENCIA,TRÁFICO DE DROGAS,60,3,2,8,8,12,3,4,3,6,5,4,2,4_brazlandia_1-3-1_agregado.xls,PPV (mensal)2014
Brazlândia,04,2014,4. PRODUTIVIDADE POLICIAL,OCORRENCIA,USO E PORTE DE DROGAS,163,6,8,23,22,12,12,16,14,14,16,8,12,4_brazlandia_1-3-1_agregado.xls,PPV (mensal)2014
Brazlândia,04,2015,1. C.V.L.I. - CRIMES VIOLENTOS LETAIS INTENCIONAIS,OCORRENCIA,HOMICÍDIO,21,1,0,1,1,5,1,2,0,2,4,3,1,4_brazlandia_1-3-1_agregado.xls,PPV (mensal)2015
Brazlândia,04,2015,1. C.V.L.I. - CRIMES VIOLENTOS LETAIS INTENCIONAIS,OCORRENCIA,LATROCÍNIO,0,0,0,0,0,0,0,0,0,0,0,0,0,4_brazlandia_1-3-1_agregado.xls,PPV (mensal)2015
Brazlândia,04,2015,1. C.V.L.I. - CRIMES VIOLENTOS LETAIS INTENCIONAIS,OCORRENCIA,LESÃO CORPORAL SEG. DE MORTE,0,0,0,0,0,0,0,0,0,0,0,0,0,4_brazlandia_1-3-1_agregado.xls,PPV (mensal)2015
Brazlândia,04,2015,2. C.C.P. -                                                      CRIMES CONTRA O PATRIMÔNIO,OCORRENCIA,FURTO EM VEÍCULO,96,9,10,16,11,8,2,8,8,3,11,2,8,4_brazlandia_1-3-1_agregado.xls,PPV (mensal)2015
Brazlândia,04,2015,2. C.C.P. -                                                      CRIMES CONTRA O PATRIMÔNIO,OCORRENCIA,ROUBO A TRANSEUNTE,369,21,13,43,29,36,30,30,32,27,37,23,48,4_brazlandia_1-3-1_agregado.xls,PPV (mensal)2015
Brazlândia,04,2015,2. C.C.P. -                                                      CRIMES CONTRA O PATRIMÔNIO,OCORRENCIA,ROUBO DE VEÍCULO,85,8,9,4,5,8,6,14,6,2,9,7,7,4_brazlandia_1-3-1_agregado.xls,PPV (mensal)2015
Brazlândia,04,2015,2. C.C.P. -                                                      CRIMES CONTRA O PATRIMÔNIO,OCORRENCIA,ROUBO EM COLETIVO,15,1,2,1,0,1,4,1,1,0,1,2,1,4_brazlandia_1-3-1_agregado.xls,PPV (mensal)2015
Brazlândia,04,2015,2. C.C.P. -                                                      CRIMES CONTRA O PATRIMÔNIO,OCORRENCIA,ROUBO EM COMÉRCIO *,57,2,6,10,5,3,3,8,4,5,1,7,3,4_brazlandia_1-3-1_agregado.xls,PPV (mensal)2015
Brazlândia,04,2015,3. OUTROS CRIMES,OCORRENCIA,ESTUPRO,12,1,0,2,0,0,2,2,2,2,0,0,1,4_brazlandia_1-3-1_agregado.xls,PPV (mensal)2015
Brazlândia,04,2015,3. OUTROS CRIMES,OCORRENCIA,FURTO A TRANSEUNTE,23,3,2,3,2,1,5,3,1,0,0,1,2,4_brazlandia_1-3-1_agregado.xls,PPV (mensal)2015
Brazlândia,04,2015,3. OUTROS CRIMES,OCORRENCIA,ROUBO EM RESIDÊNCIA,46,2,4,3,1,3,2,12,4,0,5,6,4,4_brazlandia_1-3-1_agregado.xls,PPV (mensal)2015
Brazlândia,04,2015,3. OUTROS CRIMES,OCORRENCIA,TENTATIVA DE HOMICÍDIO,25,3,0,0,1,4,4,1,1,5,3,1,2,4_brazlandia_1-3-1_agregado.xls,PPV (mensal)2015
Brazlândia,04,2015,4. PRODUTIVIDADE POLICIAL,OCORRENCIA,LOCALIZAÇÃO DE VEICULO FURTADO OU ROUBADO,168,19,14,7,12,16,14,19,16,5,22,19,5,4_brazlandia_1-3-1_agregado.xls,PPV (mensal)2015
Brazlândia,04,2015,4. PRODUTIVIDADE POLICIAL,OCORRENCIA,POSSE/PORTE DE ARMA,28,2,0,2,3,1,4,1,4,2,2,2,5,4_brazlandia_1-3-1_agregado.xls,PPV (mensal)2015
Brazlândia,04,2015,4. PRODUTIVIDADE POLICIAL,OCORRENCIA,TRÁFICO DE DROGAS,50,7,3,7,5,4,5,8,3,1,3,0,4,4_brazlandia_1-3-1_agregado.xls,PPV (mensal)2015
Brazlândia,04,2015,4. PRODUTIVIDADE POLICIAL,OCORRENCIA,USO E PORTE DE DROGAS,188,22,19,16,23,16,31,19,17,3,10,6,6,4_brazlandia_1-3-1_agregado.xls,PPV (mensal)2015
Brazlândia,04,2016,1. C.V.L.I. - CRIMES VIOLENTOS LETAIS INTENCIONAIS,OCORRENCIA,HOMICÍDIO,19,1,1,3,2,1,1,0,2,3,1,3,1,4_brazlandia_1-3-1_agregado.xls,PPV (mensal)2016
Brazlândia,04,2016,1. C.V.L.I. - CRIMES VIOLENTOS LETAIS INTENCIONAIS,OCORRENCIA,LATROCÍNIO,1,0,0,0,0,0,0,0,1,0,0,0,0,4_brazlandia_1-3-1_agregado.xls,PPV (mensal)2016
Brazlândia,04,2016,1. C.V.L.I. - CRIMES VIOLENTOS LETAIS INTENCIONAIS,OCORRENCIA,LESÃO CORPORAL SEG. DE MORTE,0,0,0,0,0,0,0,0,0,0,0,0,0,4_brazlandia_1-3-1_agregado.xls,PPV (mensal)2016
Brazlândia,04,2016,2. C.C.P. -                                                      CRIMES CONTRA O PATRIMÔNIO,OCORRENCIA,FURTO EM VEÍCULO,101,5,7,12,12,7,6,9,7,5,13,11,7,4_brazlandia_1-3-1_agregado.xls,PPV (mensal)2016
Brazlândia,04,2016,2. C.C.P. -                                                      CRIMES CONTRA O PATRIMÔNIO,OCORRENCIA,ROUBO A TRANSEUNTE,460,23,32,43,45,28,21,53,37,63,39,38,38,4_brazlandia_1-3-1_agregado.xls,PPV (mensal)2016
Brazlândia,04,2016,2. C.C.P. -                                                      CRIMES CONTRA O PATRIMÔNIO,OCORRENCIA,ROUBO DE VEÍCULO,71,9,3,5,8,2,6,5,6,4,8,8,7,4_brazlandia_1-3-1_agregado.xls,PPV (mensal)2016
Brazlândia,04,2016,2. C.C.P. -                                                      CRIMES CONTRA O PATRIMÔNIO,OCORRENCIA,ROUBO EM COLETIVO,6,0,0,0,0,1,1,0,0,1,1,2,0,4_brazlandia_1-3-1_agregado.xls,PPV (mensal)2016
Brazlândia,04,2016,2. C.C.P. -                                                      CRIMES CONTRA O PATRIMÔNIO,OCORRENCIA,ROUBO EM COMÉRCIO *,37,5,4,4,0,1,2,0,3,2,3,8,5,4_brazlandia_1-3-1_agregado.xls,PPV (mensal)2016
Brazlândia,04,2016,2. C.C.P. -                                                      CRIMES CONTRA O PATRIMÔNIO,OCORRENCIA,ROUBO EM RESIDÊNCIA,26,2,3,1,1,1,2,1,3,3,3,3,3,4_brazlandia_1-3-1_agregado.xls,PPV (mensal)2016
Brazlândia,04,2016,3. OUTROS CRIMES,OCORRENCIA,ESTUPRO,22,2,2,1,1,2,3,6,0,2,1,2,0,4_brazlandia_1-3-1_agregado.xls,PPV (mensal)2016
Brazlândia,04,2016,3. OUTROS CRIMES,OCORRENCIA,FURTO A TRANSEUNTE,34,1,5,3,1,4,3,3,6,2,2,3,1,4_brazlandia_1-3-1_agregado.xls,PPV (mensal)2016
Brazlândia,04,2016,3. OUTROS CRIMES,OCORRENCIA,TENTATIVA DE HOMICÍDIO,17,2,2,1,1,3,0,0,2,1,2,2,1,4_brazlandia_1-3-1_agregado.xls,PPV (mensal)2016
Brazlândia,04,2016,3. OUTROS CRIMES,OCORRENCIA,TENTATIVA DE LATROCÍNIO,4,0,0,1,2,0,0,0,0,0,0,1,0,4_brazlandia_1-3-1_agregado.xls,PPV (mensal)2016
Brazlândia,04,2016,4. PRODUTIVIDADE POLICIAL,OCORRENCIA,LOCALIZAÇÃO DE VEICULO FURTADO OU ROUBADO,126,10,11,7,17,14,13,12,8,10,7,9,8,4_brazlandia_1-3-1_agregado.xls,PPV (mensal)2016
Brazlândia,04,2016,4. PRODUTIVIDADE POLICIAL,OCORRENCIA,POSSE/PORTE DE ARMA,39,3,2,3,1,3,3,6,1,3,9,5,0,4_brazlandia_1-3-1_agregado.xls,PPV (mensal)2016
Brazlândia,04,2016,4. PRODUTIVIDADE POLICIAL,OCORRENCIA,TRÁFICO DE DROGAS,63,2,2,6,6,10,11,6,1,7,5,4,3,4_brazlandia_1-3-1_agregado.xls,PPV (mensal)2016
Brazlândia,04,2016,4. PRODUTIVIDADE POLICIAL,OCORRENCIA,USO E PORTE DE DROGAS,211,6,12,24,34,29,33,19,4,12,14,13,11,4_brazlandia_1-3-1_agregado.xls,PPV (mensal)2016
Brazlândia,04,2017,1. C.V.L.I. - CRIMES VIOLENTOS LETAIS INTENCIONAIS,OCORRENCIA,HOMICÍDIO,11,2,2,0,2,0,0,0,2,0,1,0,2,4_brazlandia_1-3-1_agregado.xls,PPV (mensal)2017
Brazlândia,04,2017,1. C.V.L.I. - CRIMES VIOLENTOS LETAIS INTENCIONAIS,OCORRENCIA,LATROCÍNIO,3,1,0,0,0,1,1,0,0,0,0,0,0,4_brazlandia_1-3-1_agregado.xls,PPV (mensal)2017
Brazlândia,04,2017,1. C.V.L.I. - CRIMES VIOLENTOS LETAIS INTENCIONAIS,OCORRENCIA,LESÃO CORPORAL SEG. DE MORTE,1,0,0,0,0,0,0,0,0,0,0,1,0,4_brazlandia_1-3-1_agregado.xls,PPV (mensal)2017
Brazlândia,04,2017,2. C.C.P. -                                                      CRIMES CONTRA O PATRIMÔNIO,OCORRENCIA,FURTO EM VEÍCULO,116,9,16,9,11,8,15,12,3,10,9,10,4,4_brazlandia_1-3-1_agregado.xls,PPV (mensal)2017
Brazlândia,04,2017,2. C.C.P. -                                                      CRIMES CONTRA O PATRIMÔNIO,OCORRENCIA,ROUBO A TRANSEUNTE,484,26,65,53,36,38,57,32,41,30,25,44,37,4_brazlandia_1-3-1_agregado.xls,PPV (mensal)2017
Brazlândia,04,2017,2. C.C.P. -                                                      CRIMES CONTRA O PATRIMÔNIO,OCORRENCIA,ROUBO DE VEÍCULO,81,4,8,6,6,10,6,5,4,8,11,7,6,4_brazlandia_1-3-1_agregado.xls,PPV (mensal)2017
Brazlândia,04,2017,2. C.C.P. -                                                      CRIMES CONTRA O PATRIMÔNIO,OCORRENCIA,ROUBO EM COLETIVO,24,2,2,4,5,0,4,1,0,2,0,3,1,4_brazlandia_1-3-1_agregado.xls,PPV (mensal)2017
Brazlândia,04,2017,2. C.C.P. -                                                      CRIMES CONTRA O PATRIMÔNIO,OCORRENCIA,ROUBO EM COMÉRCIO *,49,3,3,10,4,4,3,2,8,2,2,5,3,4_brazlandia_1-3-1_agregado.xls,PPV (mensal)2017
Brazlândia,04,2017,2. C.C.P. -                                                      CRIMES CONTRA O PATRIMÔNIO,OCORRENCIA,ROUBO EM RESIDÊNCIA,40,3,1,6,6,3,8,4,1,0,5,1,2,4_brazlandia_1-3-1_agregado.xls,PPV (mensal)2017
Brazlândia,04,2017,3. OUTROS CRIMES,OCORRENCIA,ESTUPRO,14,0,3,0,5,0,0,1,0,1,0,2,2,4_brazlandia_1-3-1_agregado.xls,PPV (mensal)2017
Brazlândia,04,2017,3. OUTROS CRIMES,OCORRENCIA,FURTO A TRANSEUNTE,32,2,2,6,4,4,3,2,1,1,3,1,3,4_brazlandia_1-3-1_agregado.xls,PPV (mensal)2017
Brazlândia,04,2017,3. OUTROS CRIMES,OCORRENCIA,TENTATIVA DE HOMICÍDIO,20,3,5,1,2,2,1,2,2,0,0,1,1,4_brazlandia_1-3-1_agregado.xls,PPV (mensal)2017
Brazlândia,04,2017,3. OUTROS CRIMES,OCORRENCIA,TENTATIVA DE LATROCÍNIO,5,0,1,0,1,0,1,0,1,1,0,0,0,4_brazlandia_1-3-1_agregado.xls,PPV (mensal)2017
Brazlândia,04,2017,4. PRODUTIVIDADE POLICIAL,OCORRENCIA,LOCALIZAÇÃO DE VEICULO FURTADO OU ROUBADO,115,9,5,7,17,8,7,13,6,13,5,13,12,4_brazlandia_1-3-1_agregado.xls,PPV (mensal)2017
Brazlândia,04,2017,4. PRODUTIVIDADE POLICIAL,OCORRENCIA,POSSE/PORTE DE ARMA,33,3,1,5,2,2,6,2,2,0,3,2,5,4_brazlandia_1-3-1_agregado.xls,PPV (mensal)2017
Brazlândia,04,2017,4. PRODUTIVIDADE POLICIAL,OCORRENCIA,TRÁFICO DE DROGAS,42,5,4,6,3,3,5,2,4,3,0,4,3,4_brazlandia_1-3-1_agregado.xls,PPV (mensal)2017
Brazlândia,04,2017,4. PRODUTIVIDADE POLICIAL,OCORRENCIA,USO E PORTE DE DROGAS,138,5,11,10,15,15,11,14,12,9,11,12,13,4_brazlandia_1-3-1_agregado.xls,PPV (mensal)2017
Brazlândia,04,2018,1. C.V.L.I. - CRIMES VIOLENTOS LETAIS INTENCIONAIS,OCORRENCIA,HOMICÍDIO,21,1,1,3,1,0,5,0,1,1,3,3,2,4_brazlandia_1-3-1_agregado.xls,PPV (mensal)2018
Brazlândia,04,2018,1. C.V.L.I. - CRIMES VIOLENTOS LETAIS INTENCIONAIS,OCORRENCIA,LATROCÍNIO,1,0,0,0,0,0,0,0,0,1,0,0,0,4_brazlandia_1-3-1_agregado.xls,PPV (mensal)2018
Brazlândia,04,2018,1. C.V.L.I. - CRIMES VIOLENTOS LETAIS INTENCIONAIS,OCORRENCIA,LESÃO CORPORAL SEG. DE MORTE,2,1,0,0,0,0,0,0,1,0,0,0,0,4_brazlandia_1-3-1_agregado.xls,PPV (mensal)2018
Brazlândia,04,2018,2. C.C.P. -                                                      CRIMES CONTRA O PATRIMÔNIO,OCORRENCIA,FURTO EM VEÍCULO,100,10,5,8,3,8,10,16,12,10,7,8,3,4_brazlandia_1-3-1_agregado.xls,PPV (mensal)2018
Brazlândia,04,2018,2. C.C.P. -                                                      CRIMES CONTRA O PATRIMÔNIO,OCORRENCIA,ROUBO A TRANSEUNTE,326,25,18,42,35,26,30,27,33,26,19,24,21,4_brazlandia_1-3-1_agregado.xls,PPV (mensal)2018
Brazlândia,04,2018,2. C.C.P. -                                                      CRIMES CONTRA O PATRIMÔNIO,OCORRENCIA,ROUBO DE VEÍCULO,73,4,5,6,13,8,5,6,4,8,4,6,4,4_brazlandia_1-3-1_agregado.xls,PPV (mensal)2018
Brazlândia,04,2018,2. C.C.P. -                                                      CRIMES CONTRA O PATRIMÔNIO,OCORRENCIA,ROUBO EM COLETIVO,5,0,1,0,2,0,0,1,0,0,0,0,1,4_brazlandia_1-3-1_agregado.xls,PPV (mensal)2018
Brazlândia,04,2018,2. C.C.P. -                                                      CRIMES CONTRA O PATRIMÔNIO,OCORRENCIA,ROUBO EM COMÉRCIO *,26,2,5,2,5,0,3,3,4,1,0,0,1,4_brazlandia_1-3-1_agregado.xls,PPV (mensal)2018
Brazlândia,04,2018,2. C.C.P. -                                                      CRIMES CONTRA O PATRIMÔNIO,OCORRENCIA,ROUBO EM RESIDÊNCIA,30,3,1,4,5,3,2,2,4,1,2,0,3,4_brazlandia_1-3-1_agregado.xls,PPV (mensal)2018
Brazlândia,04,2018,3. OUTROS CRIMES,OCORRENCIA,ESTUPRO,39,2,4,4,2,1,4,1,3,4,5,8,1,4_brazlandia_1-3-1_agregado.xls,PPV (mensal)2018
Brazlândia,04,2018,3. OUTROS CRIMES,OCORRENCIA,FURTO A TRANSEUNTE,21,0,5,4,0,0,2,2,2,1,2,3,0,4_brazlandia_1-3-1_agregado.xls,PPV (mensal)2018
Brazlândia,04,2018,3. OUTROS CRIMES,OCORRENCIA,TENTATIVA DE HOMICÍDIO,14,0,0,2,1,0,1,0,2,2,4,1,1,4_brazlandia_1-3-1_agregado.xls,PPV (mensal)2018
Brazlândia,04,2018,3. OUTROS CRIMES,OCORRENCIA,TENTATIVA DE LATROCÍNIO,3,0,0,1,0,2,0,0,0,0,0,0,0,4_brazlandia_1-3-1_agregado.xls,PPV (mensal)2018
Brazlândia,04,2018,4. PRODUTIVIDADE POLICIAL,OCORRENCIA,LOCALIZAÇÃO DE VEICULO FURTADO OU ROUBADO,82,8,5,6,12,4,8,10,4,8,5,9,3,4_brazlandia_1-3-1_agregado.xls,PPV (mensal)2018
Brazlândia,04,2018,4. PRODUTIVIDADE POLICIAL,OCORRENCIA,POSSE/PORTE DE ARMA,29,3,1,3,4,2,4,1,3,2,1,2,3,4_brazlandia_1-3-1_agregado.xls,PPV (mensal)2018
Brazlândia,04,2018,4. PRODUTIVIDADE POLICIAL,OCORRENCIA,TRÁFICO DE DROGAS,47,3,7,3,5,3,3,3,5,4,4,4,3,4_brazlandia_1-3-1_agregado.xls,PPV (mensal)2018
Brazlândia,04,2018,4. PRODUTIVIDADE POLICIAL,OCORRENCIA,USO E PORTE DE DROGAS,85,9,5,9,5,7,4,12,7,8,4,3,12,4_brazlandia_1-3-1_agregado.xls,PPV (mensal)2018
Brazlândia,04,2026,1. C.V.L.I. - CRIMES VIOLENTOS LETAIS INTENCIONAIS,OCORRENCIA,HOMICÍDIO,3,0,0,1,0,0,1,0,1,0,0,0,0,04_BRAZLANDIA (4)_2026.xlsx,mensal
Brazlândia,04,2026,1. C.V.L.I. - CRIMES VIOLENTOS LETAIS INTENCIONAIS,OCORRENCIA,LATROCÍNIO,0,0,0,0,0,0,0,0,0,0,0,0,0,04_BRAZLANDIA (4)_2026.xlsx,mensal
Brazlândia,04,2026,1. C.V.L.I. - CRIMES VIOLENTOS LETAIS INTENCIONAIS,OCORRENCIA,LESÃO CORPORAL SEG. DE MORTE,0,0,0,0,0,0,0,0,0,0,0,0,0,04_BRAZLANDIA (4)_2026.xlsx,mensal
Brazlândia,04,2026,2. C.C.P. -                                                      CRIMES CONTRA O PATRIMÔNIO,OCORRENCIA,FURTO EM VEÍCULO,8,2,2,2,1,0,1,0,0,0,0,0,0,04_BRAZLANDIA (4)_2026.xlsx,mensal
Brazlândia,04,2026,2. C.C.P. -                                                      CRIMES CONTRA O PATRIMÔNIO,OCORRENCIA,ROUBO A TRANSEUNTE,45,8,4,7,5,6,5,4,6,0,0,0,0,04_BRAZLANDIA (4)_2026.xlsx,mensal
Brazlândia,04,2026,2. C.C.P. -                                                      CRIMES CONTRA O PATRIMÔNIO,OCORRENCIA,ROUBO DE VEÍCULO,2,0,1,0,0,1,0,0,0,0,0,0,0,04_BRAZLANDIA (4)_2026.xlsx,mensal
Brazlândia,04,2026,2. C.C.P. -                                                      CRIMES CONTRA O PATRIMÔNIO,OCORRENCIA,ROUBO EM COLETIVO,0,0,0,0,0,0,0,0,0,0,0,0,0,04_BRAZLANDIA (4)_2026.xlsx,mensal
Brazlândia,04,2026,2. C.C.P. -                                                      CRIMES CONTRA O PATRIMÔNIO,OCORRENCIA,ROUBO EM COMÉRCIO *,2,2,0,0,0,0,0,0,0,0,0,0,0,04_BRAZLANDIA (4)_2026.xlsx,mensal
Brazlândia,04,2026,2. C.C.P. -                                                      CRIMES CONTRA O PATRIMÔNIO,OCORRENCIA,ROUBO EM RESIDÊNCIA,0,0,0,0,0,0,0,0,0,0,0,0,0,04_BRAZLANDIA (4)_2026.xlsx,mensal
Brazlândia,04,2026,3. OUTROS CRIMES,OCORRENCIA,ESTUPRO,6,0,2,1,1,1,0,0,1,0,0,0,0,04_BRAZLANDIA (4)_2026.xlsx,mensal
Brazlândia,04,2026,3. OUTROS CRIMES,OCORRENCIA,ESTUPRO DE VULNERÁVEL,10,1,1,2,1,3,0,0,2,0,0,0,0,04_BRAZLANDIA (4)_2026.xlsx,mensal
Brazlândia,04,2026,3. OUTROS CRIMES,OCORRENCIA,TENTATIVA DE HOMICÍDIO,16,3,2,0,3,4,2,0,2,0,0,0,0,04_BRAZLANDIA (4)_2026.xlsx,mensal
Brazlândia,04,2026,3. OUTROS CRIMES,OCORRENCIA,TENTATIVA DE LATROCÍNIO,0,0,0,0,0,0,0,0,0,0,0,0,0,04_BRAZLANDIA (4)_2026.xlsx,mensal
Brazlândia,04,2026,4. PRODUTIVIDADE POLICIAL,OCORRENCIA,LOCALIZAÇÃO DE VEICULO FURTADO OU ROUBADO,17,5,4,0,3,3,2,0,0,0,0,0,0,04_BRAZLANDIA (4)_2026.xlsx,mensal
Brazlândia,04,2026,4. PRODUTIVIDADE POLICIAL,OCORRENCIA,POSSE/PORTE DE ARMA,19,2,1,4,4,3,2,2,1,0,0,0,0,04_BRAZLANDIA (4)_2026.xlsx,mensal
Brazlândia,04,2026,4. PRODUTIVIDADE POLICIAL,OCORRENCIA,TRÁFICO DE DROGAS,74,10,7,9,13,7,7,13,8,0,0,0,0,04_BRAZLANDIA (4)_2026.xlsx,mensal
Brazlândia,04,2026,4. PRODUTIVIDADE POLICIAL,OCORRENCIA,USO E PORTE DE DROGAS,52,8,6,3,9,5,6,10,5,0,0,0,0,04_BRAZLANDIA (4)_2026.xlsx,mensal
Candangolândia,19,2014,1. C.V.L.I. - CRIMES VIOLENTOS LETAIS INTENCIONAIS,OCORRENCIA,HOMICÍDIO,8,1,0,0,0,1,0,0,0,1,2,1,2,19_candangolandia_1-3-2_agregado.xls,PPV (mensal)2014
Candangolândia,19,2014,1. C.V.L.I. - CRIMES VIOLENTOS LETAIS INTENCIONAIS,OCORRENCIA,LATROCÍNIO,0,0,0,0,0,0,0,0,0,0,0,0,0,19_candangolandia_1-3-2_agregado.xls,PPV (mensal)2014
Candangolândia,19,2014,1. C.V.L.I. - CRIMES VIOLENTOS LETAIS INTENCIONAIS,OCORRENCIA,LESÃO CORPORAL SEG. DE MORTE,0,0,0,0,0,0,0,0,0,0,0,0,0,19_candangolandia_1-3-2_agregado.xls,PPV (mensal)2014
Candangolândia,19,2014,2. C.C.P. -                                                      CRIMES CONTRA O PATRIMÔNIO,OCORRENCIA,FURTO EM VEÍCULO,35,1,3,1,6,5,2,2,2,4,5,2,2,19_candangolandia_1-3-2_agregado.xls,PPV (mensal)2014
Candangolândia,19,2014,2. C.C.P. -                                                      CRIMES CONTRA O PATRIMÔNIO,OCORRENCIA,ROUBO A TRANSEUNTE,83,7,8,6,9,5,3,4,8,11,11,4,7,19_candangolandia_1-3-2_agregado.xls,PPV (mensal)2014
Candangolândia,19,2014,2. C.C.P. -                                                      CRIMES CONTRA O PATRIMÔNIO,OCORRENCIA,ROUBO DE VEÍCULO,19,1,4,3,0,2,0,0,1,4,1,0,3,19_candangolandia_1-3-2_agregado.xls,PPV (mensal)2014
Candangolândia,19,2014,2. C.C.P. -                                                      CRIMES CONTRA O PATRIMÔNIO,OCORRENCIA,ROUBO EM COLETIVO,5,1,0,2,0,0,1,0,0,0,0,0,1,19_candangolandia_1-3-2_agregado.xls,PPV (mensal)2014
Candangolândia,19,2014,2. C.C.P. -                                                      CRIMES CONTRA O PATRIMÔNIO,OCORRENCIA,ROUBO EM COMÉRCIO *,35,6,4,4,6,2,2,0,2,5,4,0,0,19_candangolandia_1-3-2_agregado.xls,PPV (mensal)2014
Candangolândia,19,2014,3. OUTROS CRIMES,OCORRENCIA,ESTUPRO,5,0,2,1,1,0,0,0,0,0,1,0,0,19_candangolandia_1-3-2_agregado.xls,PPV (mensal)2014
Candangolândia,19,2014,3. OUTROS CRIMES,OCORRENCIA,FURTO A TRANSEUNTE,8,0,1,0,0,1,0,2,0,2,0,0,2,19_candangolandia_1-3-2_agregado.xls,PPV (mensal)2014
Candangolândia,19,2014,3. OUTROS CRIMES,OCORRENCIA,ROUBO EM RESIDÊNCIA,2,1,0,1,0,0,0,0,0,0,0,0,0,19_candangolandia_1-3-2_agregado.xls,PPV (mensal)2014
Candangolândia,19,2014,3. OUTROS CRIMES,OCORRENCIA,TENTATIVA DE HOMICÍDIO,2,0,0,0,0,0,0,0,0,0,0,2,0,19_candangolandia_1-3-2_agregado.xls,PPV (mensal)2014
Candangolândia,19,2014,4. PRODUTIVIDADE POLICIAL,OCORRENCIA,LOCALIZAÇÃO DE VEICULO FURTADO OU ROUBADO,35,4,2,6,4,4,2,1,3,1,5,0,3,19_candangolandia_1-3-2_agregado.xls,PPV (mensal)2014
Candangolândia,19,2014,4. PRODUTIVIDADE POLICIAL,OCORRENCIA,POSSE/PORTE DE ARMA,9,0,0,2,0,1,0,0,1,1,0,2,2,19_candangolandia_1-3-2_agregado.xls,PPV (mensal)2014
Candangolândia,19,2014,4. PRODUTIVIDADE POLICIAL,OCORRENCIA,TRÁFICO DE DROGAS,23,1,2,1,4,4,1,2,1,0,4,2,1,19_candangolandia_1-3-2_agregado.xls,PPV (mensal)2014
Candangolândia,19,2014,4. PRODUTIVIDADE POLICIAL,OCORRENCIA,USO E PORTE DE DROGAS,51,6,3,2,4,6,4,7,3,4,3,3,6,19_candangolandia_1-3-2_agregado.xls,PPV (mensal)2014
Candangolândia,19,2015,1. C.V.L.I. - CRIMES VIOLENTOS LETAIS INTENCIONAIS,OCORRENCIA,HOMICÍDIO,5,0,0,1,0,0,1,2,0,0,0,1,0,19_candangolandia_1-3-2_agregado.xls,PPV (mensal)2015
Candangolândia,19,2015,1. C.V.L.I. - CRIMES VIOLENTOS LETAIS INTENCIONAIS,OCORRENCIA,LATROCÍNIO,1,0,0,1,0,0,0,0,0,0,0,0,0,19_candangolandia_1-3-2_agregado.xls,PPV (mensal)2015
Candangolândia,19,2015,1. C.V.L.I. - CRIMES VIOLENTOS LETAIS INTENCIONAIS,OCORRENCIA,LESÃO CORPORAL SEG. DE MORTE,0,0,0,0,0,0,0,0,0,0,0,0,0,19_candangolandia_1-3-2_agregado.xls,PPV (mensal)2015
Candangolândia,19,2015,2. C.C.P. -                                                      CRIMES CONTRA O PATRIMÔNIO,OCORRENCIA,FURTO EM VEÍCULO,33,5,4,10,2,4,2,1,1,0,0,2,2,19_candangolandia_1-3-2_agregado.xls,PPV (mensal)2015
Candangolândia,19,2015,2. C.C.P. -                                                      CRIMES CONTRA O PATRIMÔNIO,OCORRENCIA,ROUBO A TRANSEUNTE,82,10,6,4,7,12,7,3,3,6,8,6,10,19_candangolandia_1-3-2_agregado.xls,PPV (mensal)2015
Candangolândia,19,2015,2. C.C.P. -                                                      CRIMES CONTRA O PATRIMÔNIO,OCORRENCIA,ROUBO DE VEÍCULO,14,2,2,0,2,3,1,1,0,0,2,0,1,19_candangolandia_1-3-2_agregado.xls,PPV (mensal)2015
Candangolândia,19,2015,2. C.C.P. -                                                      CRIMES CONTRA O PATRIMÔNIO,OCORRENCIA,ROUBO EM COLETIVO,4,0,1,0,0,0,0,0,1,0,1,0,1,19_candangolandia_1-3-2_agregado.xls,PPV (mensal)2015
Candangolândia,19,2015,2. C.C.P. -                                                      CRIMES CONTRA O PATRIMÔNIO,OCORRENCIA,ROUBO EM COMÉRCIO *,34,7,2,0,8,3,7,2,0,2,0,0,3,19_candangolandia_1-3-2_agregado.xls,PPV (mensal)2015
Candangolândia,19,2015,3. OUTROS CRIMES,OCORRENCIA,ESTUPRO,5,0,0,1,0,0,0,0,1,0,1,1,1,19_candangolandia_1-3-2_agregado.xls,PPV (mensal)2015
Candangolândia,19,2015,3. OUTROS CRIMES,OCORRENCIA,FURTO A TRANSEUNTE,9,2,2,1,0,3,0,0,0,0,1,0,0,19_candangolandia_1-3-2_agregado.xls,PPV (mensal)2015
Candangolândia,19,2015,3. OUTROS CRIMES,OCORRENCIA,ROUBO EM RESIDÊNCIA,0,0,0,0,0,0,0,0,0,0,0,0,0,19_candangolandia_1-3-2_agregado.xls,PPV (mensal)2015
Candangolândia,19,2015,3. OUTROS CRIMES,OCORRENCIA,TENTATIVA DE HOMICÍDIO,13,1,1,2,3,0,1,0,2,1,0,0,2,19_candangolandia_1-3-2_agregado.xls,PPV (mensal)2015
Candangolândia,19,2015,4. PRODUTIVIDADE POLICIAL,OCORRENCIA,LOCALIZAÇÃO DE VEICULO FURTADO OU ROUBADO,34,7,3,2,4,3,6,1,2,0,1,1,4,19_candangolandia_1-3-2_agregado.xls,PPV (mensal)2015
Candangolândia,19,2015,4. PRODUTIVIDADE POLICIAL,OCORRENCIA,POSSE/PORTE DE ARMA,9,2,0,2,1,1,0,2,0,0,0,1,0,19_candangolandia_1-3-2_agregado.xls,PPV (mensal)2015
Candangolândia,19,2015,4. PRODUTIVIDADE POLICIAL,OCORRENCIA,TRÁFICO DE DROGAS,34,2,5,1,5,6,2,2,4,2,4,0,1,19_candangolandia_1-3-2_agregado.xls,PPV (mensal)2015
Candangolândia,19,2015,4. PRODUTIVIDADE POLICIAL,OCORRENCIA,USO E PORTE DE DROGAS,74,5,4,2,8,13,9,2,9,5,5,7,5,19_candangolandia_1-3-2_agregado.xls,PPV (mensal)2015
Candangolândia,19,2016,1. C.V.L.I. - CRIMES VIOLENTOS LETAIS INTENCIONAIS,OCORRENCIA,HOMICÍDIO,2,0,1,0,0,0,0,0,0,0,1,0,0,19_candangolandia_1-3-2_agregado.xls,PPV(mensal)2016
Candangolândia,19,2016,1. C.V.L.I. - CRIMES VIOLENTOS LETAIS INTENCIONAIS,OCORRENCIA,LATROCÍNIO,0,0,0,0,0,0,0,0,0,0,0,0,0,19_candangolandia_1-3-2_agregado.xls,PPV(mensal)2016
Candangolândia,19,2016,1. C.V.L.I. - CRIMES VIOLENTOS LETAIS INTENCIONAIS,OCORRENCIA,LESÃO CORPORAL SEG. DE MORTE,0,0,0,0,0,0,0,0,0,0,0,0,0,19_candangolandia_1-3-2_agregado.xls,PPV(mensal)2016
Candangolândia,19,2016,2. C.C.P. -                                                      CRIMES CONTRA O PATRIMÔNIO,OCORRENCIA,FURTO EM VEÍCULO,31,3,4,5,2,0,4,2,3,2,5,0,1,19_candangolandia_1-3-2_agregado.xls,PPV(mensal)2016
Candangolândia,19,2016,2. C.C.P. -                                                      CRIMES CONTRA O PATRIMÔNIO,OCORRENCIA,ROUBO A TRANSEUNTE,93,5,11,8,7,8,1,8,10,9,5,10,11,19_candangolandia_1-3-2_agregado.xls,PPV(mensal)2016
Candangolândia,19,2016,2. C.C.P. -                                                      CRIMES CONTRA O PATRIMÔNIO,OCORRENCIA,ROUBO DE VEÍCULO,14,1,3,0,0,0,1,0,2,2,1,2,2,19_candangolandia_1-3-2_agregado.xls,PPV(mensal)2016
Candangolândia,19,2016,2. C.C.P. -                                                      CRIMES CONTRA O PATRIMÔNIO,OCORRENCIA,ROUBO EM COLETIVO,8,1,0,2,0,1,0,2,2,0,0,0,0,19_candangolandia_1-3-2_agregado.xls,PPV(mensal)2016
Candangolândia,19,2016,2. C.C.P. -                                                      CRIMES CONTRA O PATRIMÔNIO,OCORRENCIA,ROUBO EM COMÉRCIO *,19,4,2,2,3,1,2,2,0,0,1,2,0,19_candangolandia_1-3-2_agregado.xls,PPV(mensal)2016
Candangolândia,19,2016,2. C.C.P. -                                                      CRIMES CONTRA O PATRIMÔNIO,OCORRENCIA,ROUBO EM RESIDÊNCIA,2,0,0,0,0,1,0,0,0,1,0,0,0,19_candangolandia_1-3-2_agregado.xls,PPV(mensal)2016
Candangolândia,19,2016,3. OUTROS CRIMES,OCORRENCIA,ESTUPRO,1,0,0,0,0,0,0,0,0,0,0,0,1,19_candangolandia_1-3-2_agregado.xls,PPV(mensal)2016
Candangolândia,19,2016,3. OUTROS CRIMES,OCORRENCIA,FURTO A TRANSEUNTE,13,2,0,1,0,1,1,1,2,1,1,2,1,19_candangolandia_1-3-2_agregado.xls,PPV(mensal)2016
Candangolândia,19,2016,3. OUTROS CRIMES,OCORRENCIA,TENTATIVA DE HOMICÍDIO,5,0,1,0,0,0,0,0,2,1,1,0,0,19_candangolandia_1-3-2_agregado.xls,PPV(mensal)2016
Candangolândia,19,2016,3. OUTROS CRIMES,OCORRENCIA,TENTATIVA DE LATROCÍNIO,0,0,0,0,0,0,0,0,0,0,0,0,0,19_candangolandia_1-3-2_agregado.xls,PPV(mensal)2016
Candangolândia,19,2016,4. PRODUTIVIDADE POLICIAL,OCORRENCIA,LOCALIZAÇÃO DE VEICULO FURTADO OU ROUBADO,30,4,4,4,3,4,0,4,1,1,0,4,1,19_candangolandia_1-3-2_agregado.xls,PPV(mensal)2016
Candangolândia,19,2016,4. PRODUTIVIDADE POLICIAL,OCORRENCIA,POSSE/PORTE DE ARMA,5,1,0,1,2,0,0,0,1,0,0,0,0,19_candangolandia_1-3-2_agregado.xls,PPV(mensal)2016
Candangolândia,19,2016,4. PRODUTIVIDADE POLICIAL,OCORRENCIA,TRÁFICO DE DROGAS,21,1,2,6,5,2,0,3,1,0,1,0,0,19_candangolandia_1-3-2_agregado.xls,PPV(mensal)2016
Candangolândia,19,2016,4. PRODUTIVIDADE POLICIAL,OCORRENCIA,USO E PORTE DE DROGAS,60,11,4,10,9,7,0,11,2,1,0,2,3,19_candangolandia_1-3-2_agregado.xls,PPV(mensal)2016
Candangolândia,19,2017,1. C.V.L.I. - CRIMES VIOLENTOS LETAIS INTENCIONAIS,OCORRENCIA,HOMICÍDIO,5,0,1,0,1,1,0,1,0,1,0,0,0,19_candangolandia_1-3-2_agregado.xls,PPV(mensal)2017
Candangolândia,19,2017,1. C.V.L.I. - CRIMES VIOLENTOS LETAIS INTENCIONAIS,OCORRENCIA,LATROCÍNIO,1,0,0,0,0,0,0,1,0,0,0,0,0,19_candangolandia_1-3-2_agregado.xls,PPV(mensal)2017
Candangolândia,19,2017,1. C.V.L.I. - CRIMES VIOLENTOS LETAIS INTENCIONAIS,OCORRENCIA,LESÃO CORPORAL SEG. DE MORTE,0,0,0,0,0,0,0,0,0,0,0,0,0,19_candangolandia_1-3-2_agregado.xls,PPV(mensal)2017
Candangolândia,19,2017,2. C.C.P. -                                                      CRIMES CONTRA O PATRIMÔNIO,OCORRENCIA,FURTO EM VEÍCULO,26,4,1,0,4,1,2,2,2,9,1,0,0,19_candangolandia_1-3-2_agregado.xls,PPV(mensal)2017
Candangolândia,19,2017,2. C.C.P. -                                                      CRIMES CONTRA O PATRIMÔNIO,OCORRENCIA,ROUBO A TRANSEUNTE,68,11,5,3,6,7,8,3,4,5,7,5,4,19_candangolandia_1-3-2_agregado.xls,PPV(mensal)2017
Candangolândia,19,2017,2. C.C.P. -                                                      CRIMES CONTRA O PATRIMÔNIO,OCORRENCIA,ROUBO DE VEÍCULO,13,1,3,2,0,0,2,1,0,0,0,2,2,19_candangolandia_1-3-2_agregado.xls,PPV(mensal)2017
Candangolândia,19,2017,2. C.C.P. -                                                      CRIMES CONTRA O PATRIMÔNIO,OCORRENCIA,ROUBO EM COLETIVO,10,2,4,4,0,0,0,0,0,0,0,0,0,19_candangolandia_1-3-2_agregado.xls,PPV(mensal)2017
Candangolândia,19,2017,2. C.C.P. -                                                      CRIMES CONTRA O PATRIMÔNIO,OCORRENCIA,ROUBO EM COMÉRCIO *,7,1,0,0,0,1,0,2,1,1,1,0,0,19_candangolandia_1-3-2_agregado.xls,PPV(mensal)2017
Candangolândia,19,2017,2. C.C.P. -                                                      CRIMES CONTRA O PATRIMÔNIO,OCORRENCIA,ROUBO EM RESIDÊNCIA,1,0,0,0,0,0,1,0,0,0,0,0,0,19_candangolandia_1-3-2_agregado.xls,PPV(mensal)2017
Candangolândia,19,2017,3. OUTROS CRIMES,OCORRENCIA,ESTUPRO,9,2,0,0,0,2,0,1,3,1,0,0,0,19_candangolandia_1-3-2_agregado.xls,PPV(mensal)2017
Candangolândia,19,2017,3. OUTROS CRIMES,OCORRENCIA,FURTO A TRANSEUNTE,13,1,3,0,3,1,2,0,0,1,0,1,1,19_candangolandia_1-3-2_agregado.xls,PPV(mensal)2017
Candangolândia,19,2017,3. OUTROS CRIMES,OCORRENCIA,TENTATIVA DE HOMICÍDIO,1,0,0,0,0,0,0,0,0,0,1,0,0,19_candangolandia_1-3-2_agregado.xls,PPV(mensal)2017
Candangolândia,19,2017,3. OUTROS CRIMES,OCORRENCIA,TENTATIVA DE LATROCÍNIO,0,0,0,0,0,0,0,0,0,0,0,0,0,19_candangolandia_1-3-2_agregado.xls,PPV(mensal)2017
Candangolândia,19,2017,4. PRODUTIVIDADE POLICIAL,OCORRENCIA,LOCALIZAÇÃO DE VEICULO FURTADO OU ROUBADO,23,3,6,2,0,1,2,3,0,3,0,3,0,19_candangolandia_1-3-2_agregado.xls,PPV(mensal)2017
Candangolândia,19,2017,4. PRODUTIVIDADE POLICIAL,OCORRENCIA,POSSE/PORTE DE ARMA,7,0,1,0,1,1,0,1,0,0,2,0,1,19_candangolandia_1-3-2_agregado.xls,PPV(mensal)2017
Candangolândia,19,2017,4. PRODUTIVIDADE POLICIAL,OCORRENCIA,TRÁFICO DE DROGAS,8,1,1,0,0,0,1,1,0,0,2,0,2,19_candangolandia_1-3-2_agregado.xls,PPV(mensal)2017
Candangolândia,19,2017,4. PRODUTIVIDADE POLICIAL,OCORRENCIA,USO E PORTE DE DROGAS,30,2,0,2,3,3,5,1,3,3,5,3,0,19_candangolandia_1-3-2_agregado.xls,PPV(mensal)2017
Candangolândia,19,2018,1. C.V.L.I. - CRIMES VIOLENTOS LETAIS INTENCIONAIS,OCORRENCIA,HOMICÍDIO,0,0,0,0,0,0,0,0,0,0,0,0,0,19_candangolandia_1-3-2_agregado.xls,PPV(mensal)2018
Candangolândia,19,2018,1. C.V.L.I. - CRIMES VIOLENTOS LETAIS INTENCIONAIS,OCORRENCIA,LATROCÍNIO,0,0,0,0,0,0,0,0,0,0,0,0,0,19_candangolandia_1-3-2_agregado.xls,PPV(mensal)2018
Candangolândia,19,2018,1. C.V.L.I. - CRIMES VIOLENTOS LETAIS INTENCIONAIS,OCORRENCIA,LESÃO CORPORAL SEG. DE MORTE,0,0,0,0,0,0,0,0,0,0,0,0,0,19_candangolandia_1-3-2_agregado.xls,PPV(mensal)2018
Candangolândia,19,2018,2. C.C.P. -                                                      CRIMES CONTRA O PATRIMÔNIO,OCORRENCIA,FURTO EM VEÍCULO,27,2,3,2,0,3,2,3,4,2,4,2,0,19_candangolandia_1-3-2_agregado.xls,PPV(mensal)2018
Candangolândia,19,2018,2. C.C.P. -                                                      CRIMES CONTRA O PATRIMÔNIO,OCORRENCIA,ROUBO A TRANSEUNTE,60,4,2,12,3,6,8,4,8,3,5,3,2,19_candangolandia_1-3-2_agregado.xls,PPV(mensal)2018
Candangolândia,19,2018,2. C.C.P. -                                                      CRIMES CONTRA O PATRIMÔNIO,OCORRENCIA,ROUBO DE VEÍCULO,8,0,0,0,0,1,1,1,1,2,1,0,1,19_candangolandia_1-3-2_agregado.xls,PPV(mensal)2018
Candangolândia,19,2018,2. C.C.P. -                                                      CRIMES CONTRA O PATRIMÔNIO,OCORRENCIA,ROUBO EM COLETIVO,3,1,1,0,0,0,0,0,0,0,0,1,0,19_candangolandia_1-3-2_agregado.xls,PPV(mensal)2018
Candangolândia,19,2018,2. C.C.P. -                                                      CRIMES CONTRA O PATRIMÔNIO,OCORRENCIA,ROUBO EM COMÉRCIO *,10,2,1,2,0,1,3,1,0,0,0,0,0,19_candangolandia_1-3-2_agregado.xls,PPV(mensal)2018
Candangolândia,19,2018,2. C.C.P. -                                                      CRIMES CONTRA O PATRIMÔNIO,OCORRENCIA,ROUBO EM RESIDÊNCIA,1,0,0,0,0,0,0,0,0,1,0,0,0,19_candangolandia_1-3-2_agregado.xls,PPV(mensal)2018
Candangolândia,19,2018,3. OUTROS CRIMES,OCORRENCIA,ESTUPRO,3,0,0,1,0,0,0,0,0,1,0,1,0,19_candangolandia_1-3-2_agregado.xls,PPV(mensal)2018
Candangolândia,19,2018,3. OUTROS CRIMES,OCORRENCIA,FURTO A TRANSEUNTE,10,0,0,3,3,0,0,0,1,2,0,1,0,19_candangolandia_1-3-2_agregado.xls,PPV(mensal)2018
Candangolândia,19,2018,3. OUTROS CRIMES,OCORRENCIA,TENTATIVA DE HOMICÍDIO,3,0,0,0,1,0,0,0,0,0,0,0,2,19_candangolandia_1-3-2_agregado.xls,PPV(mensal)2018
Candangolândia,19,2018,3. OUTROS CRIMES,OCORRENCIA,TENTATIVA DE LATROCÍNIO,0,0,0,0,0,0,0,0,0,0,0,0,0,19_candangolandia_1-3-2_agregado.xls,PPV(mensal)2018
Candangolândia,19,2018,4. PRODUTIVIDADE POLICIAL,OCORRENCIA,LOCALIZAÇÃO DE VEICULO FURTADO OU ROUBADO,15,0,0,0,2,0,2,1,3,3,1,2,1,19_candangolandia_1-3-2_agregado.xls,PPV(mensal)2018
Candangolândia,19,2018,4. PRODUTIVIDADE POLICIAL,OCORRENCIA,POSSE/PORTE DE ARMA,4,1,0,0,0,0,1,0,1,0,0,0,1,19_candangolandia_1-3-2_agregado.xls,PPV(mensal)2018
Candangolândia,19,2018,4. PRODUTIVIDADE POLICIAL,OCORRENCIA,TRÁFICO DE DROGAS,5,0,0,0,0,1,0,2,0,1,0,1,0,19_candangolandia_1-3-2_agregado.xls,PPV(mensal)2018
Candangolândia,19,2018,4. PRODUTIVIDADE POLICIAL,OCORRENCIA,USO E PORTE DE DROGAS,40,2,3,4,5,0,8,8,4,0,3,2,1,19_candangolandia_1-3-2_agregado.xls,PPV(mensal)2018
Candangolândia,19,2026,1. C.V.L.I. - CRIMES VIOLENTOS LETAIS INTENCIONAIS,OCORRENCIA,HOMICÍDIO,0,0,0,0,0,0,0,0,0,0,0,0,0,19_CANDANGOLANDIA (4)_2026.xlsx,mensal
Candangolândia,19,2026,1. C.V.L.I. - CRIMES VIOLENTOS LETAIS INTENCIONAIS,OCORRENCIA,LATROCÍNIO,0,0,0,0,0,0,0,0,0,0,0,0,0,19_CANDANGOLANDIA (4)_2026.xlsx,mensal
Candangolândia,19,2026,1. C.V.L.I. - CRIMES VIOLENTOS LETAIS INTENCIONAIS,OCORRENCIA,LESÃO CORPORAL SEG. DE MORTE,0,0,0,0,0,0,0,0,0,0,0,0,0,19_CANDANGOLANDIA (4)_2026.xlsx,mensal
Candangolândia,19,2026,2. C.C.P. -                                                      CRIMES CONTRA O PATRIMÔNIO,OCORRENCIA,FURTO EM VEÍCULO,10,0,1,5,1,1,0,0,2,0,0,0,0,19_CANDANGOLANDIA (4)_2026.xlsx,mensal
Candangolândia,19,2026,2. C.C.P. -                                                      CRIMES CONTRA O PATRIMÔNIO,OCORRENCIA,ROUBO A TRANSEUNTE,11,2,3,2,0,2,1,1,0,0,0,0,0,19_CANDANGOLANDIA (4)_2026.xlsx,mensal
Candangolândia,19,2026,2. C.C.P. -                                                      CRIMES CONTRA O PATRIMÔNIO,OCORRENCIA,ROUBO DE VEÍCULO,1,0,0,1,0,0,0,0,0,0,0,0,0,19_CANDANGOLANDIA (4)_2026.xlsx,mensal
Candangolândia,19,2026,2. C.C.P. -                                                      CRIMES CONTRA O PATRIMÔNIO,OCORRENCIA,ROUBO EM COLETIVO,0,0,0,0,0,0,0,0,0,0,0,0,0,19_CANDANGOLANDIA (4)_2026.xlsx,mensal
Candangolândia,19,2026,2. C.C.P. -                                                      CRIMES CONTRA O PATRIMÔNIO,OCORRENCIA,ROUBO EM COMÉRCIO *,1,0,0,1,0,0,0,0,0,0,0,0,0,19_CANDANGOLANDIA (4)_2026.xlsx,mensal
Candangolândia,19,2026,2. C.C.P. -                                                      CRIMES CONTRA O PATRIMÔNIO,OCORRENCIA,ROUBO EM RESIDÊNCIA,3,0,0,1,1,1,0,0,0,0,0,0,0,19_CANDANGOLANDIA (4)_2026.xlsx,mensal
Candangolândia,19,2026,3. OUTROS CRIMES,OCORRENCIA,ESTUPRO,1,0,0,0,0,1,0,0,0,0,0,0,0,19_CANDANGOLANDIA (4)_2026.xlsx,mensal
Candangolândia,19,2026,3. OUTROS CRIMES,OCORRENCIA,ESTUPRO DE VULNERÁVEL,2,0,0,1,1,0,0,0,0,0,0,0,0,19_CANDANGOLANDIA (4)_2026.xlsx,mensal
Candangolândia,19,2026,3. OUTROS CRIMES,OCORRENCIA,TENTATIVA DE HOMICÍDIO,0,0,0,0,0,0,0,0,0,0,0,0,0,19_CANDANGOLANDIA (4)_2026.xlsx,mensal
Candangolândia,19,2026,3. OUTROS CRIMES,OCORRENCIA,TENTATIVA DE LATROCÍNIO,0,0,0,0,0,0,0,0,0,0,0,0,0,19_CANDANGOLANDIA (4)_2026.xlsx,mensal
Candangolândia,19,2026,4. PRODUTIVIDADE POLICIAL,OCORRENCIA,LOCALIZAÇÃO DE VEICULO FURTADO OU ROUBADO,7,2,2,0,0,2,0,1,0,0,0,0,0,19_CANDANGOLANDIA (4)_2026.xlsx,mensal
Candangolândia,19,2026,4. PRODUTIVIDADE POLICIAL,OCORRENCIA,POSSE/PORTE DE ARMA,3,1,0,0,0,2,0,0,0,0,0,0,0,19_CANDANGOLANDIA (4)_2026.xlsx,mensal
Candangolândia,19,2026,4. PRODUTIVIDADE POLICIAL,OCORRENCIA,TRÁFICO DE DROGAS,4,1,0,0,1,0,0,0,2,0,0,0,0,19_CANDANGOLANDIA (4)_2026.xlsx,mensal
Candangolândia,19,2026,4. PRODUTIVIDADE POLICIAL,OCORRENCIA,USO E PORTE DE DROGAS,3,0,0,2,0,0,0,0,1,0,0,0,0,19_CANDANGOLANDIA (4)_2026.xlsx,mensal
Ceilândia,09,2014,1. C.V.L.I. - CRIMES VIOLENTOS LETAIS INTENCIONAIS,OCORRENCIA,HOMICÍDIO,138,15,14,8,12,11,16,6,10,7,8,19,12,9_ceilandia_1-4-1-2_agregado.xls,PPV (mensal)2014
Ceilândia,09,2014,1. C.V.L.I. - CRIMES VIOLENTOS LETAIS INTENCIONAIS,OCORRENCIA,LATROCÍNIO,11,0,0,1,1,3,1,0,2,0,0,3,0,9_ceilandia_1-4-1-2_agregado.xls,PPV (mensal)2014
Ceilândia,09,2014,1. C.V.L.I. - CRIMES VIOLENTOS LETAIS INTENCIONAIS,OCORRENCIA,LESÃO CORPORAL SEG. DE MORTE,0,0,0,0,0,0,0,0,0,0,0,0,0,9_ceilandia_1-4-1-2_agregado.xls,PPV (mensal)2014
Ceilândia,09,2014,2. C.C.P. -                                                      CRIMES CONTRA O PATRIMÔNIO,OCORRENCIA,FURTO EM VEÍCULO,1417,153,135,125,103,109,118,92,118,98,87,154,125,9_ceilandia_1-4-1-2_agregado.xls,PPV (mensal)2014
Ceilândia,09,2014,2. C.C.P. -                                                      CRIMES CONTRA O PATRIMÔNIO,OCORRENCIA,ROUBO A TRANSEUNTE,6023,434,484,497,499,473,378,543,537,521,570,549,538,9_ceilandia_1-4-1-2_agregado.xls,PPV (mensal)2014
Ceilândia,09,2014,2. C.C.P. -                                                      CRIMES CONTRA O PATRIMÔNIO,OCORRENCIA,ROUBO DE VEÍCULO,1375,166,167,136,105,115,81,98,95,109,93,113,97,9_ceilandia_1-4-1-2_agregado.xls,PPV (mensal)2014
Ceilândia,09,2014,2. C.C.P. -                                                      CRIMES CONTRA O PATRIMÔNIO,OCORRENCIA,ROUBO EM COLETIVO,440,62,54,45,30,42,20,31,16,32,38,50,20,9_ceilandia_1-4-1-2_agregado.xls,PPV (mensal)2014
Ceilândia,09,2014,2. C.C.P. -                                                      CRIMES CONTRA O PATRIMÔNIO,OCORRENCIA,ROUBO EM COMÉRCIO *,589,104,89,72,46,31,48,28,28,26,33,46,38,9_ceilandia_1-4-1-2_agregado.xls,PPV (mensal)2014
Ceilândia,09,2014,3. OUTROS CRIMES,OCORRENCIA,ESTUPRO,118,8,9,10,9,13,6,7,12,21,6,9,8,9_ceilandia_1-4-1-2_agregado.xls,PPV (mensal)2014
Ceilândia,09,2014,3. OUTROS CRIMES,OCORRENCIA,FURTO A TRANSEUNTE,369,26,29,29,33,24,29,30,31,44,31,35,28,9_ceilandia_1-4-1-2_agregado.xls,PPV (mensal)2014
Ceilândia,09,2014,3. OUTROS CRIMES,OCORRENCIA,ROUBO EM RESIDÊNCIA,117,12,10,7,6,15,7,7,14,8,7,15,9,9_ceilandia_1-4-1-2_agregado.xls,PPV (mensal)2014
Ceilândia,09,2014,3. OUTROS CRIMES,OCORRENCIA,TENTATIVA DE HOMICÍDIO,205,33,19,20,12,14,16,14,5,17,15,22,18,9_ceilandia_1-4-1-2_agregado.xls,PPV (mensal)2014
Ceilândia,09,2014,4. PRODUTIVIDADE POLICIAL,OCORRENCIA,LOCALIZAÇÃO DE VEICULO FURTADO OU ROUBADO,2430,296,267,236,204,199,145,142,167,183,181,204,206,9_ceilandia_1-4-1-2_agregado.xls,PPV (mensal)2014
Ceilândia,09,2014,4. PRODUTIVIDADE POLICIAL,OCORRENCIA,POSSE/PORTE DE ARMA,328,13,21,37,38,33,34,21,22,27,22,28,32,9_ceilandia_1-4-1-2_agregado.xls,PPV (mensal)2014
Ceilândia,09,2014,4. PRODUTIVIDADE POLICIAL,OCORRENCIA,TRÁFICO DE DROGAS,330,17,17,28,31,30,15,36,43,35,28,22,28,9_ceilandia_1-4-1-2_agregado.xls,PPV (mensal)2014
Ceilândia,09,2014,4. PRODUTIVIDADE POLICIAL,OCORRENCIA,USO E PORTE DE DROGAS,474,27,26,36,38,37,31,46,53,48,45,49,38,9_ceilandia_1-4-1-2_agregado.xls,PPV (mensal)2014
Ceilândia,09,2015,1. C.V.L.I. - CRIMES VIOLENTOS LETAIS INTENCIONAIS,OCORRENCIA,HOMICÍDIO,112,12,6,7,14,11,7,8,6,3,11,14,13,9_ceilandia_1-4-1-2_agregado.xls,PPV (mensal)2015
Ceilândia,09,2015,1. C.V.L.I. - CRIMES VIOLENTOS LETAIS INTENCIONAIS,OCORRENCIA,LATROCÍNIO,6,0,0,0,0,0,2,1,0,0,0,2,1,9_ceilandia_1-4-1-2_agregado.xls,PPV (mensal)2015
Ceilândia,09,2015,1. C.V.L.I. - CRIMES VIOLENTOS LETAIS INTENCIONAIS,OCORRENCIA,LESÃO CORPORAL SEG. DE MORTE,0,0,0,0,0,0,0,0,0,0,0,0,0,9_ceilandia_1-4-1-2_agregado.xls,PPV (mensal)2015
Ceilândia,09,2015,2. C.C.P. -                                                      CRIMES CONTRA O PATRIMÔNIO,OCORRENCIA,FURTO EM VEÍCULO,1114,103,97,133,100,125,83,81,76,33,97,95,91,9_ceilandia_1-4-1-2_agregado.xls,PPV (mensal)2015
Ceilândia,09,2015,2. C.C.P. -                                                      CRIMES CONTRA O PATRIMÔNIO,OCORRENCIA,ROUBO A TRANSEUNTE,5813,642,548,584,547,491,457,417,423,223,520,492,469,9_ceilandia_1-4-1-2_agregado.xls,PPV (mensal)2015
Ceilândia,09,2015,2. C.C.P. -                                                      CRIMES CONTRA O PATRIMÔNIO,OCORRENCIA,ROUBO DE VEÍCULO,853,96,68,88,77,80,50,59,56,45,66,81,87,9_ceilandia_1-4-1-2_agregado.xls,PPV (mensal)2015
Ceilândia,09,2015,2. C.C.P. -                                                      CRIMES CONTRA O PATRIMÔNIO,OCORRENCIA,ROUBO EM COLETIVO,575,68,41,33,49,51,34,40,34,37,87,58,43,9_ceilandia_1-4-1-2_agregado.xls,PPV (mensal)2015
Ceilândia,09,2015,2. C.C.P. -                                                      CRIMES CONTRA O PATRIMÔNIO,OCORRENCIA,ROUBO EM COMÉRCIO *,391,66,37,22,32,32,30,22,31,17,30,32,40,9_ceilandia_1-4-1-2_agregado.xls,PPV (mensal)2015
Ceilândia,09,2015,3. OUTROS CRIMES,OCORRENCIA,ESTUPRO,114,3,11,13,8,10,10,7,10,10,5,13,14,9_ceilandia_1-4-1-2_agregado.xls,PPV (mensal)2015
Ceilândia,09,2015,3. OUTROS CRIMES,OCORRENCIA,FURTO A TRANSEUNTE,406,29,26,32,32,54,40,33,50,13,37,35,25,9_ceilandia_1-4-1-2_agregado.xls,PPV (mensal)2015
Ceilândia,09,2015,3. OUTROS CRIMES,OCORRENCIA,ROUBO EM RESIDÊNCIA,137,7,7,19,14,10,6,11,19,7,12,13,12,9_ceilandia_1-4-1-2_agregado.xls,PPV (mensal)2015
Ceilândia,09,2015,3. OUTROS CRIMES,OCORRENCIA,TENTATIVA DE HOMICÍDIO,151,17,14,4,14,16,9,5,15,7,17,14,19,9_ceilandia_1-4-1-2_agregado.xls,PPV (mensal)2015
Ceilândia,09,2015,4. PRODUTIVIDADE POLICIAL,OCORRENCIA,LOCALIZAÇÃO DE VEICULO FURTADO OU ROUBADO,1576,194,123,149,139,133,126,100,120,80,128,125,159,9_ceilandia_1-4-1-2_agregado.xls,PPV (mensal)2015
Ceilândia,09,2015,4. PRODUTIVIDADE POLICIAL,OCORRENCIA,POSSE/PORTE DE ARMA,274,23,26,26,21,38,15,20,23,24,25,18,15,9_ceilandia_1-4-1-2_agregado.xls,PPV (mensal)2015
Ceilândia,09,2015,4. PRODUTIVIDADE POLICIAL,OCORRENCIA,TRÁFICO DE DROGAS,492,42,41,46,35,49,44,52,45,25,37,39,37,9_ceilandia_1-4-1-2_agregado.xls,PPV (mensal)2015
Ceilândia,09,2015,4. PRODUTIVIDADE POLICIAL,OCORRENCIA,USO E PORTE DE DROGAS,862,69,62,75,54,94,89,83,100,56,48,66,66,9_ceilandia_1-4-1-2_agregado.xls,PPV (mensal)2015
Ceilândia,09,2016,1. C.V.L.I. - CRIMES VIOLENTOS LETAIS INTENCIONAIS,OCORRENCIA,HOMICÍDIO,93,12,7,3,6,9,3,9,6,14,10,7,7,9_ceilandia_1-4-1-2_agregado.xls,PPV(mensal)2016
Ceilândia,09,2016,1. C.V.L.I. - CRIMES VIOLENTOS LETAIS INTENCIONAIS,OCORRENCIA,LATROCÍNIO,2,0,0,1,1,0,0,0,0,0,0,0,0,9_ceilandia_1-4-1-2_agregado.xls,PPV(mensal)2016
Ceilândia,09,2016,1. C.V.L.I. - CRIMES VIOLENTOS LETAIS INTENCIONAIS,OCORRENCIA,LESÃO CORPORAL SEG. DE MORTE,1,0,1,0,0,0,0,0,0,0,0,0,0,9_ceilandia_1-4-1-2_agregado.xls,PPV(mensal)2016
Ceilândia,09,2016,2. C.C.P. -                                                      CRIMES CONTRA O PATRIMÔNIO,OCORRENCIA,FURTO EM VEÍCULO,1280,100,113,122,120,122,119,127,127,91,86,73,80,9_ceilandia_1-4-1-2_agregado.xls,PPV(mensal)2016
Ceilândia,09,2016,2. C.C.P. -                                                      CRIMES CONTRA O PATRIMÔNIO,OCORRENCIA,ROUBO A TRANSEUNTE,6202,543,462,617,611,545,513,538,530,516,446,448,433,9_ceilandia_1-4-1-2_agregado.xls,PPV(mensal)2016
Ceilândia,09,2016,2. C.C.P. -                                                      CRIMES CONTRA O PATRIMÔNIO,OCORRENCIA,ROUBO DE VEÍCULO,871,83,71,78,78,64,35,74,65,75,94,88,66,9_ceilandia_1-4-1-2_agregado.xls,PPV(mensal)2016
Ceilândia,09,2016,2. C.C.P. -                                                      CRIMES CONTRA O PATRIMÔNIO,OCORRENCIA,ROUBO EM COLETIVO,1026,57,40,100,89,66,71,75,66,63,143,120,136,9_ceilandia_1-4-1-2_agregado.xls,PPV(mensal)2016
Ceilândia,09,2016,2. C.C.P. -                                                      CRIMES CONTRA O PATRIMÔNIO,OCORRENCIA,ROUBO EM COMÉRCIO *,398,48,41,44,33,44,30,23,20,25,26,26,38,9_ceilandia_1-4-1-2_agregado.xls,PPV(mensal)2016
Ceilândia,09,2016,2. C.C.P. -                                                      CRIMES CONTRA O PATRIMÔNIO,OCORRENCIA,ROUBO EM RESIDÊNCIA,140,18,18,8,11,15,8,12,7,7,8,14,14,9_ceilandia_1-4-1-2_agregado.xls,PPV(mensal)2016
Ceilândia,09,2016,3. OUTROS CRIMES,OCORRENCIA,ESTUPRO,95,8,6,9,5,7,10,9,7,14,8,3,9,9_ceilandia_1-4-1-2_agregado.xls,PPV(mensal)2016
Ceilândia,09,2016,3. OUTROS CRIMES,OCORRENCIA,FURTO A TRANSEUNTE,391,24,34,30,38,28,35,43,32,30,30,27,40,9_ceilandia_1-4-1-2_agregado.xls,PPV(mensal)2016
Ceilândia,09,2016,3. OUTROS CRIMES,OCORRENCIA,ROUBO EM RESIDÊNCIA,48,3,3,6,2,4,2,6,6,3,5,6,2,9_ceilandia_1-4-1-2_agregado.xls,PPV(mensal)2016
Ceilândia,09,2016,3. OUTROS CRIMES,OCORRENCIA,TENTATIVA DE HOMICÍDIO,150,10,13,15,10,11,10,8,13,13,19,8,20,9_ceilandia_1-4-1-2_agregado.xls,PPV(mensal)2016
Ceilândia,09,2016,4. PRODUTIVIDADE POLICIAL,OCORRENCIA,LOCALIZAÇÃO DE VEICULO FURTADO OU ROUBADO,1491,135,128,121,157,135,100,138,96,109,118,131,123,9_ceilandia_1-4-1-2_agregado.xls,PPV(mensal)2016
Ceilândia,09,2016,4. PRODUTIVIDADE POLICIAL,OCORRENCIA,POSSE/PORTE DE ARMA,238,23,23,17,22,23,18,21,17,17,21,22,14,9_ceilandia_1-4-1-2_agregado.xls,PPV(mensal)2016
Ceilândia,09,2016,4. PRODUTIVIDADE POLICIAL,OCORRENCIA,TRÁFICO DE DROGAS,441,51,48,62,37,61,59,40,15,17,17,16,18,9_ceilandia_1-4-1-2_agregado.xls,PPV(mensal)2016
Ceilândia,09,2016,4. PRODUTIVIDADE POLICIAL,OCORRENCIA,USO E PORTE DE DROGAS,909,89,87,106,80,106,121,77,59,44,34,47,59,9_ceilandia_1-4-1-2_agregado.xls,PPV(mensal)2016
Ceilândia,09,2017,1. C.V.L.I. - CRIMES VIOLENTOS LETAIS INTENCIONAIS,OCORRENCIA,HOMICÍDIO,79,7,6,9,2,5,6,6,8,9,4,9,8,9_ceilandia_1-4-1-2_agregado.xls,PPV(mensal)2017
Ceilândia,09,2017,1. C.V.L.I. - CRIMES VIOLENTOS LETAIS INTENCIONAIS,OCORRENCIA,LATROCÍNIO,8,0,1,1,0,2,0,1,0,0,1,1,1,9_ceilandia_1-4-1-2_agregado.xls,PPV(mensal)2017
Ceilândia,09,2017,2. C.C.P. -                                                      CRIMES CONTRA O PATRIMÔNIO,OCORRENCIA,FURTO EM VEÍCULO,1077,75,81,108,91,104,96,74,62,86,99,106,95,9_ceilandia_1-4-1-2_agregado.xls,PPV(mensal)2017
Ceilândia,09,2017,2. C.C.P. -                                                      CRIMES CONTRA O PATRIMÔNIO,OCORRENCIA,ROUBO A TRANSEUNTE,6411,515,618,623,513,641,517,506,503,521,487,536,431,9_ceilandia_1-4-1-2_agregado.xls,PPV(mensal)2017
Ceilândia,09,2017,2. C.C.P. -                                                      CRIMES CONTRA O PATRIMÔNIO,OCORRENCIA,ROUBO DE VEÍCULO,831,74,70,88,53,67,53,54,56,58,67,111,80,9_ceilandia_1-4-1-2_agregado.xls,PPV(mensal)2017
Ceilândia,09,2017,2. C.C.P. -                                                      CRIMES CONTRA O PATRIMÔNIO,OCORRENCIA,ROUBO EM COLETIVO,660,67,78,66,82,65,66,38,40,33,41,58,26,9_ceilandia_1-4-1-2_agregado.xls,PPV(mensal)2017
Ceilândia,09,2017,2. C.C.P. -                                                      CRIMES CONTRA O PATRIMÔNIO,OCORRENCIA,ROUBO EM COMÉRCIO *,382,38,36,39,34,41,34,27,34,18,25,34,22,9_ceilandia_1-4-1-2_agregado.xls,PPV(mensal)2017
Ceilândia,09,2017,2. C.C.P. -                                                      CRIMES CONTRA O PATRIMÔNIO,OCORRENCIA,ROUBO EM RESIDÊNCIA,139,16,9,12,12,9,10,11,16,10,10,8,16,9_ceilandia_1-4-1-2_agregado.xls,PPV(mensal)2017
Ceilândia,09,2017,3. OUTROS CRIMES,OCORRENCIA,ESTUPRO,129,8,6,10,14,12,9,13,12,9,13,12,11,9_ceilandia_1-4-1-2_agregado.xls,PPV(mensal)2017
Ceilândia,09,2017,3. OUTROS CRIMES,OCORRENCIA,FURTO A TRANSEUNTE,446,41,40,33,38,47,44,32,44,31,36,27,33,9_ceilandia_1-4-1-2_agregado.xls,PPV(mensal)2017
Ceilândia,09,2017,3. OUTROS CRIMES,OCORRENCIA,TENTATIVA DE HOMICÍDIO,171,17,18,19,12,12,17,10,13,19,12,13,9,9_ceilandia_1-4-1-2_agregado.xls,PPV(mensal)2017
Ceilândia,09,2017,3. OUTROS CRIMES,OCORRENCIA,TENTATIVA DE LATROCÍNIO,54,5,2,5,5,3,6,3,5,2,5,4,9,9_ceilandia_1-4-1-2_agregado.xls,PPV(mensal)2017
Ceilândia,09,2017,4. PRODUTIVIDADE POLICIAL,OCORRENCIA,LOCALIZAÇÃO DE VEICULO FURTADO OU ROUBADO,1145,122,106,119,73,103,78,66,90,86,78,127,97,9_ceilandia_1-4-1-2_agregado.xls,PPV(mensal)2017
Ceilândia,09,2017,4. PRODUTIVIDADE POLICIAL,OCORRENCIA,POSSE/PORTE DE ARMA,236,20,31,19,24,15,20,10,16,27,14,11,29,9_ceilandia_1-4-1-2_agregado.xls,PPV(mensal)2017
Ceilândia,09,2017,4. PRODUTIVIDADE POLICIAL,OCORRENCIA,TRÁFICO DE DROGAS,384,23,29,28,32,40,25,37,37,44,35,18,36,9_ceilandia_1-4-1-2_agregado.xls,PPV(mensal)2017
Ceilândia,09,2017,4. PRODUTIVIDADE POLICIAL,OCORRENCIA,USO E PORTE DE DROGAS,924,56,60,70,70,88,78,83,89,88,91,71,80,9_ceilandia_1-4-1-2_agregado.xls,PPV(mensal)2017
Ceilândia,09,2018,1. C.V.L.I. - CRIMES VIOLENTOS LETAIS INTENCIONAIS,OCORRENCIA,HOMICÍDIO,85,9,7,6,7,10,6,9,9,6,7,4,5,9_ceilandia_1-4-1-2_agregado.xls,PPV(mensal)2018
Ceilândia,09,2018,1. C.V.L.I. - CRIMES VIOLENTOS LETAIS INTENCIONAIS,OCORRENCIA,LATROCÍNIO,5,0,0,1,0,2,0,0,0,0,1,1,0,9_ceilandia_1-4-1-2_agregado.xls,PPV(mensal)2018
Ceilândia,09,2018,1. C.V.L.I. - CRIMES VIOLENTOS LETAIS INTENCIONAIS,OCORRENCIA,LESÃO CORPORAL SEG. DE MORTE,2,0,1,0,0,0,1,0,0,0,0,0,0,9_ceilandia_1-4-1-2_agregado.xls,PPV(mensal)2018
Ceilândia,09,2018,2. C.C.P. -                                                      CRIMES CONTRA O PATRIMÔNIO,OCORRENCIA,FURTO EM VEÍCULO,977,73,70,89,92,93,86,87,74,58,87,77,91,9_ceilandia_1-4-1-2_agregado.xls,PPV(mensal)2018
Ceilândia,09,2018,2. C.C.P. -                                                      CRIMES CONTRA O PATRIMÔNIO,OCORRENCIA,ROUBO A TRANSEUNTE,6434,457,432,536,562,531,567,560,597,507,571,602,512,9_ceilandia_1-4-1-2_agregado.xls,PPV(mensal)2018
Ceilândia,09,2018,2. C.C.P. -                                                      CRIMES CONTRA O PATRIMÔNIO,OCORRENCIA,ROUBO DE VEÍCULO,718,57,53,82,76,59,63,46,56,59,51,69,47,9_ceilandia_1-4-1-2_agregado.xls,PPV(mensal)2018
Ceilândia,09,2018,2. C.C.P. -                                                      CRIMES CONTRA O PATRIMÔNIO,OCORRENCIA,ROUBO EM COLETIVO,244,14,26,23,17,9,20,25,14,26,23,19,28,9_ceilandia_1-4-1-2_agregado.xls,PPV(mensal)2018
Ceilândia,09,2018,2. C.C.P. -                                                      CRIMES CONTRA O PATRIMÔNIO,OCORRENCIA,ROUBO EM COMÉRCIO *,324,23,24,31,28,22,33,38,23,15,37,34,16,9_ceilandia_1-4-1-2_agregado.xls,PPV(mensal)2018
Ceilândia,09,2018,2. C.C.P. -                                                      CRIMES CONTRA O PATRIMÔNIO,OCORRENCIA,ROUBO EM RESIDÊNCIA,74,2,3,6,5,15,10,8,0,7,4,10,4,9_ceilandia_1-4-1-2_agregado.xls,PPV(mensal)2018
Ceilândia,09,2018,3. OUTROS CRIMES,OCORRENCIA,ESTUPRO,154,12,7,13,12,13,12,7,18,15,19,13,13,9_ceilandia_1-4-1-2_agregado.xls,PPV(mensal)2018
Ceilândia,09,2018,3. OUTROS CRIMES,OCORRENCIA,FURTO A TRANSEUNTE,571,35,31,37,49,48,38,51,59,38,53,66,66,9_ceilandia_1-4-1-2_agregado.xls,PPV(mensal)2018
Ceilândia,09,2018,3. OUTROS CRIMES,OCORRENCIA,TENTATIVA DE HOMICÍDIO,183,12,14,11,24,15,20,9,15,17,20,11,15,9_ceilandia_1-4-1-2_agregado.xls,PPV(mensal)2018
Ceilândia,09,2018,3. OUTROS CRIMES,OCORRENCIA,TENTATIVA DE LATROCÍNIO,48,6,0,4,1,1,4,5,5,3,6,6,7,9_ceilandia_1-4-1-2_agregado.xls,PPV(mensal)2018
Ceilândia,09,2018,4. PRODUTIVIDADE POLICIAL,OCORRENCIA,LOCALIZAÇÃO DE VEICULO FURTADO OU ROUBADO,1073,81,73,112,106,79,89,93,99,82,101,86,72,9_ceilandia_1-4-1-2_agregado.xls,PPV(mensal)2018
Ceilândia,09,2018,4. PRODUTIVIDADE POLICIAL,OCORRENCIA,POSSE/PORTE DE ARMA,200,17,15,17,15,6,21,10,22,20,20,15,22,9_ceilandia_1-4-1-2_agregado.xls,PPV(mensal)2018
Ceilândia,09,2018,4. PRODUTIVIDADE POLICIAL,OCORRENCIA,TRÁFICO DE DROGAS,436,33,34,35,41,47,23,37,54,47,35,28,22,9_ceilandia_1-4-1-2_agregado.xls,PPV(mensal)2018
Ceilândia,09,2018,4. PRODUTIVIDADE POLICIAL,OCORRENCIA,USO E PORTE DE DROGAS,818,86,74,86,87,61,46,47,81,64,74,66,46,9_ceilandia_1-4-1-2_agregado.xls,PPV(mensal)2018
Ceilândia,09,2026,1. C.V.L.I. - CRIMES VIOLENTOS LETAIS INTENCIONAIS,OCORRENCIA,HOMICÍDIO,15,1,1,4,2,1,2,1,3,0,0,0,0,09_CEILANDIA (4)_2026.xlsx,mensal
Ceilândia,09,2026,1. C.V.L.I. - CRIMES VIOLENTOS LETAIS INTENCIONAIS,OCORRENCIA,LATROCÍNIO,0,0,0,0,0,0,0,0,0,0,0,0,0,09_CEILANDIA (4)_2026.xlsx,mensal
Ceilândia,09,2026,1. C.V.L.I. - CRIMES VIOLENTOS LETAIS INTENCIONAIS,OCORRENCIA,LESÃO CORPORAL SEG. DE MORTE,0,0,0,0,0,0,0,0,0,0,0,0,0,09_CEILANDIA (4)_2026.xlsx,mensal
Ceilândia,09,2026,2. C.C.P. -                                                      CRIMES CONTRA O PATRIMÔNIO,OCORRENCIA,FURTO EM VEÍCULO,230,38,26,38,25,34,19,22,28,0,0,0,0,09_CEILANDIA (4)_2026.xlsx,mensal
Ceilândia,09,2026,2. C.C.P. -                                                      CRIMES CONTRA O PATRIMÔNIO,OCORRENCIA,ROUBO A TRANSEUNTE,1023,137,138,150,158,140,111,87,102,0,0,0,0,09_CEILANDIA (4)_2026.xlsx,mensal
Ceilândia,09,2026,2. C.C.P. -                                                      CRIMES CONTRA O PATRIMÔNIO,OCORRENCIA,ROUBO DE VEÍCULO,68,8,10,7,11,5,10,6,11,0,0,0,0,09_CEILANDIA (4)_2026.xlsx,mensal
Ceilândia,09,2026,2. C.C.P. -                                                      CRIMES CONTRA O PATRIMÔNIO,OCORRENCIA,ROUBO EM COLETIVO,11,2,4,2,2,0,1,0,0,0,0,0,0,09_CEILANDIA (4)_2026.xlsx,mensal
Ceilândia,09,2026,2. C.C.P. -                                                      CRIMES CONTRA O PATRIMÔNIO,OCORRENCIA,ROUBO EM COMÉRCIO *,34,2,4,3,4,9,5,5,2,0,0,0,0,09_CEILANDIA (4)_2026.xlsx,mensal
Ceilândia,09,2026,2. C.C.P. -                                                      CRIMES CONTRA O PATRIMÔNIO,OCORRENCIA,ROUBO EM RESIDÊNCIA,8,1,1,2,1,0,0,3,0,0,0,0,0,09_CEILANDIA (4)_2026.xlsx,mensal
Ceilândia,09,2026,3. OUTROS CRIMES,OCORRENCIA,ESTUPRO,33,4,8,2,4,3,5,4,3,0,0,0,0,09_CEILANDIA (4)_2026.xlsx,mensal
Ceilândia,09,2026,3. OUTROS CRIMES,OCORRENCIA,ESTUPRO DE VULNERÁVEL,62,5,13,10,2,6,12,9,5,0,0,0,0,09_CEILANDIA (4)_2026.xlsx,mensal
Ceilândia,09,2026,3. OUTROS CRIMES,OCORRENCIA,TENTATIVA DE HOMICÍDIO,53,4,7,5,9,9,5,6,8,0,0,0,0,09_CEILANDIA (4)_2026.xlsx,mensal
Ceilândia,09,2026,3. OUTROS CRIMES,OCORRENCIA,TENTATIVA DE LATROCÍNIO,11,0,3,2,1,1,2,2,0,0,0,0,0,09_CEILANDIA (4)_2026.xlsx,mensal
Ceilândia,09,2026,4. PRODUTIVIDADE POLICIAL,OCORRENCIA,LOCALIZAÇÃO DE VEICULO FURTADO OU ROUBADO,209,21,22,23,26,24,30,29,34,0,0,0,0,09_CEILANDIA (4)_2026.xlsx,mensal
Ceilândia,09,2026,4. PRODUTIVIDADE POLICIAL,OCORRENCIA,POSSE/PORTE DE ARMA,78,12,8,9,9,16,8,8,8,0,0,0,0,09_CEILANDIA (4)_2026.xlsx,mensal
Ceilândia,09,2026,4. PRODUTIVIDADE POLICIAL,OCORRENCIA,TRÁFICO DE DROGAS,390,49,51,29,58,71,38,48,46,0,0,0,0,09_CEILANDIA (4)_2026.xlsx,mensal
Ceilândia,09,2026,4. PRODUTIVIDADE POLICIAL,OCORRENCIA,USO E PORTE DE DROGAS,155,23,16,17,20,29,16,18,16,0,0,0,0,09_CEILANDIA (4)_2026.xlsx,mensal
Cruzeiro,11,2014,1. C.V.L.I. - CRIMES VIOLENTOS LETAIS INTENCIONAIS,OCORRENCIA,HOMICÍDIO,2,1,0,1,0,0,0,0,0,0,0,0,0,11_cruzeiro_1-4-1-2_agregado.xls,PPV (mensal)2014
Cruzeiro,11,2014,1. C.V.L.I. - CRIMES VIOLENTOS LETAIS INTENCIONAIS,OCORRENCIA,LATROCÍNIO,0,0,0,0,0,0,0,0,0,0,0,0,0,11_cruzeiro_1-4-1-2_agregado.xls,PPV (mensal)2014
Cruzeiro,11,2014,1. C.V.L.I. - CRIMES VIOLENTOS LETAIS INTENCIONAIS,OCORRENCIA,LESÃO CORPORAL SEG. DE MORTE,0,0,0,0,0,0,0,0,0,0,0,0,0,11_cruzeiro_1-4-1-2_agregado.xls,PPV (mensal)2014
Cruzeiro,11,2014,2. C.C.P. -                                                      CRIMES CONTRA O PATRIMÔNIO,OCORRENCIA,FURTO EM VEÍCULO,180,19,12,10,13,12,16,10,19,11,19,19,20,11_cruzeiro_1-4-1-2_agregado.xls,PPV (mensal)2014
Cruzeiro,11,2014,2. C.C.P. -                                                      CRIMES CONTRA O PATRIMÔNIO,OCORRENCIA,ROUBO A TRANSEUNTE,206,17,12,16,9,10,13,9,20,40,23,19,18,11_cruzeiro_1-4-1-2_agregado.xls,PPV (mensal)2014
Cruzeiro,11,2014,2. C.C.P. -                                                      CRIMES CONTRA O PATRIMÔNIO,OCORRENCIA,ROUBO DE VEÍCULO,55,5,10,4,4,8,4,2,5,3,5,4,1,11_cruzeiro_1-4-1-2_agregado.xls,PPV (mensal)2014
Cruzeiro,11,2014,2. C.C.P. -                                                      CRIMES CONTRA O PATRIMÔNIO,OCORRENCIA,ROUBO EM COLETIVO,3,0,0,0,1,0,1,0,0,0,1,0,0,11_cruzeiro_1-4-1-2_agregado.xls,PPV (mensal)2014
Cruzeiro,11,2014,2. C.C.P. -                                                      CRIMES CONTRA O PATRIMÔNIO,OCORRENCIA,ROUBO EM COMÉRCIO *,15,0,5,2,1,2,0,0,0,1,2,0,2,11_cruzeiro_1-4-1-2_agregado.xls,PPV (mensal)2014
Cruzeiro,11,2014,3. OUTROS CRIMES,OCORRENCIA,ESTUPRO,4,0,0,0,1,1,0,0,0,0,0,1,1,11_cruzeiro_1-4-1-2_agregado.xls,PPV (mensal)2014
Cruzeiro,11,2014,3. OUTROS CRIMES,OCORRENCIA,FURTO A TRANSEUNTE,7,0,0,1,2,1,1,1,0,0,1,0,0,11_cruzeiro_1-4-1-2_agregado.xls,PPV (mensal)2014
Cruzeiro,11,2014,3. OUTROS CRIMES,OCORRENCIA,ROUBO EM RESIDÊNCIA,1,0,0,0,0,0,0,0,0,1,0,0,0,11_cruzeiro_1-4-1-2_agregado.xls,PPV (mensal)2014
Cruzeiro,11,2014,3. OUTROS CRIMES,OCORRENCIA,TENTATIVA DE HOMICÍDIO,1,0,0,0,0,0,0,0,0,0,0,0,1,11_cruzeiro_1-4-1-2_agregado.xls,PPV (mensal)2014
Cruzeiro,11,2014,4. PRODUTIVIDADE POLICIAL,OCORRENCIA,LOCALIZAÇÃO DE VEICULO FURTADO OU ROUBADO,47,5,7,6,4,2,3,5,1,2,3,6,3,11_cruzeiro_1-4-1-2_agregado.xls,PPV (mensal)2014
Cruzeiro,11,2014,4. PRODUTIVIDADE POLICIAL,OCORRENCIA,POSSE/PORTE DE ARMA,5,0,1,0,0,0,0,1,1,0,0,1,1,11_cruzeiro_1-4-1-2_agregado.xls,PPV (mensal)2014
Cruzeiro,11,2014,4. PRODUTIVIDADE POLICIAL,OCORRENCIA,TRÁFICO DE DROGAS,11,0,0,0,3,0,2,0,2,0,2,1,1,11_cruzeiro_1-4-1-2_agregado.xls,PPV (mensal)2014
Cruzeiro,11,2014,4. PRODUTIVIDADE POLICIAL,OCORRENCIA,USO E PORTE DE DROGAS,67,1,4,3,7,7,2,3,7,13,12,4,4,11_cruzeiro_1-4-1-2_agregado.xls,PPV (mensal)2014
Cruzeiro,11,2015,1. C.V.L.I. - CRIMES VIOLENTOS LETAIS INTENCIONAIS,OCORRENCIA,HOMICÍDIO,2,0,0,0,1,0,0,0,0,0,1,0,0,11_cruzeiro_1-4-1-2_agregado.xls,PPV (mensal)2015
Cruzeiro,11,2015,1. C.V.L.I. - CRIMES VIOLENTOS LETAIS INTENCIONAIS,OCORRENCIA,LATROCÍNIO,1,0,0,0,0,0,0,0,0,0,0,0,1,11_cruzeiro_1-4-1-2_agregado.xls,PPV (mensal)2015
Cruzeiro,11,2015,1. C.V.L.I. - CRIMES VIOLENTOS LETAIS INTENCIONAIS,OCORRENCIA,LESÃO CORPORAL SEG. DE MORTE,0,0,0,0,0,0,0,0,0,0,0,0,0,11_cruzeiro_1-4-1-2_agregado.xls,PPV (mensal)2015
Cruzeiro,11,2015,2. C.C.P. -                                                      CRIMES CONTRA O PATRIMÔNIO,OCORRENCIA,FURTO EM VEÍCULO,136,21,9,17,9,15,3,13,2,6,20,18,3,11_cruzeiro_1-4-1-2_agregado.xls,PPV (mensal)2015
Cruzeiro,11,2015,2. C.C.P. -                                                      CRIMES CONTRA O PATRIMÔNIO,OCORRENCIA,ROUBO A TRANSEUNTE,159,30,16,26,18,8,10,8,8,3,11,8,13,11_cruzeiro_1-4-1-2_agregado.xls,PPV (mensal)2015
Cruzeiro,11,2015,2. C.C.P. -                                                      CRIMES CONTRA O PATRIMÔNIO,OCORRENCIA,ROUBO DE VEÍCULO,39,4,5,4,6,6,2,2,2,1,1,4,2,11_cruzeiro_1-4-1-2_agregado.xls,PPV (mensal)2015
Cruzeiro,11,2015,2. C.C.P. -                                                      CRIMES CONTRA O PATRIMÔNIO,OCORRENCIA,ROUBO EM COLETIVO,0,0,0,0,0,0,0,0,0,0,0,0,0,11_cruzeiro_1-4-1-2_agregado.xls,PPV (mensal)2015
Cruzeiro,11,2015,2. C.C.P. -                                                      CRIMES CONTRA O PATRIMÔNIO,OCORRENCIA,ROUBO EM COMÉRCIO *,12,1,1,2,3,0,3,0,0,0,0,2,0,11_cruzeiro_1-4-1-2_agregado.xls,PPV (mensal)2015
Cruzeiro,11,2015,3. OUTROS CRIMES,OCORRENCIA,ESTUPRO,3,0,1,0,0,0,0,0,0,1,0,1,0,11_cruzeiro_1-4-1-2_agregado.xls,PPV (mensal)2015
Cruzeiro,11,2015,3. OUTROS CRIMES,OCORRENCIA,FURTO A TRANSEUNTE,14,2,3,2,1,1,0,0,1,0,2,0,2,11_cruzeiro_1-4-1-2_agregado.xls,PPV (mensal)2015
Cruzeiro,11,2015,3. OUTROS CRIMES,OCORRENCIA,ROUBO EM RESIDÊNCIA,2,0,1,0,0,0,0,0,0,0,0,0,1,11_cruzeiro_1-4-1-2_agregado.xls,PPV (mensal)2015
Cruzeiro,11,2015,3. OUTROS CRIMES,OCORRENCIA,TENTATIVA DE HOMICÍDIO,1,0,0,0,0,0,0,1,0,0,0,0,0,11_cruzeiro_1-4-1-2_agregado.xls,PPV (mensal)2015
Cruzeiro,11,2015,4. PRODUTIVIDADE POLICIAL,OCORRENCIA,LOCALIZAÇÃO DE VEICULO FURTADO OU ROUBADO,33,0,9,1,1,4,3,1,1,3,6,2,2,11_cruzeiro_1-4-1-2_agregado.xls,PPV (mensal)2015
Cruzeiro,11,2015,4. PRODUTIVIDADE POLICIAL,OCORRENCIA,POSSE/PORTE DE ARMA,1,0,0,1,0,0,0,0,0,0,0,0,0,11_cruzeiro_1-4-1-2_agregado.xls,PPV (mensal)2015
Cruzeiro,11,2015,4. PRODUTIVIDADE POLICIAL,OCORRENCIA,TRÁFICO DE DROGAS,11,0,1,0,0,1,2,2,0,2,0,1,2,11_cruzeiro_1-4-1-2_agregado.xls,PPV (mensal)2015
Cruzeiro,11,2015,4. PRODUTIVIDADE POLICIAL,OCORRENCIA,USO E PORTE DE DROGAS,60,7,7,2,4,5,3,6,10,4,5,3,4,11_cruzeiro_1-4-1-2_agregado.xls,PPV (mensal)2015
Cruzeiro,11,2016,1. C.V.L.I. - CRIMES VIOLENTOS LETAIS INTENCIONAIS,OCORRENCIA,HOMICÍDIO,0,0,0,0,0,0,0,0,0,0,0,0,0,11_cruzeiro_1-4-1-2_agregado.xls,PPV(mensal)2016
Cruzeiro,11,2016,1. C.V.L.I. - CRIMES VIOLENTOS LETAIS INTENCIONAIS,OCORRENCIA,LATROCÍNIO,2,1,0,0,0,0,1,0,0,0,0,0,0,11_cruzeiro_1-4-1-2_agregado.xls,PPV(mensal)2016
Cruzeiro,11,2016,1. C.V.L.I. - CRIMES VIOLENTOS LETAIS INTENCIONAIS,OCORRENCIA,LESÃO CORPORAL SEG. DE MORTE,0,0,0,0,0,0,0,0,0,0,0,0,0,11_cruzeiro_1-4-1-2_agregado.xls,PPV(mensal)2016
Cruzeiro,11,2016,2. C.C.P. -                                                      CRIMES CONTRA O PATRIMÔNIO,OCORRENCIA,FURTO EM VEÍCULO,87,10,4,10,10,12,6,5,4,6,3,10,7,11_cruzeiro_1-4-1-2_agregado.xls,PPV(mensal)2016
Cruzeiro,11,2016,2. C.C.P. -                                                      CRIMES CONTRA O PATRIMÔNIO,OCORRENCIA,ROUBO A TRANSEUNTE,119,9,12,13,13,9,8,9,13,9,10,9,5,11_cruzeiro_1-4-1-2_agregado.xls,PPV(mensal)2016
Cruzeiro,11,2016,2. C.C.P. -                                                      CRIMES CONTRA O PATRIMÔNIO,OCORRENCIA,ROUBO DE VEÍCULO,30,4,3,1,2,0,1,3,2,3,4,4,3,11_cruzeiro_1-4-1-2_agregado.xls,PPV(mensal)2016
Cruzeiro,11,2016,2. C.C.P. -                                                      CRIMES CONTRA O PATRIMÔNIO,OCORRENCIA,ROUBO EM COLETIVO,6,1,0,0,1,0,2,1,0,0,0,1,0,11_cruzeiro_1-4-1-2_agregado.xls,PPV(mensal)2016
Cruzeiro,11,2016,2. C.C.P. -                                                      CRIMES CONTRA O PATRIMÔNIO,OCORRENCIA,ROUBO EM COMÉRCIO *,11,4,0,0,1,0,2,0,1,1,0,0,2,11_cruzeiro_1-4-1-2_agregado.xls,PPV(mensal)2016
Cruzeiro,11,2016,2. C.C.P. -                                                      CRIMES CONTRA O PATRIMÔNIO,OCORRENCIA,ROUBO EM RESIDÊNCIA,0,0,0,0,0,0,0,0,0,0,0,0,0,11_cruzeiro_1-4-1-2_agregado.xls,PPV(mensal)2016
Cruzeiro,11,2016,3. OUTROS CRIMES,OCORRENCIA,ESTUPRO,4,0,0,1,0,0,2,0,0,0,0,1,0,11_cruzeiro_1-4-1-2_agregado.xls,PPV(mensal)2016
Cruzeiro,11,2016,3. OUTROS CRIMES,OCORRENCIA,FURTO A TRANSEUNTE,8,0,3,0,2,0,0,1,1,0,0,1,0,11_cruzeiro_1-4-1-2_agregado.xls,PPV(mensal)2016
Cruzeiro,11,2016,3. OUTROS CRIMES,OCORRENCIA,TENTATIVA DE HOMICÍDIO,2,1,0,0,0,0,0,0,0,0,0,0,1,11_cruzeiro_1-4-1-2_agregado.xls,PPV(mensal)2016
Cruzeiro,11,2016,3. OUTROS CRIMES,OCORRENCIA,TENTATIVA DE LATROCÍNIO,2,1,0,0,0,0,1,0,0,0,0,0,0,11_cruzeiro_1-4-1-2_agregado.xls,PPV(mensal)2016
Cruzeiro,11,2016,4. PRODUTIVIDADE POLICIAL,OCORRENCIA,LOCALIZAÇÃO DE VEICULO FURTADO OU ROUBADO,32,5,2,3,1,3,3,3,4,3,1,3,1,11_cruzeiro_1-4-1-2_agregado.xls,PPV(mensal)2016
Cruzeiro,11,2016,4. PRODUTIVIDADE POLICIAL,OCORRENCIA,POSSE/PORTE DE ARMA,4,0,0,1,0,0,1,0,1,0,0,0,1,11_cruzeiro_1-4-1-2_agregado.xls,PPV(mensal)2016
Cruzeiro,11,2016,4. PRODUTIVIDADE POLICIAL,OCORRENCIA,TRÁFICO DE DROGAS,19,1,3,7,1,4,2,0,0,0,0,0,1,11_cruzeiro_1-4-1-2_agregado.xls,PPV(mensal)2016
Cruzeiro,11,2016,4. PRODUTIVIDADE POLICIAL,OCORRENCIA,USO E PORTE DE DROGAS,24,2,2,3,1,5,4,1,3,2,1,0,0,11_cruzeiro_1-4-1-2_agregado.xls,PPV(mensal)2016
Cruzeiro,11,2017,1. C.V.L.I. - CRIMES VIOLENTOS LETAIS INTENCIONAIS,OCORRENCIA,HOMICÍDIO,0,0,0,0,0,0,0,0,0,0,0,0,0,11_cruzeiro_1-4-1-2_agregado.xls,PPV(mensal)2017
Cruzeiro,11,2017,1. C.V.L.I. - CRIMES VIOLENTOS LETAIS INTENCIONAIS,OCORRENCIA,LATROCÍNIO,0,0,0,0,0,0,0,0,0,0,0,0,0,11_cruzeiro_1-4-1-2_agregado.xls,PPV(mensal)2017
Cruzeiro,11,2017,1. C.V.L.I. - CRIMES VIOLENTOS LETAIS INTENCIONAIS,OCORRENCIA,LESÃO CORPORAL SEG. DE MORTE,0,0,0,0,0,0,0,0,0,0,0,0,0,11_cruzeiro_1-4-1-2_agregado.xls,PPV(mensal)2017
Cruzeiro,11,2017,2. C.C.P. -                                                      CRIMES CONTRA O PATRIMÔNIO,OCORRENCIA,FURTO EM VEÍCULO,76,7,14,4,6,5,4,8,5,4,5,3,11,11_cruzeiro_1-4-1-2_agregado.xls,PPV(mensal)2017
Cruzeiro,11,2017,2. C.C.P. -                                                      CRIMES CONTRA O PATRIMÔNIO,OCORRENCIA,ROUBO A TRANSEUNTE,109,8,5,12,7,13,16,9,10,9,3,11,6,11_cruzeiro_1-4-1-2_agregado.xls,PPV(mensal)2017
Cruzeiro,11,2017,2. C.C.P. -                                                      CRIMES CONTRA O PATRIMÔNIO,OCORRENCIA,ROUBO DE VEÍCULO,38,5,1,4,2,3,6,5,4,1,2,4,1,11_cruzeiro_1-4-1-2_agregado.xls,PPV(mensal)2017
Cruzeiro,11,2017,2. C.C.P. -                                                      CRIMES CONTRA O PATRIMÔNIO,OCORRENCIA,ROUBO EM COLETIVO,3,0,0,0,0,0,0,0,1,2,0,0,0,11_cruzeiro_1-4-1-2_agregado.xls,PPV(mensal)2017
Cruzeiro,11,2017,2. C.C.P. -                                                      CRIMES CONTRA O PATRIMÔNIO,OCORRENCIA,ROUBO EM COMÉRCIO *,3,0,0,2,0,0,0,0,0,1,0,0,0,11_cruzeiro_1-4-1-2_agregado.xls,PPV(mensal)2017
Cruzeiro,11,2017,2. C.C.P. -                                                      CRIMES CONTRA O PATRIMÔNIO,OCORRENCIA,ROUBO EM RESIDÊNCIA,1,0,0,0,0,0,0,0,0,0,0,0,1,11_cruzeiro_1-4-1-2_agregado.xls,PPV(mensal)2017
Cruzeiro,11,2017,3. OUTROS CRIMES,OCORRENCIA,ESTUPRO,4,0,1,0,0,0,0,0,2,0,0,0,1,11_cruzeiro_1-4-1-2_agregado.xls,PPV(mensal)2017
Cruzeiro,11,2017,3. OUTROS CRIMES,OCORRENCIA,FURTO A TRANSEUNTE,11,0,1,2,0,1,3,2,0,1,1,0,0,11_cruzeiro_1-4-1-2_agregado.xls,PPV(mensal)2017
Cruzeiro,11,2017,3. OUTROS CRIMES,OCORRENCIA,TENTATIVA DE HOMICÍDIO,1,0,0,0,0,0,0,1,0,0,0,0,0,11_cruzeiro_1-4-1-2_agregado.xls,PPV(mensal)2017
Cruzeiro,11,2017,3. OUTROS CRIMES,OCORRENCIA,TENTATIVA DE LATROCÍNIO,2,0,0,0,0,0,0,0,2,0,0,0,0,11_cruzeiro_1-4-1-2_agregado.xls,PPV(mensal)2017
Cruzeiro,11,2017,4. PRODUTIVIDADE POLICIAL,OCORRENCIA,LOCALIZAÇÃO DE VEICULO FURTADO OU ROUBADO,21,4,1,2,1,1,0,2,4,2,2,1,1,11_cruzeiro_1-4-1-2_agregado.xls,PPV(mensal)2017
Cruzeiro,11,2017,4. PRODUTIVIDADE POLICIAL,OCORRENCIA,POSSE/PORTE DE ARMA,1,0,0,0,1,0,0,0,0,0,0,0,0,11_cruzeiro_1-4-1-2_agregado.xls,PPV(mensal)2017
Cruzeiro,11,2017,4. PRODUTIVIDADE POLICIAL,OCORRENCIA,TRÁFICO DE DROGAS,7,0,0,0,0,0,3,0,1,2,0,1,0,11_cruzeiro_1-4-1-2_agregado.xls,PPV(mensal)2017
Cruzeiro,11,2017,4. PRODUTIVIDADE POLICIAL,OCORRENCIA,USO E PORTE DE DROGAS,46,2,3,2,1,6,3,4,6,9,2,5,3,11_cruzeiro_1-4-1-2_agregado.xls,PPV(mensal)2017
Cruzeiro,11,2018,1. C.V.L.I. - CRIMES VIOLENTOS LETAIS INTENCIONAIS,OCORRENCIA,HOMICÍDIO,0,0,0,0,0,0,0,0,0,0,0,0,0,11_cruzeiro_1-4-1-2_agregado.xls,PPV(mensal)2018
Cruzeiro,11,2018,1. C.V.L.I. - CRIMES VIOLENTOS LETAIS INTENCIONAIS,OCORRENCIA,LATROCÍNIO,0,0,0,0,0,0,0,0,0,0,0,0,0,11_cruzeiro_1-4-1-2_agregado.xls,PPV(mensal)2018
Cruzeiro,11,2018,1. C.V.L.I. - CRIMES VIOLENTOS LETAIS INTENCIONAIS,OCORRENCIA,LESÃO CORPORAL SEG. DE MORTE,0,0,0,0,0,0,0,0,0,0,0,0,0,11_cruzeiro_1-4-1-2_agregado.xls,PPV(mensal)2018
Cruzeiro,11,2018,2. C.C.P. -                                                      CRIMES CONTRA O PATRIMÔNIO,OCORRENCIA,FURTO EM VEÍCULO,90,11,4,9,7,10,9,7,7,3,12,8,3,11_cruzeiro_1-4-1-2_agregado.xls,PPV(mensal)2018
Cruzeiro,11,2018,2. C.C.P. -                                                      CRIMES CONTRA O PATRIMÔNIO,OCORRENCIA,ROUBO A TRANSEUNTE,142,9,10,7,14,12,22,8,14,8,12,16,10,11_cruzeiro_1-4-1-2_agregado.xls,PPV(mensal)2018
Cruzeiro,11,2018,2. C.C.P. -                                                      CRIMES CONTRA O PATRIMÔNIO,OCORRENCIA,ROUBO DE VEÍCULO,9,1,1,1,1,2,0,1,1,0,0,1,0,11_cruzeiro_1-4-1-2_agregado.xls,PPV(mensal)2018
Cruzeiro,11,2018,2. C.C.P. -                                                      CRIMES CONTRA O PATRIMÔNIO,OCORRENCIA,ROUBO EM COLETIVO,5,0,2,0,0,3,0,0,0,0,0,0,0,11_cruzeiro_1-4-1-2_agregado.xls,PPV(mensal)2018
Cruzeiro,11,2018,2. C.C.P. -                                                      CRIMES CONTRA O PATRIMÔNIO,OCORRENCIA,ROUBO EM COMÉRCIO *,4,0,3,0,0,0,0,1,0,0,0,0,0,11_cruzeiro_1-4-1-2_agregado.xls,PPV(mensal)2018
Cruzeiro,11,2018,2. C.C.P. -                                                      CRIMES CONTRA O PATRIMÔNIO,OCORRENCIA,ROUBO EM RESIDÊNCIA,3,1,0,0,1,0,0,1,0,0,0,0,0,11_cruzeiro_1-4-1-2_agregado.xls,PPV(mensal)2018
Cruzeiro,11,2018,3. OUTROS CRIMES,OCORRENCIA,ESTUPRO,3,0,1,0,0,0,2,0,0,0,0,0,0,11_cruzeiro_1-4-1-2_agregado.xls,PPV(mensal)2018
Cruzeiro,11,2018,3. OUTROS CRIMES,OCORRENCIA,FURTO A TRANSEUNTE,5,0,0,2,0,0,1,1,0,1,0,0,0,11_cruzeiro_1-4-1-2_agregado.xls,PPV(mensal)2018
Cruzeiro,11,2018,3. OUTROS CRIMES,OCORRENCIA,TENTATIVA DE HOMICÍDIO,2,0,0,0,1,0,0,0,0,1,0,0,0,11_cruzeiro_1-4-1-2_agregado.xls,PPV(mensal)2018
Cruzeiro,11,2018,3. OUTROS CRIMES,OCORRENCIA,TENTATIVA DE LATROCÍNIO,0,0,0,0,0,0,0,0,0,0,0,0,0,11_cruzeiro_1-4-1-2_agregado.xls,PPV(mensal)2018
Cruzeiro,11,2018,4. PRODUTIVIDADE POLICIAL,OCORRENCIA,LOCALIZAÇÃO DE VEICULO FURTADO OU ROUBADO,21,5,2,1,3,3,1,0,0,2,2,1,1,11_cruzeiro_1-4-1-2_agregado.xls,PPV(mensal)2018
Cruzeiro,11,2018,4. PRODUTIVIDADE POLICIAL,OCORRENCIA,POSSE/PORTE DE ARMA,3,0,1,1,0,0,0,0,0,0,1,0,0,11_cruzeiro_1-4-1-2_agregado.xls,PPV(mensal)2018
Cruzeiro,11,2018,4. PRODUTIVIDADE POLICIAL,OCORRENCIA,TRÁFICO DE DROGAS,4,0,0,1,0,1,1,1,0,0,0,0,0,11_cruzeiro_1-4-1-2_agregado.xls,PPV(mensal)2018
Cruzeiro,11,2018,4. PRODUTIVIDADE POLICIAL,OCORRENCIA,USO E PORTE DE DROGAS,50,4,4,11,1,4,1,5,4,5,7,2,2,11_cruzeiro_1-4-1-2_agregado.xls,PPV(mensal)2018
Cruzeiro,11,2026,1. C.V.L.I. - CRIMES VIOLENTOS LETAIS INTENCIONAIS,OCORRENCIA,HOMICÍDIO,0,0,0,0,0,0,0,0,0,0,0,0,0,11_CRUZEIRO (4)_2026.xlsx,mensal
Cruzeiro,11,2026,1. C.V.L.I. - CRIMES VIOLENTOS LETAIS INTENCIONAIS,OCORRENCIA,LATROCÍNIO,0,0,0,0,0,0,0,0,0,0,0,0,0,11_CRUZEIRO (4)_2026.xlsx,mensal
Cruzeiro,11,2026,1. C.V.L.I. - CRIMES VIOLENTOS LETAIS INTENCIONAIS,OCORRENCIA,LESÃO CORPORAL SEG. DE MORTE,0,0,0,0,0,0,0,0,0,0,0,0,0,11_CRUZEIRO (4)_2026.xlsx,mensal
Cruzeiro,11,2026,2. C.C.P. -                                                      CRIMES CONTRA O PATRIMÔNIO,OCORRENCIA,FURTO EM VEÍCULO,12,2,0,2,0,2,1,2,3,0,0,0,0,11_CRUZEIRO (4)_2026.xlsx,mensal
Cruzeiro,11,2026,2. C.C.P. -                                                      CRIMES CONTRA O PATRIMÔNIO,OCORRENCIA,ROUBO A TRANSEUNTE,10,0,2,2,1,2,1,2,0,0,0,0,0,11_CRUZEIRO (4)_2026.xlsx,mensal
Cruzeiro,11,2026,2. C.C.P. -                                                      CRIMES CONTRA O PATRIMÔNIO,OCORRENCIA,ROUBO DE VEÍCULO,1,0,1,0,0,0,0,0,0,0,0,0,0,11_CRUZEIRO (4)_2026.xlsx,mensal
Cruzeiro,11,2026,2. C.C.P. -                                                      CRIMES CONTRA O PATRIMÔNIO,OCORRENCIA,ROUBO EM COLETIVO,0,0,0,0,0,0,0,0,0,0,0,0,0,11_CRUZEIRO (4)_2026.xlsx,mensal
Cruzeiro,11,2026,2. C.C.P. -                                                      CRIMES CONTRA O PATRIMÔNIO,OCORRENCIA,ROUBO EM COMÉRCIO *,0,0,0,0,0,0,0,0,0,0,0,0,0,11_CRUZEIRO (4)_2026.xlsx,mensal
Cruzeiro,11,2026,2. C.C.P. -                                                      CRIMES CONTRA O PATRIMÔNIO,OCORRENCIA,ROUBO EM RESIDÊNCIA,0,0,0,0,0,0,0,0,0,0,0,0,0,11_CRUZEIRO (4)_2026.xlsx,mensal
Cruzeiro,11,2026,3. OUTROS CRIMES,OCORRENCIA,ESTUPRO,3,2,0,0,0,0,0,0,1,0,0,0,0,11_CRUZEIRO (4)_2026.xlsx,mensal
Cruzeiro,11,2026,3. OUTROS CRIMES,OCORRENCIA,ESTUPRO DE VULNERÁVEL,1,0,1,0,0,0,0,0,0,0,0,0,0,11_CRUZEIRO (4)_2026.xlsx,mensal
Cruzeiro,11,2026,3. OUTROS CRIMES,OCORRENCIA,TENTATIVA DE HOMICÍDIO,3,0,0,0,0,0,1,2,0,0,0,0,0,11_CRUZEIRO (4)_2026.xlsx,mensal
Cruzeiro,11,2026,3. OUTROS CRIMES,OCORRENCIA,TENTATIVA DE LATROCÍNIO,0,0,0,0,0,0,0,0,0,0,0,0,0,11_CRUZEIRO (4)_2026.xlsx,mensal
Cruzeiro,11,2026,4. PRODUTIVIDADE POLICIAL,OCORRENCIA,LOCALIZAÇÃO DE VEICULO FURTADO OU ROUBADO,5,1,0,0,2,0,1,1,0,0,0,0,0,11_CRUZEIRO (4)_2026.xlsx,mensal
Cruzeiro,11,2026,4. PRODUTIVIDADE POLICIAL,OCORRENCIA,POSSE/PORTE DE ARMA,1,0,0,0,1,0,0,0,0,0,0,0,0,11_CRUZEIRO (4)_2026.xlsx,mensal
Cruzeiro,11,2026,4. PRODUTIVIDADE POLICIAL,OCORRENCIA,TRÁFICO DE DROGAS,5,1,1,0,2,0,0,0,1,0,0,0,0,11_CRUZEIRO (4)_2026.xlsx,mensal
Cruzeiro,11,2026,4. PRODUTIVIDADE POLICIAL,OCORRENCIA,USO E PORTE DE DROGAS,10,2,0,0,3,1,2,1,1,0,0,0,0,11_CRUZEIRO (4)_2026.xlsx,mensal
Distrito,00,2014,1. C.V.L.I. - CRIMES VIOLENTOS LETAIS INTENCIONAIS,OCORRENCIA,HOMICÍDIO,693,77,50,64,56,50,62,59,42,66,50,68,49,0_distrito-federal-1-16-1-6-1_agregado.xls,PPV (mensal)2014
Distrito,00,2014,1. C.V.L.I. - CRIMES VIOLENTOS LETAIS INTENCIONAIS,OCORRENCIA,LATROCÍNIO,47,6,1,7,5,8,2,0,4,2,4,5,3,0_distrito-federal-1-16-1-6-1_agregado.xls,PPV (mensal)2014
Distrito,00,2014,1. C.V.L.I. - CRIMES VIOLENTOS LETAIS INTENCIONAIS,OCORRENCIA,LESÃO CORPORAL SEG. DE MORTE,3,0,0,0,1,0,0,1,0,1,0,0,0,0_distrito-federal-1-16-1-6-1_agregado.xls,PPV (mensal)2014
Distrito,00,2014,2. C.C.P. -                                                      CRIMES CONTRA O PATRIMÔNIO,OCORRENCIA,FURTO EM VEÍCULO,16059,1474,1405,1387,1212,1306,1261,1322,1305,1363,1344,1426,1254,0_distrito-federal-1-16-1-6-1_agregado.xls,PPV (mensal)2014
Distrito,00,2014,2. C.C.P. -                                                      CRIMES CONTRA O PATRIMÔNIO,OCORRENCIA,ROUBO A TRANSEUNTE,31615,2294,2549,2996,2756,2877,2204,2651,2808,2792,2709,2515,2464,0_distrito-federal-1-16-1-6-1_agregado.xls,PPV (mensal)2014
Distrito,00,2014,2. C.C.P. -                                                      CRIMES CONTRA O PATRIMÔNIO,OCORRENCIA,ROUBO DE VEÍCULO,7124,848,786,750,708,619,438,434,488,516,515,549,473,0_distrito-federal-1-16-1-6-1_agregado.xls,PPV (mensal)2014
Distrito,00,2014,2. C.C.P. -                                                      CRIMES CONTRA O PATRIMÔNIO,OCORRENCIA,ROUBO EM COLETIVO,2254,213,249,249,177,182,198,189,170,136,193,191,107,0_distrito-federal-1-16-1-6-1_agregado.xls,PPV (mensal)2014
Distrito,00,2014,2. C.C.P. -                                                      CRIMES CONTRA O PATRIMÔNIO,OCORRENCIA,ROUBO EM COMÉRCIO *,3780,587,470,488,379,308,277,228,202,186,229,216,210,0_distrito-federal-1-16-1-6-1_agregado.xls,PPV (mensal)2014
Distrito,00,2014,3. OUTROS CRIMES,OCORRENCIA,ESTUPRO,777,61,50,78,86,75,55,51,69,84,66,61,41,0_distrito-federal-1-16-1-6-1_agregado.xls,PPV (mensal)2014
Distrito,00,2014,3. OUTROS CRIMES,OCORRENCIA,FURTO A TRANSEUNTE,3114,195,208,273,258,251,282,296,267,302,241,244,297,0_distrito-federal-1-16-1-6-1_agregado.xls,PPV (mensal)2014
Distrito,00,2014,3. OUTROS CRIMES,OCORRENCIA,ROUBO EM RESIDÊNCIA,582,74,50,40,44,46,47,40,40,38,47,51,65,0_distrito-federal-1-16-1-6-1_agregado.xls,PPV (mensal)2014
Distrito,00,2014,3. OUTROS CRIMES,OCORRENCIA,TENTATIVA DE HOMICÍDIO,1174,140,109,108,81,91,85,104,77,96,82,104,97,0_distrito-federal-1-16-1-6-1_agregado.xls,PPV (mensal)2014
Distrito,00,2014,4. PRODUTIVIDADE POLICIAL,OCORRENCIA,LOCALIZAÇÃO DE VEICULO FURTADO OU ROUBADO,9933,1180,1025,958,933,839,698,670,703,718,693,777,739,0_distrito-federal-1-16-1-6-1_agregado.xls,PPV (mensal)2014
Distrito,00,2014,4. PRODUTIVIDADE POLICIAL,OCORRENCIA,POSSE/PORTE DE ARMA,1559,93,112,191,138,151,132,131,126,100,109,143,133,0_distrito-federal-1-16-1-6-1_agregado.xls,PPV (mensal)2014
Distrito,00,2014,4. PRODUTIVIDADE POLICIAL,OCORRENCIA,TRÁFICO DE DROGAS,2329,129,120,200,191,205,158,221,227,227,243,199,209,0_distrito-federal-1-16-1-6-1_agregado.xls,PPV (mensal)2014
Distrito,00,2014,4. PRODUTIVIDADE POLICIAL,OCORRENCIA,USO E PORTE DE DROGAS,5298,267,273,389,396,428,393,428,504,598,606,517,499,0_distrito-federal-1-16-1-6-1_agregado.xls,PPV (mensal)2014
Distrito,00,2015,1. C.V.L.I. - CRIMES VIOLENTOS LETAIS INTENCIONAIS,OCORRENCIA,HOMICÍDIO,618,67,47,53,58,46,48,45,36,44,56,50,68,0_distrito-federal-1-16-1-6-1_agregado.xls,PPV (mensal)2015
Distrito,00,2015,1. C.V.L.I. - CRIMES VIOLENTOS LETAIS INTENCIONAIS,OCORRENCIA,LATROCÍNIO,46,9,2,3,2,4,6,3,1,3,6,3,4,0_distrito-federal-1-16-1-6-1_agregado.xls,PPV (mensal)2015
Distrito,00,2015,1. C.V.L.I. - CRIMES VIOLENTOS LETAIS INTENCIONAIS,OCORRENCIA,LESÃO CORPORAL SEG. DE MORTE,7,2,0,1,0,0,1,0,1,0,1,1,0,0_distrito-federal-1-16-1-6-1_agregado.xls,PPV (mensal)2015
Distrito,00,2015,2. C.C.P. -                                                      CRIMES CONTRA O PATRIMÔNIO,OCORRENCIA,FURTO EM VEÍCULO,11327,1237,996,1332,1114,1127,977,844,788,274,854,822,962,0_distrito-federal-1-16-1-6-1_agregado.xls,PPV (mensal)2015
Distrito,00,2015,2. C.C.P. -                                                      CRIMES CONTRA O PATRIMÔNIO,OCORRENCIA,ROUBO A TRANSEUNTE,30280,2860,2495,3011,2779,2568,2407,2361,2442,1285,2720,2656,2696,0_distrito-federal-1-16-1-6-1_agregado.xls,PPV (mensal)2015
Distrito,00,2015,2. C.C.P. -                                                      CRIMES CONTRA O PATRIMÔNIO,OCORRENCIA,ROUBO DE VEÍCULO,4808,522,387,466,430,407,313,325,334,342,432,440,410,0_distrito-federal-1-16-1-6-1_agregado.xls,PPV (mensal)2015
Distrito,00,2015,2. C.C.P. -                                                      CRIMES CONTRA O PATRIMÔNIO,OCORRENCIA,ROUBO EM COLETIVO,2397,211,141,158,251,162,160,151,165,175,314,256,253,0_distrito-federal-1-16-1-6-1_agregado.xls,PPV (mensal)2015
Distrito,00,2015,2. C.C.P. -                                                      CRIMES CONTRA O PATRIMÔNIO,OCORRENCIA,ROUBO EM COMÉRCIO *,2646,357,238,229,234,196,206,212,165,128,230,212,239,0_distrito-federal-1-16-1-6-1_agregado.xls,PPV (mensal)2015
Distrito,00,2015,3. OUTROS CRIMES,OCORRENCIA,ESTUPRO,624,45,45,68,45,61,49,48,52,45,52,60,54,0_distrito-federal-1-16-1-6-1_agregado.xls,PPV (mensal)2015
Distrito,00,2015,3. OUTROS CRIMES,OCORRENCIA,FURTO A TRANSEUNTE,3024,248,279,280,252,296,269,242,288,93,249,247,281,0_distrito-federal-1-16-1-6-1_agregado.xls,PPV (mensal)2015
Distrito,00,2015,3. OUTROS CRIMES,OCORRENCIA,ROUBO EM RESIDÊNCIA,684,52,57,68,50,32,52,60,62,33,70,66,82,0_distrito-federal-1-16-1-6-1_agregado.xls,PPV (mensal)2015
Distrito,00,2015,3. OUTROS CRIMES,OCORRENCIA,TENTATIVA DE HOMICÍDIO,996,104,72,94,91,89,63,68,78,77,97,66,97,0_distrito-federal-1-16-1-6-1_agregado.xls,PPV (mensal)2015
Distrito,00,2015,4. PRODUTIVIDADE POLICIAL,OCORRENCIA,LOCALIZAÇÃO DE VEICULO FURTADO OU ROUBADO,7408,732,569,677,656,657,580,602,614,378,677,622,644,0_distrito-federal-1-16-1-6-1_agregado.xls,PPV (mensal)2015
Distrito,00,2015,4. PRODUTIVIDADE POLICIAL,OCORRENCIA,POSSE/PORTE DE ARMA,1543,141,135,144,144,144,133,101,126,143,134,104,94,0_distrito-federal-1-16-1-6-1_agregado.xls,PPV (mensal)2015
Distrito,00,2015,4. PRODUTIVIDADE POLICIAL,OCORRENCIA,TRÁFICO DE DROGAS,2911,250,239,269,281,250,296,266,264,164,229,184,219,0_distrito-federal-1-16-1-6-1_agregado.xls,PPV (mensal)2015
Distrito,00,2015,4. PRODUTIVIDADE POLICIAL,OCORRENCIA,USO E PORTE DE DROGAS,7301,568,649,707,618,668,710,647,723,474,568,483,486,0_distrito-federal-1-16-1-6-1_agregado.xls,PPV (mensal)2015
Distrito Federal,00,2016,1. C.V.L.I. - CRIMES VIOLENTOS LETAIS INTENCIONAIS,OCORRENCIA,HOMICÍDIO,588,74,51,46,54,40,40,30,50,58,50,47,48,0_distrito-federal-1-16-1-6-1_agregado.xls,PPV(mensal)2016
Distrito Federal,00,2016,1. C.V.L.I. - CRIMES VIOLENTOS LETAIS INTENCIONAIS,OCORRENCIA,LATROCÍNIO,42,4,2,2,6,3,5,6,6,2,2,1,3,0_distrito-federal-1-16-1-6-1_agregado.xls,PPV(mensal)2016
Distrito Federal,00,2016,1. C.V.L.I. - CRIMES VIOLENTOS LETAIS INTENCIONAIS,OCORRENCIA,LESÃO CORPORAL SEG. DE MORTE,5,1,1,0,1,1,0,0,0,1,0,0,0,0_distrito-federal-1-16-1-6-1_agregado.xls,PPV(mensal)2016
Distrito Federal,00,2016,2. C.C.P. -   CRIMES CONTRA O PATRIMÔNIO,OCORRENCIA,FURTO EM VEÍCULO,12799,1000,890,1044,1382,1350,1127,1097,1110,1025,888,941,945,0_distrito-federal-1-16-1-6-1_agregado.xls,PPV(mensal)2016
Distrito Federal,00,2016,2. C.C.P. -   CRIMES CONTRA O PATRIMÔNIO,OCORRENCIA,ROUBO A TRANSEUNTE,38206,3061,2954,3730,3540,3351,3218,3309,3254,3070,2718,3074,2927,0_distrito-federal-1-16-1-6-1_agregado.xls,PPV(mensal)2016
Distrito Federal,00,2016,2. C.C.P. -   CRIMES CONTRA O PATRIMÔNIO,OCORRENCIA,ROUBO DE VEÍCULO,5663,492,411,464,480,491,371,468,470,506,526,513,471,0_distrito-federal-1-16-1-6-1_agregado.xls,PPV(mensal)2016
Distrito Federal,00,2016,2. C.C.P. -   CRIMES CONTRA O PATRIMÔNIO,OCORRENCIA,ROUBO EM COMÉRCIO *,2773,323,252,242,251,232,240,212,203,198,188,215,217,0_distrito-federal-1-16-1-6-1_agregado.xls,PPV(mensal)2016
Distrito Federal,00,2016,2. C.C.P. -   CRIMES CONTRA O PATRIMÔNIO,OCORRENCIA,ROUBO EM RESIDÊNCIA,919,89,91,88,74,70,57,64,83,68,63,80,92,0_distrito-federal-1-16-1-6-1_agregado.xls,PPV(mensal)2016
Distrito Federal,00,2016,2. C.C.P. -   CRIMES CONTRA O PATRIMÔNIO,OCORRENCIA,ROUBO EM TRANSPORTE COLETIVO,3130,240,170,236,220,187,216,226,237,278,369,380,371,0_distrito-federal-1-16-1-6-1_agregado.xls,PPV(mensal)2016
Distrito Federal,00,2016,3. OUTROS CRIMES,OCORRENCIA,ESTUPRO,666,48,33,56,58,53,66,65,63,71,53,39,61,0_distrito-federal-1-16-1-6-1_agregado.xls,PPV(mensal)2016
Distrito Federal,00,2016,3. OUTROS CRIMES,OCORRENCIA,FURTO A TRANSEUNTE,3013,246,317,224,210,280,265,281,258,238,205,220,269,0_distrito-federal-1-16-1-6-1_agregado.xls,PPV(mensal)2016
Distrito Federal,00,2016,3. OUTROS CRIMES,OCORRENCIA,TENTATIVA DE HOMICÍDIO,948,96,76,91,75,63,62,60,74,91,92,71,97,0_distrito-federal-1-16-1-6-1_agregado.xls,PPV(mensal)2016
Distrito Federal,00,2016,3. OUTROS CRIMES,OCORRENCIA,TENTATIVA DE LATROCÍNIO,261,25,17,30,15,12,16,21,33,19,20,30,23,0_distrito-federal-1-16-1-6-1_agregado.xls,PPV(mensal)2016
Distrito Federal,00,2016,4. PRODUTIVIDADE POLICIAL,OCORRENCIA,LOCALIZAÇÃO DE VEÍCULO FURTADO OU ROUBADO,7910,734,607,703,713,771,605,634,634,588,611,642,668,0_distrito-federal-1-16-1-6-1_agregado.xls,PPV(mensal)2016
Distrito Federal,00,2016,4. PRODUTIVIDADE POLICIAL,OCORRENCIA,POSSE/PORTE DE ARMA DE FOGO,1405,117,124,123,119,125,117,119,115,115,120,107,104,0_distrito-federal-1-16-1-6-1_agregado.xls,PPV(mensal)2016
Distrito Federal,00,2016,4. PRODUTIVIDADE POLICIAL,OCORRENCIA,TRÁFICO DE DROGAS,2300,215,217,248,198,246,269,250,157,124,114,134,128,0_distrito-federal-1-16-1-6-1_agregado.xls,PPV(mensal)2016
Distrito Federal,00,2016,4. PRODUTIVIDADE POLICIAL,OCORRENCIA,USO E PORTE DE DROGAS,6037,548,609,645,532,647,622,602,400,341,346,348,397,0_distrito-federal-1-16-1-6-1_agregado.xls,PPV(mensal)2016
Distrito Federal,00,2017,1. C.V.L.I. - CRIMES VIOLENTOS LETAIS INTENCIONAIS,OCORRENCIA,HOMICÍDIO,498,41,50,46,38,31,36,36,31,41,52,46,50,0_distrito-federal-1-16-1-6-1_agregado.xls,PPV(mensal)2017
Distrito Federal,00,2017,1. C.V.L.I. - CRIMES VIOLENTOS LETAIS INTENCIONAIS,OCORRENCIA,LATROCÍNIO,36,4,3,3,2,5,1,2,4,3,5,2,2,0_distrito-federal-1-16-1-6-1_agregado.xls,PPV(mensal)2017
Distrito Federal,00,2017,1. C.V.L.I. - CRIMES VIOLENTOS LETAIS INTENCIONAIS,OCORRENCIA,LESÃO CORPORAL SEG. DE MORTE,5,0,0,0,0,1,0,2,0,0,0,2,0,0_distrito-federal-1-16-1-6-1_agregado.xls,PPV(mensal)2017
Distrito Federal,00,2017,2. C.C.P. -                                                      CRIMES CONTRA O PATRIMÔNIO,OCORRENCIA,FURTO EM VEÍCULO,12656,1012,979,1067,988,1186,1163,1059,881,975,1072,1187,1087,0_distrito-federal-1-16-1-6-1_agregado.xls,PPV(mensal)2017
Distrito Federal,00,2017,2. C.C.P. -                                                      CRIMES CONTRA O PATRIMÔNIO,OCORRENCIA,ROUBO A TRANSEUNTE,36763,3071,3343,3738,2969,3399,2988,2781,3088,2817,2936,3051,2582,0_distrito-federal-1-16-1-6-1_agregado.xls,PPV(mensal)2017
Distrito Federal,00,2017,2. C.C.P. -                                                      CRIMES CONTRA O PATRIMÔNIO,OCORRENCIA,ROUBO DE VEÍCULO,4855,443,457,501,399,430,346,369,374,320,396,430,390,0_distrito-federal-1-16-1-6-1_agregado.xls,PPV(mensal)2017
Distrito Federal,00,2017,2. C.C.P. -                                                      CRIMES CONTRA O PATRIMÔNIO,OCORRENCIA,ROUBO EM COLETIVO,2681,233,286,248,219,245,188,166,219,264,186,278,149,0_distrito-federal-1-16-1-6-1_agregado.xls,PPV(mensal)2017
Distrito Federal,00,2017,2. C.C.P. -                                                      CRIMES CONTRA O PATRIMÔNIO,OCORRENCIA,ROUBO EM COMÉRCIO *,2136,186,157,178,169,191,198,193,179,155,209,158,163,0_distrito-federal-1-16-1-6-1_agregado.xls,PPV(mensal)2017
Distrito Federal,00,2017,2. C.C.P. -                                                      CRIMES CONTRA O PATRIMÔNIO,OCORRENCIA,ROUBO EM RESIDÊNCIA,862,86,67,79,83,65,78,52,73,68,68,57,86,0_distrito-federal-1-16-1-6-1_agregado.xls,PPV(mensal)2017
Distrito Federal,00,2017,3. OUTROS CRIMES,OCORRENCIA,ESTUPRO,883,59,42,67,76,95,80,70,82,72,95,71,74,0_distrito-federal-1-16-1-6-1_agregado.xls,PPV(mensal)2017
Distrito Federal,00,2017,3. OUTROS CRIMES,OCORRENCIA,FURTO A TRANSEUNTE,3149,247,322,335,208,292,257,244,265,269,211,232,267,0_distrito-federal-1-16-1-6-1_agregado.xls,PPV(mensal)2017
Distrito Federal,00,2017,3. OUTROS CRIMES,OCORRENCIA,TENTATIVA DE HOMICÍDIO,907,79,85,87,78,64,69,77,81,77,74,77,59,0_distrito-federal-1-16-1-6-1_agregado.xls,PPV(mensal)2017
Distrito Federal,00,2017,3. OUTROS CRIMES,OCORRENCIA,TENTATIVA DE LATROCÍNIO,243,17,14,22,21,15,19,22,19,14,25,27,28,0_distrito-federal-1-16-1-6-1_agregado.xls,PPV(mensal)2017
Distrito Federal,00,2017,4. PRODUTIVIDADE POLICIAL,OCORRENCIA,LOCALIZAÇÃO DE VEICULO FURTADO OU ROUBADO,6597,585,543,640,551,611,528,488,561,497,500,529,564,0_distrito-federal-1-16-1-6-1_agregado.xls,PPV(mensal)2017
Distrito Federal,00,2017,4. PRODUTIVIDADE POLICIAL,OCORRENCIA,POSSE/PORTE DE ARMA DE FOGO,1362,128,107,126,137,98,107,102,112,107,121,93,124,0_distrito-federal-1-16-1-6-1_agregado.xls,PPV(mensal)2017
Distrito Federal,00,2017,4. PRODUTIVIDADE POLICIAL,OCORRENCIA,TRÁFICO DE DROGAS,2577,177,174,175,205,228,233,214,267,250,243,186,225,0_distrito-federal-1-16-1-6-1_agregado.xls,PPV(mensal)2017
Distrito Federal,00,2017,4. PRODUTIVIDADE POLICIAL,OCORRENCIA,USO E PORTE DE DROGAS,5722,381,395,377,389,529,546,463,556,536,551,518,481,0_distrito-federal-1-16-1-6-1_agregado.xls,PPV(mensal)2017
Distrito Federal,00,2018,1. C.V.L.I. - CRIMES VIOLENTOS LETAIS INTENCIONAIS,OCORRÊNCIA,HOMICÍDIO,439,34,44,39,37,41,40,33,29,26,47,34,35,0_distrito-federal-1-16-1-6-1_agregado.xls,PPV(mensal) 2018
Distrito Federal,00,2018,1. C.V.L.I. - CRIMES VIOLENTOS LETAIS INTENCIONAIS,VÍTIMA,HOMICÍDIO,453,37,47,41,39,41,40,35,29,26,48,34,36,0_distrito-federal-1-16-1-6-1_agregado.xls,PPV(mensal) 2018
Distrito Federal,00,2018,1. C.V.L.I. - CRIMES VIOLENTOS LETAIS INTENCIONAIS,OCORRÊNCIA,LATROCÍNIO,27,0,3,4,2,3,2,1,2,2,2,3,3,0_distrito-federal-1-16-1-6-1_agregado.xls,PPV(mensal) 2018
Distrito Federal,00,2018,1. C.V.L.I. - CRIMES VIOLENTOS LETAIS INTENCIONAIS,VÍTIMA,LATROCÍNIO,27,0,3,4,2,3,2,1,2,2,2,3,3,0_distrito-federal-1-16-1-6-1_agregado.xls,PPV(mensal) 2018
Distrito Federal,00,2018,1. C.V.L.I. - CRIMES VIOLENTOS LETAIS INTENCIONAIS,OCORRÊNCIA,LESÃO CORPORAL SEG. DE MORTE,8,2,1,1,0,1,1,0,1,0,0,1,0,0_distrito-federal-1-16-1-6-1_agregado.xls,PPV(mensal) 2018
Distrito Federal,00,2018,1. C.V.L.I. - CRIMES VIOLENTOS LETAIS INTENCIONAIS,VÍTIMA,LESÃO CORPORAL SEG. DE MORTE,8,3,1,1,0,1,0,0,1,0,0,1,0,0_distrito-federal-1-16-1-6-1_agregado.xls,PPV(mensal) 2018
Distrito Federal,00,2018,1.TOTAL,VÍTIMA,VÍTIMAS C.V.L.I.,488,40,51,46,41,45,42,36,32,28,50,38,39,0_distrito-federal-1-16-1-6-1_agregado.xls,PPV(mensal) 2018
Distrito Federal,00,2018,2. C.C.P. -                                                      CRIMES CONTRA O PATRIMÔNIO,VÍTIMA,FURTO EM VEÍCULO,10572,1049,800,987,936,918,784,820,903,889,899,844,743,0_distrito-federal-1-16-1-6-1_agregado.xls,PPV(mensal) 2018
Distrito Federal,00,2018,2. C.C.P. -                                                      CRIMES CONTRA O PATRIMÔNIO,VÍTIMA,ROUBO A TRANSEUNTE,33046,2641,2510,2913,2941,2962,2957,2681,3010,2459,2869,2740,2363,0_distrito-federal-1-16-1-6-1_agregado.xls,PPV(mensal) 2018
Distrito Federal,00,2018,2. C.C.P. -                                                      CRIMES CONTRA O PATRIMÔNIO,VÍTIMA,ROUBO DE VEÍCULO,3998,316,352,377,384,333,326,356,377,303,297,335,242,0_distrito-federal-1-16-1-6-1_agregado.xls,PPV(mensal) 2018
Distrito Federal,00,2018,2. C.C.P. -                                                      CRIMES CONTRA O PATRIMÔNIO,VÍTIMA,ROUBO EM COLETIVO,1588,132,174,181,175,147,160,139,98,89,100,95,98,0_distrito-federal-1-16-1-6-1_agregado.xls,PPV(mensal) 2018
Distrito Federal,00,2018,2. C.C.P. -                                                      CRIMES CONTRA O PATRIMÔNIO,VÍTIMA,ROUBO EM COMÉRCIO *,1786,172,177,158,167,154,159,133,142,124,145,162,93,0_distrito-federal-1-16-1-6-1_agregado.xls,PPV(mensal) 2018
Distrito Federal,00,2018,2. C.C.P. -                                                      CRIMES CONTRA O PATRIMÔNIO,VÍTIMA,ROUBO EM RESIDÊNCIA,598,46,43,59,55,68,49,56,49,52,39,52,30,0_distrito-federal-1-16-1-6-1_agregado.xls,PPV(mensal) 2018
Distrito Federal,00,2018,3. OUTROS CRIMES,VÍTIMA,ESTUPRO,902,61,65,74,75,74,69,68,101,86,82,79,68,0_distrito-federal-1-16-1-6-1_agregado.xls,PPV(mensal) 2018
Distrito Federal,00,2018,3. OUTROS CRIMES,VÍTIMA,FURTO A TRANSEUNTE,3214,252,259,249,250,281,231,263,273,234,329,294,299,0_distrito-federal-1-16-1-6-1_agregado.xls,PPV(mensal) 2018
Distrito Federal,00,2018,3. OUTROS CRIMES,VÍTIMA,TENTATIVA DE HOMICÍDIO,871,66,79,77,87,70,72,56,67,69,92,69,67,0_distrito-federal-1-16-1-6-1_agregado.xls,PPV(mensal) 2018
Distrito Federal,00,2018,3. OUTROS CRIMES,VÍTIMA,TENTATIVA DE LATROCÍNIO,194,24,14,17,9,12,13,20,22,10,15,24,14,0_distrito-federal-1-16-1-6-1_agregado.xls,PPV(mensal) 2018
Distrito Federal,00,2018,4. PRODUTIVIDADE POLICIAL,VÍTIMA,LOCALIZAÇÃO DE VEICULO FURTADO OU ROUBADO,5762,442,423,542,535,491,471,522,534,426,491,477,408,0_distrito-federal-1-16-1-6-1_agregado.xls,PPV(mensal) 2018
Distrito Federal,00,2018,4. PRODUTIVIDADE POLICIAL,VÍTIMA,POSSE/PORTE DE ARMA DE FOGO,1234,102,97,112,112,88,102,103,98,120,97,107,96,0_distrito-federal-1-16-1-6-1_agregado.xls,PPV(mensal) 2018
Distrito Federal,00,2018,4. PRODUTIVIDADE POLICIAL,VÍTIMA,TRÁFICO DE DROGAS,2817,239,217,249,266,256,216,236,267,242,212,224,193,0_distrito-federal-1-16-1-6-1_agregado.xls,PPV(mensal) 2018
Distrito Federal,00,2018,4. PRODUTIVIDADE POLICIAL,VÍTIMA,USO E PORTE DE DROGAS,5620,484,515,585,569,440,433,419,505,462,429,400,379,0_distrito-federal-1-16-1-6-1_agregado.xls,PPV(mensal) 2018
Distrito Federal,00,2026,1. C.V.L.I. - CRIMES VIOLENTOS LETAIS INTENCIONAIS,OCORRÊNCIA,FEMINICÍDIO,15,2,2,1,2,2,2,0,4,0,0,0,0,00_DISTRITO_FEDERAL-2026_2026.xlsx,DF (site)
Distrito Federal,00,2026,1. C.V.L.I. - CRIMES VIOLENTOS LETAIS INTENCIONAIS,VÍTIMA,FEMINICÍDIO,15,2,2,1,2,2,2,0,4,0,0,0,0,00_DISTRITO_FEDERAL-2026_2026.xlsx,DF (site)
Distrito Federal,00,2026,1. C.V.L.I. - CRIMES VIOLENTOS LETAIS INTENCIONAIS,OCORRÊNCIA,HOMICÍDIO,117,18,5,20,11,16,15,11,21,0,0,0,0,00_DISTRITO_FEDERAL-2026_2026.xlsx,DF (site)
Distrito Federal,00,2026,1. C.V.L.I. - CRIMES VIOLENTOS LETAIS INTENCIONAIS,VÍTIMA,HOMICÍDIO,120,18,5,22,11,16,15,12,21,0,0,0,0,00_DISTRITO_FEDERAL-2026_2026.xlsx,DF (site)
Distrito Federal,00,2026,1. C.V.L.I. - CRIMES VIOLENTOS LETAIS INTENCIONAIS,OCORRÊNCIA,LATROCÍNIO,2,0,0,0,1,1,0,0,0,0,0,0,0,00_DISTRITO_FEDERAL-2026_2026.xlsx,DF (site)
Distrito Federal,00,2026,1. C.V.L.I. - CRIMES VIOLENTOS LETAIS INTENCIONAIS,VÍTIMA,LATROCÍNIO,2,0,0,0,1,1,0,0,0,0,0,0,0,00_DISTRITO_FEDERAL-2026_2026.xlsx,DF (site)
Distrito Federal,00,2026,1. C.V.L.I. - CRIMES VIOLENTOS LETAIS INTENCIONAIS,OCORRÊNCIA,LESÃO CORPORAL SEG. DE MORTE,3,0,0,0,0,2,1,0,0,0,0,0,0,00_DISTRITO_FEDERAL-2026_2026.xlsx,DF (site)
Distrito Federal,00,2026,1. C.V.L.I. - CRIMES VIOLENTOS LETAIS INTENCIONAIS,VÍTIMA,LESÃO CORPORAL SEG. DE MORTE,3,0,0,0,0,2,1,0,0,0,0,0,0,00_DISTRITO_FEDERAL-2026_2026.xlsx,DF (site)
Distrito Federal,00,2026,1.TOTAL,VÍTIMA,VÍTIMAS C.V.L.I.,140,20,7,23,14,21,18,12,25,0,0,0,0,00_DISTRITO_FEDERAL-2026_2026.xlsx,DF (site)
Distrito Federal,00,2026,2. C.C.P. - CRIMES CONTRA O PATRIMÔNIO,OCORRÊNCIA,FURTO EM VEÍCULO,3141,444,316,392,420,423,364,368,414,0,0,0,0,00_DISTRITO_FEDERAL-2026_2026.xlsx,DF (site)
Distrito Federal,00,2026,2. C.C.P. - CRIMES CONTRA O PATRIMÔNIO,OCORRÊNCIA,ROUBO A TRANSEUNTE,4863,650,619,668,676,651,543,557,499,0,0,0,0,00_DISTRITO_FEDERAL-2026_2026.xlsx,DF (site)
Distrito Federal,00,2026,2. C.C.P. - CRIMES CONTRA O PATRIMÔNIO,OCORRÊNCIA,ROUBO DE VEÍCULO,393,60,52,67,50,44,33,40,47,0,0,0,0,00_DISTRITO_FEDERAL-2026_2026.xlsx,DF (site)
Distrito Federal,00,2026,2. C.C.P. - CRIMES CONTRA O PATRIMÔNIO,OCORRÊNCIA,ROUBO EM COMÉRCIO *,140,18,18,15,17,25,11,22,14,0,0,0,0,00_DISTRITO_FEDERAL-2026_2026.xlsx,DF (site)
Distrito Federal,00,2026,2. C.C.P. - CRIMES CONTRA O PATRIMÔNIO,OCORRÊNCIA,ROUBO EM RESIDÊNCIA,70,19,4,9,8,8,7,8,7,0,0,0,0,00_DISTRITO_FEDERAL-2026_2026.xlsx,DF (site)
Distrito Federal,00,2026,2. C.C.P. - CRIMES CONTRA O PATRIMÔNIO,OCORRÊNCIA,ROUBO EM TRANSPORTE COLETIVO,63,15,10,7,11,5,8,1,6,0,0,0,0,00_DISTRITO_FEDERAL-2026_2026.xlsx,DF (site)
Distrito Federal,00,2026,3. OUTROS CRIMES,OCORRÊNCIA,ESTUPRO,246,34,41,22,33,27,25,37,27,0,0,0,0,00_DISTRITO_FEDERAL-2026_2026.xlsx,DF (site)
Distrito Federal,00,2026,3. OUTROS CRIMES,OCORRÊNCIA,ESTUPRO DE VULNERÁVEL,448,52,59,62,47,56,61,54,57,0,0,0,0,00_DISTRITO_FEDERAL-2026_2026.xlsx,DF (site)
Distrito Federal,00,2026,3. OUTROS CRIMES,OCORRÊNCIA,TENTATIVA DE FEMINICÍDIO,68,4,8,9,9,14,4,11,9,0,0,0,0,00_DISTRITO_FEDERAL-2026_2026.xlsx,DF (site)
Distrito Federal,00,2026,3. OUTROS CRIMES,OCORRÊNCIA,TENTATIVA DE HOMICÍDIO,361,48,37,45,57,48,39,36,51,0,0,0,0,00_DISTRITO_FEDERAL-2026_2026.xlsx,DF (site)
Distrito Federal,00,2026,3. OUTROS CRIMES,OCORRÊNCIA,TENTATIVA DE LATROCÍNIO,35,1,7,3,3,5,4,9,3,0,0,0,0,00_DISTRITO_FEDERAL-2026_2026.xlsx,DF (site)
Distrito Federal,00,2026,4. PRODUTIVIDADE POLICIAL,OCORRÊNCIA,LOCALIZAÇÃO DE VEÍCULO FURTADO OU ROUBADO,1396,220,162,175,188,158,175,152,166,0,0,0,0,00_DISTRITO_FEDERAL-2026_2026.xlsx,DF (site)
Distrito Federal,00,2026,4. PRODUTIVIDADE POLICIAL,OCORRÊNCIA,POSSE/PORTE DE ARMA DE FOGO,598,87,64,78,72,97,71,56,73,0,0,0,0,00_DISTRITO_FEDERAL-2026_2026.xlsx,DF (site)
Distrito Federal,00,2026,4. PRODUTIVIDADE POLICIAL,OCORRÊNCIA,TRÁFICO DE DROGAS,2416,309,301,288,313,307,277,298,323,0,0,0,0,00_DISTRITO_FEDERAL-2026_2026.xlsx,DF (site)
Distrito Federal,00,2026,4. PRODUTIVIDADE POLICIAL,OCORRÊNCIA,USO E PORTE DE DROGAS,1194,145,118,149,166,172,145,158,141,0,0,0,0,00_DISTRITO_FEDERAL-2026_2026.xlsx,DF (site)
Estrutural,25,2014,1. C.V.L.I. - CRIMES VIOLENTOS LETAIS INTENCIONAIS,OCORRENCIA,HOMICÍDIO,17,2,1,1,3,2,2,2,0,1,2,0,1,25_scia-estrutural_1-4-3_agregado.xls,PPV (mensal)2014
Estrutural,25,2014,1. C.V.L.I. - CRIMES VIOLENTOS LETAIS INTENCIONAIS,OCORRENCIA,LATROCÍNIO,1,1,0,0,0,0,0,0,0,0,0,0,0,25_scia-estrutural_1-4-3_agregado.xls,PPV (mensal)2014
Estrutural,25,2014,1. C.V.L.I. - CRIMES VIOLENTOS LETAIS INTENCIONAIS,OCORRENCIA,LESÃO CORPORAL SEG. DE MORTE,0,0,0,0,0,0,0,0,0,0,0,0,0,25_scia-estrutural_1-4-3_agregado.xls,PPV (mensal)2014
Estrutural,25,2014,2. C.C.P. -                                                      CRIMES CONTRA O PATRIMÔNIO,OCORRENCIA,FURTO EM VEÍCULO,69,8,6,5,9,6,6,10,2,9,4,2,2,25_scia-estrutural_1-4-3_agregado.xls,PPV (mensal)2014
Estrutural,25,2014,2. C.C.P. -                                                      CRIMES CONTRA O PATRIMÔNIO,OCORRENCIA,ROUBO A TRANSEUNTE,235,12,15,24,38,16,20,28,18,13,12,17,22,25_scia-estrutural_1-4-3_agregado.xls,PPV (mensal)2014
Estrutural,25,2014,2. C.C.P. -                                                      CRIMES CONTRA O PATRIMÔNIO,OCORRENCIA,ROUBO DE VEÍCULO,30,3,4,3,2,2,2,3,0,3,3,2,3,25_scia-estrutural_1-4-3_agregado.xls,PPV (mensal)2014
Estrutural,25,2014,2. C.C.P. -                                                      CRIMES CONTRA O PATRIMÔNIO,OCORRENCIA,ROUBO EM COLETIVO,217,22,20,21,19,15,14,14,18,11,31,24,8,25_scia-estrutural_1-4-3_agregado.xls,PPV (mensal)2014
Estrutural,25,2014,2. C.C.P. -                                                      CRIMES CONTRA O PATRIMÔNIO,OCORRENCIA,ROUBO EM COMÉRCIO *,72,3,7,9,11,7,7,6,7,3,2,5,5,25_scia-estrutural_1-4-3_agregado.xls,PPV (mensal)2014
Estrutural,25,2014,3. OUTROS CRIMES,OCORRENCIA,ESTUPRO,11,1,1,2,0,1,0,2,3,0,1,0,0,25_scia-estrutural_1-4-3_agregado.xls,PPV (mensal)2014
Estrutural,25,2014,3. OUTROS CRIMES,OCORRENCIA,FURTO A TRANSEUNTE,21,2,2,4,2,1,1,2,3,0,1,2,1,25_scia-estrutural_1-4-3_agregado.xls,PPV (mensal)2014
Estrutural,25,2014,3. OUTROS CRIMES,OCORRENCIA,ROUBO EM RESIDÊNCIA,5,0,0,1,1,0,1,0,0,1,0,1,0,25_scia-estrutural_1-4-3_agregado.xls,PPV (mensal)2014
Estrutural,25,2014,3. OUTROS CRIMES,OCORRENCIA,TENTATIVA DE HOMICÍDIO,30,5,4,3,1,2,3,2,2,2,1,2,3,25_scia-estrutural_1-4-3_agregado.xls,PPV (mensal)2014
Estrutural,25,2014,4. PRODUTIVIDADE POLICIAL,OCORRENCIA,LOCALIZAÇÃO DE VEICULO FURTADO OU ROUBADO,337,56,38,24,24,19,35,37,27,18,25,19,15,25_scia-estrutural_1-4-3_agregado.xls,PPV (mensal)2014
Estrutural,25,2014,4. PRODUTIVIDADE POLICIAL,OCORRENCIA,POSSE/PORTE DE ARMA,36,3,2,1,0,1,2,6,7,5,2,4,3,25_scia-estrutural_1-4-3_agregado.xls,PPV (mensal)2014
Estrutural,25,2014,4. PRODUTIVIDADE POLICIAL,OCORRENCIA,TRÁFICO DE DROGAS,48,4,1,5,2,1,4,3,6,3,5,6,8,25_scia-estrutural_1-4-3_agregado.xls,PPV (mensal)2014
Estrutural,25,2014,4. PRODUTIVIDADE POLICIAL,OCORRENCIA,USO E PORTE DE DROGAS,118,9,6,8,3,4,3,7,12,16,24,19,7,25_scia-estrutural_1-4-3_agregado.xls,PPV (mensal)2014
Estrutural,25,2015,1. C.V.L.I. - CRIMES VIOLENTOS LETAIS INTENCIONAIS,OCORRENCIA,HOMICÍDIO,24,1,3,3,0,5,0,1,1,1,1,5,3,25_scia-estrutural_1-4-3_agregado.xls,PPV (mensal)2015
Estrutural,25,2015,1. C.V.L.I. - CRIMES VIOLENTOS LETAIS INTENCIONAIS,OCORRENCIA,LATROCÍNIO,1,0,0,0,0,0,1,0,0,0,0,0,0,25_scia-estrutural_1-4-3_agregado.xls,PPV (mensal)2015
Estrutural,25,2015,1. C.V.L.I. - CRIMES VIOLENTOS LETAIS INTENCIONAIS,OCORRENCIA,LESÃO CORPORAL SEG. DE MORTE,0,0,0,0,0,0,0,0,0,0,0,0,0,25_scia-estrutural_1-4-3_agregado.xls,PPV (mensal)2015
Estrutural,25,2015,2. C.C.P. -                                                      CRIMES CONTRA O PATRIMÔNIO,OCORRENCIA,FURTO EM VEÍCULO,59,6,7,8,4,2,4,10,5,2,3,4,4,25_scia-estrutural_1-4-3_agregado.xls,PPV (mensal)2015
Estrutural,25,2015,2. C.C.P. -                                                      CRIMES CONTRA O PATRIMÔNIO,OCORRENCIA,ROUBO A TRANSEUNTE,293,19,25,27,18,14,24,24,53,14,18,23,34,25_scia-estrutural_1-4-3_agregado.xls,PPV (mensal)2015
Estrutural,25,2015,2. C.C.P. -                                                      CRIMES CONTRA O PATRIMÔNIO,OCORRENCIA,ROUBO DE VEÍCULO,30,1,0,4,2,2,5,1,2,2,6,3,2,25_scia-estrutural_1-4-3_agregado.xls,PPV (mensal)2015
Estrutural,25,2015,2. C.C.P. -                                                      CRIMES CONTRA O PATRIMÔNIO,OCORRENCIA,ROUBO EM COLETIVO,234,16,8,21,21,8,12,12,18,23,35,39,21,25_scia-estrutural_1-4-3_agregado.xls,PPV (mensal)2015
Estrutural,25,2015,2. C.C.P. -                                                      CRIMES CONTRA O PATRIMÔNIO,OCORRENCIA,ROUBO EM COMÉRCIO *,108,6,4,11,11,10,11,7,16,4,8,9,11,25_scia-estrutural_1-4-3_agregado.xls,PPV (mensal)2015
Estrutural,25,2015,3. OUTROS CRIMES,OCORRENCIA,ESTUPRO,14,0,0,1,2,3,0,3,1,3,0,0,1,25_scia-estrutural_1-4-3_agregado.xls,PPV (mensal)2015
Estrutural,25,2015,3. OUTROS CRIMES,OCORRENCIA,FURTO A TRANSEUNTE,19,2,0,1,3,1,1,2,2,0,2,3,2,25_scia-estrutural_1-4-3_agregado.xls,PPV (mensal)2015
Estrutural,25,2015,3. OUTROS CRIMES,OCORRENCIA,ROUBO EM RESIDÊNCIA,8,1,1,1,1,0,1,0,0,2,1,0,0,25_scia-estrutural_1-4-3_agregado.xls,PPV (mensal)2015
Estrutural,25,2015,3. OUTROS CRIMES,OCORRENCIA,TENTATIVA DE HOMICÍDIO,51,2,1,5,11,2,4,0,1,10,7,4,4,25_scia-estrutural_1-4-3_agregado.xls,PPV (mensal)2015
Estrutural,25,2015,4. PRODUTIVIDADE POLICIAL,OCORRENCIA,LOCALIZAÇÃO DE VEICULO FURTADO OU ROUBADO,227,21,12,15,15,26,15,19,15,12,30,21,26,25_scia-estrutural_1-4-3_agregado.xls,PPV (mensal)2015
Estrutural,25,2015,4. PRODUTIVIDADE POLICIAL,OCORRENCIA,POSSE/PORTE DE ARMA,59,8,5,10,7,4,6,1,4,1,3,8,2,25_scia-estrutural_1-4-3_agregado.xls,PPV (mensal)2015
Estrutural,25,2015,4. PRODUTIVIDADE POLICIAL,OCORRENCIA,TRÁFICO DE DROGAS,71,7,9,5,13,6,7,2,4,1,2,8,7,25_scia-estrutural_1-4-3_agregado.xls,PPV (mensal)2015
Estrutural,25,2015,4. PRODUTIVIDADE POLICIAL,OCORRENCIA,USO E PORTE DE DROGAS,143,13,14,16,15,15,10,8,12,6,10,16,8,25_scia-estrutural_1-4-3_agregado.xls,PPV (mensal)2015
Fercal,31,2014,1. C.V.L.I. - CRIMES VIOLENTOS LETAIS INTENCIONAIS,OCORRENCIA,HOMICÍDIO,4,0,0,1,1,1,0,0,0,1,0,0,0,31_fercal_1-3-2_agregado.xls,PPV (mensal)2014
Fercal,31,2014,1. C.V.L.I. - CRIMES VIOLENTOS LETAIS INTENCIONAIS,OCORRENCIA,LATROCÍNIO,0,0,0,0,0,0,0,0,0,0,0,0,0,31_fercal_1-3-2_agregado.xls,PPV (mensal)2014
Fercal,31,2014,1. C.V.L.I. - CRIMES VIOLENTOS LETAIS INTENCIONAIS,OCORRENCIA,LESÃO CORPORAL SEG. DE MORTE,0,0,0,0,0,0,0,0,0,0,0,0,0,31_fercal_1-3-2_agregado.xls,PPV (mensal)2014
Fercal,31,2014,2. C.C.P. -                                                      CRIMES CONTRA O PATRIMÔNIO,OCORRENCIA,FURTO EM VEÍCULO,4,0,2,0,0,1,0,0,0,1,0,0,0,31_fercal_1-3-2_agregado.xls,PPV (mensal)2014
Fercal,31,2014,2. C.C.P. -                                                      CRIMES CONTRA O PATRIMÔNIO,OCORRENCIA,ROUBO A TRANSEUNTE,6,0,1,2,1,0,0,0,0,1,1,0,0,31_fercal_1-3-2_agregado.xls,PPV (mensal)2014
Fercal,31,2014,2. C.C.P. -                                                      CRIMES CONTRA O PATRIMÔNIO,OCORRENCIA,ROUBO DE VEÍCULO,3,0,0,0,1,1,0,0,0,0,0,0,1,31_fercal_1-3-2_agregado.xls,PPV (mensal)2014
Fercal,31,2014,2. C.C.P. -                                                      CRIMES CONTRA O PATRIMÔNIO,OCORRENCIA,ROUBO EM COLETIVO,0,0,0,0,0,0,0,0,0,0,0,0,0,31_fercal_1-3-2_agregado.xls,PPV (mensal)2014
Fercal,31,2014,2. C.C.P. -                                                      CRIMES CONTRA O PATRIMÔNIO,OCORRENCIA,ROUBO EM COMÉRCIO *,6,2,2,1,0,0,0,0,0,0,1,0,0,31_fercal_1-3-2_agregado.xls,PPV (mensal)2014
Fercal,31,2014,3. OUTROS CRIMES,OCORRENCIA,ESTUPRO,1,0,0,0,0,1,0,0,0,0,0,0,0,31_fercal_1-3-2_agregado.xls,PPV (mensal)2014
Fercal,31,2014,3. OUTROS CRIMES,OCORRENCIA,FURTO A TRANSEUNTE,0,0,0,0,0,0,0,0,0,0,0,0,0,31_fercal_1-3-2_agregado.xls,PPV (mensal)2014
Fercal,31,2014,3. OUTROS CRIMES,OCORRENCIA,ROUBO EM RESIDÊNCIA,3,1,0,1,0,0,0,0,0,0,0,0,1,31_fercal_1-3-2_agregado.xls,PPV (mensal)2014
Fercal,31,2014,3. OUTROS CRIMES,OCORRENCIA,TENTATIVA DE HOMICÍDIO,9,2,0,1,0,0,0,0,1,1,1,0,3,31_fercal_1-3-2_agregado.xls,PPV (mensal)2014
Fercal,31,2014,4. PRODUTIVIDADE POLICIAL,OCORRENCIA,LOCALIZAÇÃO DE VEICULO FURTADO OU ROUBADO,16,6,1,2,1,2,1,0,0,0,1,1,1,31_fercal_1-3-2_agregado.xls,PPV (mensal)2014
Fercal,31,2014,4. PRODUTIVIDADE POLICIAL,OCORRENCIA,POSSE/PORTE DE ARMA,8,3,1,0,2,0,0,0,0,1,1,0,0,31_fercal_1-3-2_agregado.xls,PPV (mensal)2014
Fercal,31,2014,4. PRODUTIVIDADE POLICIAL,OCORRENCIA,TRÁFICO DE DROGAS,2,0,0,0,0,0,0,0,1,1,0,0,0,31_fercal_1-3-2_agregado.xls,PPV (mensal)2014
Fercal,31,2014,4. PRODUTIVIDADE POLICIAL,OCORRENCIA,USO E PORTE DE DROGAS,1,0,0,0,0,0,0,0,0,0,0,0,1,31_fercal_1-3-2_agregado.xls,PPV (mensal)2014
Fercal,31,2015,1. C.V.L.I. - CRIMES VIOLENTOS LETAIS INTENCIONAIS,OCORRENCIA,HOMICÍDIO,3,1,1,0,0,0,0,0,0,0,0,0,1,31_fercal_1-3-2_agregado.xls,PPV (mensal)2015
Fercal,31,2015,1. C.V.L.I. - CRIMES VIOLENTOS LETAIS INTENCIONAIS,OCORRENCIA,LATROCÍNIO,0,0,0,0,0,0,0,0,0,0,0,0,0,31_fercal_1-3-2_agregado.xls,PPV (mensal)2015
Fercal,31,2015,1. C.V.L.I. - CRIMES VIOLENTOS LETAIS INTENCIONAIS,OCORRENCIA,LESÃO CORPORAL SEG. DE MORTE,0,0,0,0,0,0,0,0,0,0,0,0,0,31_fercal_1-3-2_agregado.xls,PPV (mensal)2015
Fercal,31,2015,2. C.C.P. -                                                      CRIMES CONTRA O PATRIMÔNIO,OCORRENCIA,FURTO EM VEÍCULO,6,2,1,0,0,0,0,1,0,0,1,1,0,31_fercal_1-3-2_agregado.xls,PPV (mensal)2015
Fercal,31,2015,2. C.C.P. -                                                      CRIMES CONTRA O PATRIMÔNIO,OCORRENCIA,ROUBO A TRANSEUNTE,7,0,0,1,0,1,0,0,0,0,1,1,3,31_fercal_1-3-2_agregado.xls,PPV (mensal)2015
Fercal,31,2015,2. C.C.P. -                                                      CRIMES CONTRA O PATRIMÔNIO,OCORRENCIA,ROUBO DE VEÍCULO,6,2,0,1,0,0,0,0,0,0,0,2,1,31_fercal_1-3-2_agregado.xls,PPV (mensal)2015
Fercal,31,2015,2. C.C.P. -                                                      CRIMES CONTRA O PATRIMÔNIO,OCORRENCIA,ROUBO EM COLETIVO,3,0,0,0,0,0,0,1,1,0,1,0,0,31_fercal_1-3-2_agregado.xls,PPV (mensal)2015
Fercal,31,2015,2. C.C.P. -                                                      CRIMES CONTRA O PATRIMÔNIO,OCORRENCIA,ROUBO EM COMÉRCIO *,2,0,0,0,0,0,0,0,0,0,0,1,1,31_fercal_1-3-2_agregado.xls,PPV (mensal)2015
Fercal,31,2015,3. OUTROS CRIMES,OCORRENCIA,ESTUPRO,4,1,0,1,0,0,0,0,1,1,0,0,0,31_fercal_1-3-2_agregado.xls,PPV (mensal)2015
Fercal,31,2015,3. OUTROS CRIMES,OCORRENCIA,FURTO A TRANSEUNTE,3,1,0,0,0,0,1,0,0,0,1,0,0,31_fercal_1-3-2_agregado.xls,PPV (mensal)2015
Fercal,31,2015,3. OUTROS CRIMES,OCORRENCIA,ROUBO EM RESIDÊNCIA,2,0,0,0,0,1,0,0,0,0,0,1,0,31_fercal_1-3-2_agregado.xls,PPV (mensal)2015
Fercal,31,2015,3. OUTROS CRIMES,OCORRENCIA,TENTATIVA DE HOMICÍDIO,7,0,0,1,1,1,1,0,0,0,1,2,0,31_fercal_1-3-2_agregado.xls,PPV (mensal)2015
Fercal,31,2015,4. PRODUTIVIDADE POLICIAL,OCORRENCIA,LOCALIZAÇÃO DE VEICULO FURTADO OU ROUBADO,21,5,0,3,1,3,0,1,0,1,4,1,2,31_fercal_1-3-2_agregado.xls,PPV (mensal)2015
Fercal,31,2015,4. PRODUTIVIDADE POLICIAL,OCORRENCIA,POSSE/PORTE DE ARMA,9,0,0,1,2,0,0,0,1,1,0,0,4,31_fercal_1-3-2_agregado.xls,PPV (mensal)2015
Fercal,31,2015,4. PRODUTIVIDADE POLICIAL,OCORRENCIA,TRÁFICO DE DROGAS,5,1,0,1,0,0,0,2,1,0,0,0,0,31_fercal_1-3-2_agregado.xls,PPV (mensal)2015
Fercal,31,2015,4. PRODUTIVIDADE POLICIAL,OCORRENCIA,USO E PORTE DE DROGAS,14,1,1,1,0,1,4,2,1,1,0,1,1,31_fercal_1-3-2_agregado.xls,PPV (mensal)2015
Fercal,31,2016,1. C.V.L.I. - CRIMES VIOLENTOS LETAIS INTENCIONAIS,OCORRENCIA,HOMICÍDIO,5,1,0,1,0,1,1,0,0,0,0,0,1,31_fercal_1-3-2_agregado.xls,PPV(mensal)2016
Fercal,31,2016,1. C.V.L.I. - CRIMES VIOLENTOS LETAIS INTENCIONAIS,OCORRENCIA,LATROCÍNIO,0,0,0,0,0,0,0,0,0,0,0,0,0,31_fercal_1-3-2_agregado.xls,PPV(mensal)2016
Fercal,31,2016,1. C.V.L.I. - CRIMES VIOLENTOS LETAIS INTENCIONAIS,OCORRENCIA,LESÃO CORPORAL SEG. DE MORTE,0,0,0,0,0,0,0,0,0,0,0,0,0,31_fercal_1-3-2_agregado.xls,PPV(mensal)2016
Fercal,31,2016,2. C.C.P. -                                                      CRIMES CONTRA O PATRIMÔNIO,OCORRENCIA,FURTO EM VEÍCULO,4,0,0,0,1,1,0,0,0,1,0,0,1,31_fercal_1-3-2_agregado.xls,PPV(mensal)2016
Fercal,31,2016,2. C.C.P. -                                                      CRIMES CONTRA O PATRIMÔNIO,OCORRENCIA,ROUBO A TRANSEUNTE,27,0,4,3,4,1,0,2,1,5,3,2,2,31_fercal_1-3-2_agregado.xls,PPV(mensal)2016
Fercal,31,2016,2. C.C.P. -                                                      CRIMES CONTRA O PATRIMÔNIO,OCORRENCIA,ROUBO DE VEÍCULO,13,2,3,0,1,1,0,2,1,1,1,1,0,31_fercal_1-3-2_agregado.xls,PPV(mensal)2016
Fercal,31,2016,2. C.C.P. -                                                      CRIMES CONTRA O PATRIMÔNIO,OCORRENCIA,ROUBO EM COLETIVO,2,0,0,0,0,0,1,0,1,0,0,0,0,31_fercal_1-3-2_agregado.xls,PPV(mensal)2016
Fercal,31,2016,2. C.C.P. -                                                      CRIMES CONTRA O PATRIMÔNIO,OCORRENCIA,ROUBO EM COMÉRCIO *,7,1,0,0,1,1,1,2,0,0,0,0,1,31_fercal_1-3-2_agregado.xls,PPV(mensal)2016
Fercal,31,2016,2. C.C.P. -                                                      CRIMES CONTRA O PATRIMÔNIO,OCORRENCIA,ROUBO EM RESIDÊNCIA,15,2,3,1,1,2,0,1,2,0,0,0,3,31_fercal_1-3-2_agregado.xls,PPV(mensal)2016
Fercal,31,2016,3. OUTROS CRIMES,OCORRENCIA,ESTUPRO,6,0,1,1,1,0,1,0,0,1,0,0,1,31_fercal_1-3-2_agregado.xls,PPV(mensal)2016
Fercal,31,2016,3. OUTROS CRIMES,OCORRENCIA,FURTO A TRANSEUNTE,2,0,0,1,0,0,0,0,0,1,0,0,0,31_fercal_1-3-2_agregado.xls,PPV(mensal)2016
Fercal,31,2016,3. OUTROS CRIMES,OCORRENCIA,TENTATIVA DE HOMICÍDIO,11,0,0,3,1,0,0,0,0,1,2,2,2,31_fercal_1-3-2_agregado.xls,PPV(mensal)2016
Fercal,31,2016,3. OUTROS CRIMES,OCORRENCIA,TENTATIVA DE LATROCÍNIO,3,0,0,1,0,0,1,0,0,0,0,0,1,31_fercal_1-3-2_agregado.xls,PPV(mensal)2016
Fercal,31,2016,4. PRODUTIVIDADE POLICIAL,OCORRENCIA,LOCALIZAÇÃO DE VEICULO FURTADO OU ROUBADO,24,2,1,3,2,5,3,1,3,1,1,2,0,31_fercal_1-3-2_agregado.xls,PPV(mensal)2016
Fercal,31,2016,4. PRODUTIVIDADE POLICIAL,OCORRENCIA,POSSE/PORTE DE ARMA,8,1,1,1,2,0,2,0,0,0,1,0,0,31_fercal_1-3-2_agregado.xls,PPV(mensal)2016
Fercal,31,2016,4. PRODUTIVIDADE POLICIAL,OCORRENCIA,TRÁFICO DE DROGAS,4,0,1,0,2,0,0,0,1,0,0,0,0,31_fercal_1-3-2_agregado.xls,PPV(mensal)2016
Fercal,31,2016,4. PRODUTIVIDADE POLICIAL,OCORRENCIA,USO E PORTE DE DROGAS,22,0,6,2,5,3,1,1,0,3,1,0,0,31_fercal_1-3-2_agregado.xls,PPV(mensal)2016
Fercal,31,2017,1. C.V.L.I. - CRIMES VIOLENTOS LETAIS INTENCIONAIS,OCORRENCIA,HOMICÍDIO,8,0,2,2,0,1,1,1,0,0,0,1,0,31_fercal_1-3-2_agregado.xls,PPV(mensal)2017
Fercal,31,2017,1. C.V.L.I. - CRIMES VIOLENTOS LETAIS INTENCIONAIS,OCORRENCIA,LATROCÍNIO,1,0,0,0,0,0,0,0,1,0,0,0,0,31_fercal_1-3-2_agregado.xls,PPV(mensal)2017
Fercal,31,2017,1. C.V.L.I. - CRIMES VIOLENTOS LETAIS INTENCIONAIS,OCORRENCIA,LESÃO CORPORAL SEG. DE MORTE,0,0,0,0,0,0,0,0,0,0,0,0,0,31_fercal_1-3-2_agregado.xls,PPV(mensal)2017
Fercal,31,2017,2. C.C.P. -                                                      CRIMES CONTRA O PATRIMÔNIO,OCORRENCIA,FURTO EM VEÍCULO,23,2,0,0,0,1,0,0,0,1,17,0,2,31_fercal_1-3-2_agregado.xls,PPV(mensal)2017
Fercal,31,2017,2. C.C.P. -                                                      CRIMES CONTRA O PATRIMÔNIO,OCORRENCIA,ROUBO A TRANSEUNTE,19,3,1,6,0,0,0,0,2,2,3,0,2,31_fercal_1-3-2_agregado.xls,PPV(mensal)2017
Fercal,31,2017,2. C.C.P. -                                                      CRIMES CONTRA O PATRIMÔNIO,OCORRENCIA,ROUBO DE VEÍCULO,9,0,1,0,2,0,1,1,0,1,1,2,0,31_fercal_1-3-2_agregado.xls,PPV(mensal)2017
Fercal,31,2017,2. C.C.P. -                                                      CRIMES CONTRA O PATRIMÔNIO,OCORRENCIA,ROUBO EM COLETIVO,8,0,0,3,1,0,0,0,0,1,1,2,0,31_fercal_1-3-2_agregado.xls,PPV(mensal)2017
Fercal,31,2017,2. C.C.P. -                                                      CRIMES CONTRA O PATRIMÔNIO,OCORRENCIA,ROUBO EM COMÉRCIO *,2,0,0,1,0,0,0,0,1,0,0,0,0,31_fercal_1-3-2_agregado.xls,PPV(mensal)2017
Fercal,31,2017,2. C.C.P. -                                                      CRIMES CONTRA O PATRIMÔNIO,OCORRENCIA,ROUBO EM RESIDÊNCIA,5,0,0,0,1,0,0,0,0,0,0,1,3,31_fercal_1-3-2_agregado.xls,PPV(mensal)2017
Fercal,31,2017,3. OUTROS CRIMES,OCORRENCIA,ESTUPRO,7,1,0,0,2,0,0,0,1,0,0,1,2,31_fercal_1-3-2_agregado.xls,PPV(mensal)2017
Fercal,31,2017,3. OUTROS CRIMES,OCORRENCIA,FURTO A TRANSEUNTE,2,0,1,0,0,0,0,0,1,0,0,0,0,31_fercal_1-3-2_agregado.xls,PPV(mensal)2017
Fercal,31,2017,3. OUTROS CRIMES,OCORRENCIA,TENTATIVA DE HOMICÍDIO,7,0,0,2,1,0,0,0,0,1,2,1,0,31_fercal_1-3-2_agregado.xls,PPV(mensal)2017
Fercal,31,2017,3. OUTROS CRIMES,OCORRENCIA,TENTATIVA DE LATROCÍNIO,0,0,0,0,0,0,0,0,0,0,0,0,0,31_fercal_1-3-2_agregado.xls,PPV(mensal)2017
Fercal,31,2017,4. PRODUTIVIDADE POLICIAL,OCORRENCIA,LOCALIZAÇÃO DE VEICULO FURTADO OU ROUBADO,22,4,2,0,3,2,2,3,0,2,1,1,2,31_fercal_1-3-2_agregado.xls,PPV(mensal)2017
Fercal,31,2017,4. PRODUTIVIDADE POLICIAL,OCORRENCIA,POSSE/PORTE DE ARMA,9,1,0,0,3,2,0,1,0,2,0,0,0,31_fercal_1-3-2_agregado.xls,PPV(mensal)2017
Fercal,31,2017,4. PRODUTIVIDADE POLICIAL,OCORRENCIA,TRÁFICO DE DROGAS,3,0,0,0,0,1,0,0,1,1,0,0,0,31_fercal_1-3-2_agregado.xls,PPV(mensal)2017
Fercal,31,2017,4. PRODUTIVIDADE POLICIAL,OCORRENCIA,USO E PORTE DE DROGAS,5,0,0,0,0,0,1,1,0,1,0,1,1,31_fercal_1-3-2_agregado.xls,PPV(mensal)2017
Fercal,31,2018,1. C.V.L.I. - CRIMES VIOLENTOS LETAIS INTENCIONAIS,OCORRENCIA,HOMICÍDIO,5,0,0,1,0,0,0,0,0,2,1,0,1,31_fercal_1-3-2_agregado.xls,PPV(mensal)2018
Fercal,31,2018,1. C.V.L.I. - CRIMES VIOLENTOS LETAIS INTENCIONAIS,OCORRENCIA,LATROCÍNIO,0,0,0,0,0,0,0,0,0,0,0,0,0,31_fercal_1-3-2_agregado.xls,PPV(mensal)2018
Fercal,31,2018,1. C.V.L.I. - CRIMES VIOLENTOS LETAIS INTENCIONAIS,OCORRENCIA,LESÃO CORPORAL SEG. DE MORTE,0,0,0,0,0,0,0,0,0,0,0,0,0,31_fercal_1-3-2_agregado.xls,PPV(mensal)2018
Fercal,31,2018,2. C.C.P. -                                                      CRIMES CONTRA O PATRIMÔNIO,OCORRENCIA,FURTO EM VEÍCULO,19,3,1,0,1,0,1,2,2,3,2,1,3,31_fercal_1-3-2_agregado.xls,PPV(mensal)2018
Fercal,31,2018,2. C.C.P. -                                                      CRIMES CONTRA O PATRIMÔNIO,OCORRENCIA,ROUBO A TRANSEUNTE,27,1,0,1,4,2,2,2,3,2,6,3,1,31_fercal_1-3-2_agregado.xls,PPV(mensal)2018
Fercal,31,2018,2. C.C.P. -                                                      CRIMES CONTRA O PATRIMÔNIO,OCORRENCIA,ROUBO DE VEÍCULO,14,2,1,1,2,1,1,1,3,0,1,1,0,31_fercal_1-3-2_agregado.xls,PPV(mensal)2018
Fercal,31,2018,2. C.C.P. -                                                      CRIMES CONTRA O PATRIMÔNIO,OCORRENCIA,ROUBO EM COLETIVO,9,0,1,2,1,0,0,2,0,1,1,1,0,31_fercal_1-3-2_agregado.xls,PPV(mensal)2018
Fercal,31,2018,2. C.C.P. -                                                      CRIMES CONTRA O PATRIMÔNIO,OCORRENCIA,ROUBO EM COMÉRCIO *,3,0,1,0,0,0,0,1,0,0,1,0,0,31_fercal_1-3-2_agregado.xls,PPV(mensal)2018
Fercal,31,2018,2. C.C.P. -                                                      CRIMES CONTRA O PATRIMÔNIO,OCORRENCIA,ROUBO EM RESIDÊNCIA,4,0,1,0,0,1,1,0,0,0,0,0,1,31_fercal_1-3-2_agregado.xls,PPV(mensal)2018
Fercal,31,2018,3. OUTROS CRIMES,OCORRENCIA,ESTUPRO,4,0,0,0,2,0,1,0,0,0,0,0,1,31_fercal_1-3-2_agregado.xls,PPV(mensal)2018
Fercal,31,2018,3. OUTROS CRIMES,OCORRENCIA,FURTO A TRANSEUNTE,2,0,0,0,0,0,0,0,1,0,0,1,0,31_fercal_1-3-2_agregado.xls,PPV(mensal)2018
Fercal,31,2018,3. OUTROS CRIMES,OCORRENCIA,TENTATIVA DE HOMICÍDIO,18,0,1,4,0,0,1,1,0,4,2,2,3,31_fercal_1-3-2_agregado.xls,PPV(mensal)2018
Fercal,31,2018,3. OUTROS CRIMES,OCORRENCIA,TENTATIVA DE LATROCÍNIO,2,0,0,1,0,0,0,0,0,0,0,1,0,31_fercal_1-3-2_agregado.xls,PPV(mensal)2018
Fercal,31,2018,4. PRODUTIVIDADE POLICIAL,OCORRENCIA,LOCALIZAÇÃO DE VEICULO FURTADO OU ROUBADO,42,3,4,4,4,2,2,2,9,3,4,3,2,31_fercal_1-3-2_agregado.xls,PPV(mensal)2018
Fercal,31,2018,4. PRODUTIVIDADE POLICIAL,OCORRENCIA,POSSE/PORTE DE ARMA,12,0,3,1,2,0,0,2,2,1,1,0,0,31_fercal_1-3-2_agregado.xls,PPV(mensal)2018
Fercal,31,2018,4. PRODUTIVIDADE POLICIAL,OCORRENCIA,TRÁFICO DE DROGAS,5,1,1,0,0,0,0,0,1,0,0,0,2,31_fercal_1-3-2_agregado.xls,PPV(mensal)2018
Fercal,31,2018,4. PRODUTIVIDADE POLICIAL,OCORRENCIA,USO E PORTE DE DROGAS,8,0,2,0,0,0,1,0,1,1,0,2,1,31_fercal_1-3-2_agregado.xls,PPV(mensal)2018
Fercal,31,2026,1. C.V.L.I. - CRIMES VIOLENTOS LETAIS INTENCIONAIS,OCORRENCIA,HOMICÍDIO,1,0,0,1,0,0,0,0,0,0,0,0,0,31_FERCAL (4)_2026.xlsx,mensal
Fercal,31,2026,1. C.V.L.I. - CRIMES VIOLENTOS LETAIS INTENCIONAIS,OCORRENCIA,LATROCÍNIO,0,0,0,0,0,0,0,0,0,0,0,0,0,31_FERCAL (4)_2026.xlsx,mensal
Fercal,31,2026,1. C.V.L.I. - CRIMES VIOLENTOS LETAIS INTENCIONAIS,OCORRENCIA,LESÃO CORPORAL SEG. DE MORTE,0,0,0,0,0,0,0,0,0,0,0,0,0,31_FERCAL (4)_2026.xlsx,mensal
Fercal,31,2026,2. C.C.P. -                                                      CRIMES CONTRA O PATRIMÔNIO,OCORRENCIA,FURTO EM VEÍCULO,1,1,0,0,0,0,0,0,0,0,0,0,0,31_FERCAL (4)_2026.xlsx,mensal
Fercal,31,2026,2. C.C.P. -                                                      CRIMES CONTRA O PATRIMÔNIO,OCORRENCIA,ROUBO A TRANSEUNTE,0,0,0,0,0,0,0,0,0,0,0,0,0,31_FERCAL (4)_2026.xlsx,mensal
Fercal,31,2026,2. C.C.P. -                                                      CRIMES CONTRA O PATRIMÔNIO,OCORRENCIA,ROUBO DE VEÍCULO,1,0,1,0,0,0,0,0,0,0,0,0,0,31_FERCAL (4)_2026.xlsx,mensal
Fercal,31,2026,2. C.C.P. -                                                      CRIMES CONTRA O PATRIMÔNIO,OCORRENCIA,ROUBO EM COLETIVO,0,0,0,0,0,0,0,0,0,0,0,0,0,31_FERCAL (4)_2026.xlsx,mensal
Fercal,31,2026,2. C.C.P. -                                                      CRIMES CONTRA O PATRIMÔNIO,OCORRENCIA,ROUBO EM COMÉRCIO *,0,0,0,0,0,0,0,0,0,0,0,0,0,31_FERCAL (4)_2026.xlsx,mensal
Fercal,31,2026,2. C.C.P. -                                                      CRIMES CONTRA O PATRIMÔNIO,OCORRENCIA,ROUBO EM RESIDÊNCIA,0,0,0,0,0,0,0,0,0,0,0,0,0,31_FERCAL (4)_2026.xlsx,mensal
Fercal,31,2026,3. OUTROS CRIMES,OCORRENCIA,ESTUPRO,1,0,0,0,0,0,0,0,1,0,0,0,0,31_FERCAL (4)_2026.xlsx,mensal
Fercal,31,2026,3. OUTROS CRIMES,OCORRENCIA,ESTUPRO DE VULNERÁVEL,1,0,0,1,0,0,0,0,0,0,0,0,0,31_FERCAL (4)_2026.xlsx,mensal
Fercal,31,2026,3. OUTROS CRIMES,OCORRENCIA,TENTATIVA DE HOMICÍDIO,2,0,1,0,0,0,0,1,0,0,0,0,0,31_FERCAL (4)_2026.xlsx,mensal
Fercal,31,2026,3. OUTROS CRIMES,OCORRENCIA,TENTATIVA DE LATROCÍNIO,0,0,0,0,0,0,0,0,0,0,0,0,0,31_FERCAL (4)_2026.xlsx,mensal
Fercal,31,2026,4. PRODUTIVIDADE POLICIAL,OCORRENCIA,LOCALIZAÇÃO DE VEICULO FURTADO OU ROUBADO,3,0,1,1,0,0,1,0,0,0,0,0,0,31_FERCAL (4)_2026.xlsx,mensal
Fercal,31,2026,4. PRODUTIVIDADE POLICIAL,OCORRENCIA,POSSE/PORTE DE ARMA,2,1,0,0,0,0,0,1,0,0,0,0,0,31_FERCAL (4)_2026.xlsx,mensal
Fercal,31,2026,4. PRODUTIVIDADE POLICIAL,OCORRENCIA,TRÁFICO DE DROGAS,2,0,0,0,2,0,0,0,0,0,0,0,0,31_FERCAL (4)_2026.xlsx,mensal
Fercal,31,2026,4. PRODUTIVIDADE POLICIAL,OCORRENCIA,USO E PORTE DE DROGAS,1,0,1,0,0,0,0,0,0,0,0,0,0,31_FERCAL (4)_2026.xlsx,mensal
Gama,02,2014,1. C.V.L.I. - CRIMES VIOLENTOS LETAIS INTENCIONAIS,OCORRENCIA,HOMICÍDIO,56,6,1,5,4,4,7,8,6,4,3,6,2,2_gama_1-2-2_agregado.xls,PPV (mensal)2014
Gama,02,2014,1. C.V.L.I. - CRIMES VIOLENTOS LETAIS INTENCIONAIS,OCORRENCIA,LATROCÍNIO,4,0,0,1,0,0,0,0,0,1,0,0,2,2_gama_1-2-2_agregado.xls,PPV (mensal)2014
Gama,02,2014,1. C.V.L.I. - CRIMES VIOLENTOS LETAIS INTENCIONAIS,OCORRENCIA,LESÃO CORPORAL SEG. DE MORTE,0,0,0,0,0,0,0,0,0,0,0,0,0,2_gama_1-2-2_agregado.xls,PPV (mensal)2014
Gama,02,2014,2. C.C.P. -                                                      CRIMES CONTRA O PATRIMÔNIO,OCORRENCIA,FURTO EM VEÍCULO,531,40,56,46,44,56,32,33,22,46,60,59,37,2_gama_1-2-2_agregado.xls,PPV (mensal)2014
Gama,02,2014,2. C.C.P. -                                                      CRIMES CONTRA O PATRIMÔNIO,OCORRENCIA,ROUBO A TRANSEUNTE,1804,92,154,167,183,174,128,154,155,166,148,145,138,2_gama_1-2-2_agregado.xls,PPV (mensal)2014
Gama,02,2014,2. C.C.P. -                                                      CRIMES CONTRA O PATRIMÔNIO,OCORRENCIA,ROUBO DE VEÍCULO,319,33,31,32,27,32,16,14,29,22,22,37,24,2_gama_1-2-2_agregado.xls,PPV (mensal)2014
Gama,02,2014,2. C.C.P. -                                                      CRIMES CONTRA O PATRIMÔNIO,OCORRENCIA,ROUBO EM COLETIVO,33,3,3,4,0,1,5,2,4,1,4,4,2,2_gama_1-2-2_agregado.xls,PPV (mensal)2014
Gama,02,2014,2. C.C.P. -                                                      CRIMES CONTRA O PATRIMÔNIO,OCORRENCIA,ROUBO EM COMÉRCIO *,246,40,39,27,17,26,16,17,9,22,12,11,10,2_gama_1-2-2_agregado.xls,PPV (mensal)2014
Gama,02,2014,3. OUTROS CRIMES,OCORRENCIA,ESTUPRO,53,6,4,5,8,2,3,3,6,6,4,3,3,2_gama_1-2-2_agregado.xls,PPV (mensal)2014
Gama,02,2014,3. OUTROS CRIMES,OCORRENCIA,FURTO A TRANSEUNTE,132,9,10,9,12,16,11,15,9,6,9,14,12,2_gama_1-2-2_agregado.xls,PPV (mensal)2014
Gama,02,2014,3. OUTROS CRIMES,OCORRENCIA,ROUBO EM RESIDÊNCIA,26,3,4,3,2,1,2,2,2,1,3,0,3,2_gama_1-2-2_agregado.xls,PPV (mensal)2014
Gama,02,2014,3. OUTROS CRIMES,OCORRENCIA,TENTATIVA DE HOMICÍDIO,84,9,4,9,11,11,6,8,4,7,2,5,8,2_gama_1-2-2_agregado.xls,PPV (mensal)2014
Gama,02,2014,4. PRODUTIVIDADE POLICIAL,OCORRENCIA,LOCALIZAÇÃO DE VEICULO FURTADO OU ROUBADO,548,58,55,52,55,54,42,27,50,37,42,43,33,2_gama_1-2-2_agregado.xls,PPV (mensal)2014
Gama,02,2014,4. PRODUTIVIDADE POLICIAL,OCORRENCIA,POSSE/PORTE DE ARMA,93,8,8,8,6,9,8,5,6,9,9,11,6,2_gama_1-2-2_agregado.xls,PPV (mensal)2014
Gama,02,2014,4. PRODUTIVIDADE POLICIAL,OCORRENCIA,TRÁFICO DE DROGAS,92,4,4,6,12,8,9,8,12,6,8,6,9,2_gama_1-2-2_agregado.xls,PPV (mensal)2014
Gama,02,2014,4. PRODUTIVIDADE POLICIAL,OCORRENCIA,USO E PORTE DE DROGAS,329,17,13,15,18,40,27,23,27,45,42,38,24,2_gama_1-2-2_agregado.xls,PPV (mensal)2014
Gama,02,2015,1. C.V.L.I. - CRIMES VIOLENTOS LETAIS INTENCIONAIS,OCORRENCIA,HOMICÍDIO,34,4,3,3,1,3,1,2,2,6,2,5,2,2_gama_1-2-2_agregado.xls,PPV (mensal)2015
Gama,02,2015,1. C.V.L.I. - CRIMES VIOLENTOS LETAIS INTENCIONAIS,OCORRENCIA,LATROCÍNIO,4,0,0,0,0,0,0,0,1,0,1,0,2,2_gama_1-2-2_agregado.xls,PPV (mensal)2015
Gama,02,2015,1. C.V.L.I. - CRIMES VIOLENTOS LETAIS INTENCIONAIS,OCORRENCIA,LESÃO CORPORAL SEG. DE MORTE,0,0,0,0,0,0,0,0,0,0,0,0,0,2_gama_1-2-2_agregado.xls,PPV (mensal)2015
Gama,02,2015,2. C.C.P. -                                                      CRIMES CONTRA O PATRIMÔNIO,OCORRENCIA,FURTO EM VEÍCULO,506,50,38,55,63,60,46,32,49,13,29,34,37,2_gama_1-2-2_agregado.xls,PPV (mensal)2015
Gama,02,2015,2. C.C.P. -                                                      CRIMES CONTRA O PATRIMÔNIO,OCORRENCIA,ROUBO A TRANSEUNTE,1757,108,136,151,192,131,148,151,170,56,189,187,138,2_gama_1-2-2_agregado.xls,PPV (mensal)2015
Gama,02,2015,2. C.C.P. -                                                      CRIMES CONTRA O PATRIMÔNIO,OCORRENCIA,ROUBO DE VEÍCULO,223,23,8,24,28,19,20,13,10,13,19,22,24,2_gama_1-2-2_agregado.xls,PPV (mensal)2015
Gama,02,2015,2. C.C.P. -                                                      CRIMES CONTRA O PATRIMÔNIO,OCORRENCIA,ROUBO EM COLETIVO,49,6,0,1,2,6,4,7,5,1,7,8,2,2_gama_1-2-2_agregado.xls,PPV (mensal)2015
Gama,02,2015,2. C.C.P. -                                                      CRIMES CONTRA O PATRIMÔNIO,OCORRENCIA,ROUBO EM COMÉRCIO *,172,25,22,17,13,15,10,21,9,4,8,18,10,2_gama_1-2-2_agregado.xls,PPV (mensal)2015
Gama,02,2015,3. OUTROS CRIMES,OCORRENCIA,ESTUPRO,46,4,1,6,5,7,7,3,3,1,1,5,3,2_gama_1-2-2_agregado.xls,PPV (mensal)2015
Gama,02,2015,3. OUTROS CRIMES,OCORRENCIA,FURTO A TRANSEUNTE,142,13,15,15,16,11,14,10,14,2,11,9,12,2_gama_1-2-2_agregado.xls,PPV (mensal)2015
Gama,02,2015,3. OUTROS CRIMES,OCORRENCIA,ROUBO EM RESIDÊNCIA,25,5,0,1,3,0,3,1,5,0,2,2,3,2_gama_1-2-2_agregado.xls,PPV (mensal)2015
Gama,02,2015,3. OUTROS CRIMES,OCORRENCIA,TENTATIVA DE HOMICÍDIO,77,6,3,9,8,5,8,9,6,4,6,5,8,2_gama_1-2-2_agregado.xls,PPV (mensal)2015
Gama,02,2015,4. PRODUTIVIDADE POLICIAL,OCORRENCIA,LOCALIZAÇÃO DE VEICULO FURTADO OU ROUBADO,335,29,23,31,30,34,19,29,20,20,27,40,33,2_gama_1-2-2_agregado.xls,PPV (mensal)2015
Gama,02,2015,4. PRODUTIVIDADE POLICIAL,OCORRENCIA,POSSE/PORTE DE ARMA,84,3,8,6,11,5,9,6,6,12,5,7,6,2_gama_1-2-2_agregado.xls,PPV (mensal)2015
Gama,02,2015,4. PRODUTIVIDADE POLICIAL,OCORRENCIA,TRÁFICO DE DROGAS,114,11,8,10,11,3,12,11,16,11,6,6,9,2_gama_1-2-2_agregado.xls,PPV (mensal)2015
Gama,02,2015,4. PRODUTIVIDADE POLICIAL,OCORRENCIA,USO E PORTE DE DROGAS,420,51,43,44,31,29,30,40,44,35,25,24,24,2_gama_1-2-2_agregado.xls,PPV (mensal)2015
Gama,02,2016,1. C.V.L.I. - CRIMES VIOLENTOS LETAIS INTENCIONAIS,OCORRENCIA,HOMICÍDIO,40,4,4,3,6,3,5,2,1,2,5,1,4,2_gama_1-2-2_agregado.xls,PPV(mensal)2016
Gama,02,2016,1. C.V.L.I. - CRIMES VIOLENTOS LETAIS INTENCIONAIS,OCORRENCIA,LATROCÍNIO,3,0,0,0,0,0,0,0,1,0,1,0,1,2_gama_1-2-2_agregado.xls,PPV(mensal)2016
Gama,02,2016,1. C.V.L.I. - CRIMES VIOLENTOS LETAIS INTENCIONAIS,OCORRENCIA,LESÃO CORPORAL SEG. DE MORTE,0,0,0,0,0,0,0,0,0,0,0,0,0,2_gama_1-2-2_agregado.xls,PPV(mensal)2016
Gama,02,2016,2. C.C.P. -                                                      CRIMES CONTRA O PATRIMÔNIO,OCORRENCIA,FURTO EM VEÍCULO,434,29,25,16,37,40,48,36,45,40,50,36,32,2_gama_1-2-2_agregado.xls,PPV(mensal)2016
Gama,02,2016,2. C.C.P. -                                                      CRIMES CONTRA O PATRIMÔNIO,OCORRENCIA,ROUBO A TRANSEUNTE,2040,175,161,202,201,199,166,197,178,153,145,141,122,2_gama_1-2-2_agregado.xls,PPV(mensal)2016
Gama,02,2016,2. C.C.P. -                                                      CRIMES CONTRA O PATRIMÔNIO,OCORRENCIA,ROUBO DE VEÍCULO,355,24,26,45,30,42,19,15,30,22,41,28,33,2_gama_1-2-2_agregado.xls,PPV(mensal)2016
Gama,02,2016,2. C.C.P. -                                                      CRIMES CONTRA O PATRIMÔNIO,OCORRENCIA,ROUBO EM COLETIVO,42,6,2,5,10,3,3,1,1,3,5,2,1,2_gama_1-2-2_agregado.xls,PPV(mensal)2016
Gama,02,2016,2. C.C.P. -                                                      CRIMES CONTRA O PATRIMÔNIO,OCORRENCIA,ROUBO EM COMÉRCIO *,142,25,19,14,10,13,11,2,6,10,12,10,10,2_gama_1-2-2_agregado.xls,PPV(mensal)2016
Gama,02,2016,2. C.C.P. -                                                      CRIMES CONTRA O PATRIMÔNIO,OCORRENCIA,ROUBO EM RESIDÊNCIA,50,4,5,6,4,3,3,0,8,5,4,3,5,2_gama_1-2-2_agregado.xls,PPV(mensal)2016
Gama,02,2016,3. OUTROS CRIMES,OCORRENCIA,ESTUPRO,37,8,2,8,0,1,3,3,4,3,1,2,2,2_gama_1-2-2_agregado.xls,PPV(mensal)2016
Gama,02,2016,3. OUTROS CRIMES,OCORRENCIA,FURTO A TRANSEUNTE,138,14,14,7,7,17,7,13,19,8,10,7,15,2_gama_1-2-2_agregado.xls,PPV(mensal)2016
Gama,02,2016,3. OUTROS CRIMES,OCORRENCIA,TENTATIVA DE HOMICÍDIO,52,2,3,6,5,3,2,5,6,7,5,3,5,2_gama_1-2-2_agregado.xls,PPV(mensal)2016
Gama,02,2016,3. OUTROS CRIMES,OCORRENCIA,TENTATIVA DE LATROCÍNIO,20,0,1,4,0,2,0,1,5,0,0,4,3,2_gama_1-2-2_agregado.xls,PPV(mensal)2016
Gama,02,2016,4. PRODUTIVIDADE POLICIAL,OCORRENCIA,LOCALIZAÇÃO DE VEICULO FURTADO OU ROUBADO,492,31,24,45,40,60,34,27,46,45,49,43,48,2_gama_1-2-2_agregado.xls,PPV(mensal)2016
Gama,02,2016,4. PRODUTIVIDADE POLICIAL,OCORRENCIA,POSSE/PORTE DE ARMA,90,6,8,10,7,7,9,3,13,5,9,6,7,2_gama_1-2-2_agregado.xls,PPV(mensal)2016
Gama,02,2016,4. PRODUTIVIDADE POLICIAL,OCORRENCIA,TRÁFICO DE DROGAS,85,10,9,7,2,13,8,13,8,2,4,5,4,2_gama_1-2-2_agregado.xls,PPV(mensal)2016
Gama,02,2016,4. PRODUTIVIDADE POLICIAL,OCORRENCIA,USO E PORTE DE DROGAS,298,26,32,29,28,32,30,22,29,14,23,17,16,2_gama_1-2-2_agregado.xls,PPV(mensal)2016
Gama,02,2017,1. C.V.L.I. - CRIMES VIOLENTOS LETAIS INTENCIONAIS,OCORRENCIA,HOMICÍDIO,38,2,2,4,4,1,2,4,3,6,4,2,4,2_gama_1-2-2_agregado.xls,PPV(mensal)2017
Gama,02,2017,1. C.V.L.I. - CRIMES VIOLENTOS LETAIS INTENCIONAIS,OCORRENCIA,LATROCÍNIO,1,1,0,0,0,0,0,0,0,0,0,0,0,2_gama_1-2-2_agregado.xls,PPV(mensal)2017
Gama,02,2017,1. C.V.L.I. - CRIMES VIOLENTOS LETAIS INTENCIONAIS,OCORRENCIA,LESÃO CORPORAL SEG. DE MORTE,0,0,0,0,0,0,0,0,0,0,0,0,0,2_gama_1-2-2_agregado.xls,PPV(mensal)2017
Gama,02,2017,2. C.C.P. -                                                      CRIMES CONTRA O PATRIMÔNIO,OCORRENCIA,FURTO EM VEÍCULO,414,39,42,47,26,43,36,30,24,39,25,26,37,2_gama_1-2-2_agregado.xls,PPV(mensal)2017
Gama,02,2017,2. C.C.P. -                                                      CRIMES CONTRA O PATRIMÔNIO,OCORRENCIA,ROUBO A TRANSEUNTE,1859,152,152,171,127,162,177,158,175,135,165,134,151,2_gama_1-2-2_agregado.xls,PPV(mensal)2017
Gama,02,2017,2. C.C.P. -                                                      CRIMES CONTRA O PATRIMÔNIO,OCORRENCIA,ROUBO DE VEÍCULO,260,27,26,30,23,25,15,20,15,14,20,23,22,2_gama_1-2-2_agregado.xls,PPV(mensal)2017
Gama,02,2017,2. C.C.P. -                                                      CRIMES CONTRA O PATRIMÔNIO,OCORRENCIA,ROUBO EM COLETIVO,28,2,1,1,1,9,1,4,1,2,1,4,1,2_gama_1-2-2_agregado.xls,PPV(mensal)2017
Gama,02,2017,2. C.C.P. -                                                      CRIMES CONTRA O PATRIMÔNIO,OCORRENCIA,ROUBO EM COMÉRCIO *,131,9,10,8,7,13,14,15,18,11,10,9,7,2_gama_1-2-2_agregado.xls,PPV(mensal)2017
Gama,02,2017,2. C.C.P. -                                                      CRIMES CONTRA O PATRIMÔNIO,OCORRENCIA,ROUBO EM RESIDÊNCIA,53,10,5,7,5,2,3,6,3,6,2,2,2,2_gama_1-2-2_agregado.xls,PPV(mensal)2017
Gama,02,2017,3. OUTROS CRIMES,OCORRENCIA,ESTUPRO,47,1,1,2,2,5,8,4,2,6,8,5,3,2_gama_1-2-2_agregado.xls,PPV(mensal)2017
Gama,02,2017,3. OUTROS CRIMES,OCORRENCIA,FURTO A TRANSEUNTE,176,13,18,11,15,19,10,15,15,23,8,18,11,2_gama_1-2-2_agregado.xls,PPV(mensal)2017
Gama,02,2017,3. OUTROS CRIMES,OCORRENCIA,TENTATIVA DE HOMICÍDIO,53,6,2,5,3,4,5,6,6,4,5,1,6,2_gama_1-2-2_agregado.xls,PPV(mensal)2017
Gama,02,2017,3. OUTROS CRIMES,OCORRENCIA,TENTATIVA DE LATROCÍNIO,14,1,0,3,1,0,1,3,0,1,1,2,1,2_gama_1-2-2_agregado.xls,PPV(mensal)2017
Gama,02,2017,4. PRODUTIVIDADE POLICIAL,OCORRENCIA,LOCALIZAÇÃO DE VEICULO FURTADO OU ROUBADO,377,37,32,42,29,41,36,24,23,25,24,32,32,2_gama_1-2-2_agregado.xls,PPV(mensal)2017
Gama,02,2017,4. PRODUTIVIDADE POLICIAL,OCORRENCIA,POSSE/PORTE DE ARMA,94,7,6,9,7,6,7,10,7,7,16,8,4,2_gama_1-2-2_agregado.xls,PPV(mensal)2017
Gama,02,2017,4. PRODUTIVIDADE POLICIAL,OCORRENCIA,TRÁFICO DE DROGAS,109,7,5,5,8,5,10,10,12,12,10,13,12,2_gama_1-2-2_agregado.xls,PPV(mensal)2017
Gama,02,2017,4. PRODUTIVIDADE POLICIAL,OCORRENCIA,USO E PORTE DE DROGAS,287,27,16,16,39,27,23,21,30,18,25,20,25,2_gama_1-2-2_agregado.xls,PPV(mensal)2017
Gama,02,2018,1. C.V.L.I. - CRIMES VIOLENTOS LETAIS INTENCIONAIS,OCORRENCIA,HOMICÍDIO,26,2,2,2,3,2,0,1,0,1,5,5,3,2_gama_1-2-2_agregado.xls,PPV(mensal)2018
Gama,02,2018,1. C.V.L.I. - CRIMES VIOLENTOS LETAIS INTENCIONAIS,OCORRENCIA,LATROCÍNIO,2,0,0,1,0,0,0,0,1,0,0,0,0,2_gama_1-2-2_agregado.xls,PPV(mensal)2018
Gama,02,2018,1. C.V.L.I. - CRIMES VIOLENTOS LETAIS INTENCIONAIS,OCORRENCIA,LESÃO CORPORAL SEG. DE MORTE,0,0,0,0,0,0,0,0,0,0,0,0,0,2_gama_1-2-2_agregado.xls,PPV(mensal)2018
Gama,02,2018,2. C.C.P. -                                                      CRIMES CONTRA O PATRIMÔNIO,OCORRENCIA,FURTO EM VEÍCULO,390,31,22,25,38,32,35,33,35,49,33,27,30,2_gama_1-2-2_agregado.xls,PPV(mensal)2018
Gama,02,2018,2. C.C.P. -                                                      CRIMES CONTRA O PATRIMÔNIO,OCORRENCIA,ROUBO A TRANSEUNTE,1880,134,142,152,156,154,172,127,188,185,164,160,146,2_gama_1-2-2_agregado.xls,PPV(mensal)2018
Gama,02,2018,2. C.C.P. -                                                      CRIMES CONTRA O PATRIMÔNIO,OCORRENCIA,ROUBO DE VEÍCULO,196,19,24,15,13,23,21,21,16,9,15,8,12,2_gama_1-2-2_agregado.xls,PPV(mensal)2018
Gama,02,2018,2. C.C.P. -                                                      CRIMES CONTRA O PATRIMÔNIO,OCORRENCIA,ROUBO EM COLETIVO,17,1,1,2,2,2,4,2,0,1,0,1,1,2_gama_1-2-2_agregado.xls,PPV(mensal)2018
Gama,02,2018,2. C.C.P. -                                                      CRIMES CONTRA O PATRIMÔNIO,OCORRENCIA,ROUBO EM COMÉRCIO *,111,5,9,15,21,14,9,5,4,5,8,13,3,2_gama_1-2-2_agregado.xls,PPV(mensal)2018
Gama,02,2018,2. C.C.P. -                                                      CRIMES CONTRA O PATRIMÔNIO,OCORRENCIA,ROUBO EM RESIDÊNCIA,37,3,3,0,4,6,5,5,3,3,0,4,1,2_gama_1-2-2_agregado.xls,PPV(mensal)2018
Gama,02,2018,3. OUTROS CRIMES,OCORRENCIA,ESTUPRO,31,1,2,2,3,4,2,4,1,3,5,2,2,2_gama_1-2-2_agregado.xls,PPV(mensal)2018
Gama,02,2018,3. OUTROS CRIMES,OCORRENCIA,FURTO A TRANSEUNTE,199,22,14,12,8,25,10,11,17,15,26,18,21,2_gama_1-2-2_agregado.xls,PPV(mensal)2018
Gama,02,2018,3. OUTROS CRIMES,OCORRENCIA,TENTATIVA DE HOMICÍDIO,35,2,4,4,1,6,2,1,4,1,5,4,1,2_gama_1-2-2_agregado.xls,PPV(mensal)2018
Gama,02,2018,3. OUTROS CRIMES,OCORRENCIA,TENTATIVA DE LATROCÍNIO,9,0,1,0,1,0,1,1,0,1,0,3,1,2_gama_1-2-2_agregado.xls,PPV(mensal)2018
Gama,02,2018,4. PRODUTIVIDADE POLICIAL,OCORRENCIA,LOCALIZAÇÃO DE VEICULO FURTADO OU ROUBADO,336,24,29,21,29,30,38,41,29,21,23,21,30,2_gama_1-2-2_agregado.xls,PPV(mensal)2018
Gama,02,2018,4. PRODUTIVIDADE POLICIAL,OCORRENCIA,POSSE/PORTE DE ARMA,82,9,3,8,8,4,6,6,5,9,9,6,9,2_gama_1-2-2_agregado.xls,PPV(mensal)2018
Gama,02,2018,4. PRODUTIVIDADE POLICIAL,OCORRENCIA,TRÁFICO DE DROGAS,104,13,11,6,9,5,7,5,12,12,10,6,8,2_gama_1-2-2_agregado.xls,PPV(mensal)2018
Gama,02,2018,4. PRODUTIVIDADE POLICIAL,OCORRENCIA,USO E PORTE DE DROGAS,284,28,25,41,21,20,27,15,19,27,19,22,20,2_gama_1-2-2_agregado.xls,PPV(mensal)2018
Gama,02,2026,1. C.V.L.I. - CRIMES VIOLENTOS LETAIS INTENCIONAIS,OCORRENCIA,HOMICÍDIO,9,0,0,2,0,1,1,1,4,0,0,0,0,02_GAMA (4)_2026.xlsx,mensal
Gama,02,2026,1. C.V.L.I. - CRIMES VIOLENTOS LETAIS INTENCIONAIS,OCORRENCIA,LATROCÍNIO,0,0,0,0,0,0,0,0,0,0,0,0,0,02_GAMA (4)_2026.xlsx,mensal
Gama,02,2026,1. C.V.L.I. - CRIMES VIOLENTOS LETAIS INTENCIONAIS,OCORRENCIA,LESÃO CORPORAL SEG. DE MORTE,0,0,0,0,0,0,0,0,0,0,0,0,0,02_GAMA (4)_2026.xlsx,mensal
Gama,02,2026,2. C.C.P. -                                                      CRIMES CONTRA O PATRIMÔNIO,OCORRENCIA,FURTO EM VEÍCULO,75,12,5,7,14,6,4,13,14,0,0,0,0,02_GAMA (4)_2026.xlsx,mensal
Gama,02,2026,2. C.C.P. -                                                      CRIMES CONTRA O PATRIMÔNIO,OCORRENCIA,ROUBO A TRANSEUNTE,218,19,27,35,36,29,35,19,18,0,0,0,0,02_GAMA (4)_2026.xlsx,mensal
Gama,02,2026,2. C.C.P. -                                                      CRIMES CONTRA O PATRIMÔNIO,OCORRENCIA,ROUBO DE VEÍCULO,8,2,0,2,0,0,1,1,2,0,0,0,0,02_GAMA (4)_2026.xlsx,mensal
Gama,02,2026,2. C.C.P. -                                                      CRIMES CONTRA O PATRIMÔNIO,OCORRENCIA,ROUBO EM COLETIVO,1,0,1,0,0,0,0,0,0,0,0,0,0,02_GAMA (4)_2026.xlsx,mensal
Gama,02,2026,2. C.C.P. -                                                      CRIMES CONTRA O PATRIMÔNIO,OCORRENCIA,ROUBO EM COMÉRCIO *,3,1,0,0,0,1,0,1,0,0,0,0,0,02_GAMA (4)_2026.xlsx,mensal
Gama,02,2026,2. C.C.P. -                                                      CRIMES CONTRA O PATRIMÔNIO,OCORRENCIA,ROUBO EM RESIDÊNCIA,2,0,0,0,2,0,0,0,0,0,0,0,0,02_GAMA (4)_2026.xlsx,mensal
Gama,02,2026,3. OUTROS CRIMES,OCORRENCIA,ESTUPRO,15,1,2,0,5,1,1,4,1,0,0,0,0,02_GAMA (4)_2026.xlsx,mensal
Gama,02,2026,3. OUTROS CRIMES,OCORRENCIA,ESTUPRO DE VULNERÁVEL,23,3,4,5,4,3,2,1,1,0,0,0,0,02_GAMA (4)_2026.xlsx,mensal
Gama,02,2026,3. OUTROS CRIMES,OCORRENCIA,TENTATIVA DE HOMICÍDIO,24,4,2,5,2,1,4,0,6,0,0,0,0,02_GAMA (4)_2026.xlsx,mensal
Gama,02,2026,3. OUTROS CRIMES,OCORRENCIA,TENTATIVA DE LATROCÍNIO,1,0,0,0,0,0,0,1,0,0,0,0,0,02_GAMA (4)_2026.xlsx,mensal
Gama,02,2026,4. PRODUTIVIDADE POLICIAL,OCORRENCIA,LOCALIZAÇÃO DE VEICULO FURTADO OU ROUBADO,46,2,11,4,3,6,6,4,10,0,0,0,0,02_GAMA (4)_2026.xlsx,mensal
Gama,02,2026,4. PRODUTIVIDADE POLICIAL,OCORRENCIA,POSSE/PORTE DE ARMA,30,6,2,5,7,2,3,2,3,0,0,0,0,02_GAMA (4)_2026.xlsx,mensal
Gama,02,2026,4. PRODUTIVIDADE POLICIAL,OCORRENCIA,TRÁFICO DE DROGAS,89,11,10,17,10,8,14,10,9,0,0,0,0,02_GAMA (4)_2026.xlsx,mensal
Gama,02,2026,4. PRODUTIVIDADE POLICIAL,OCORRENCIA,USO E PORTE DE DROGAS,52,11,2,6,10,5,8,5,5,0,0,0,0,02_GAMA (4)_2026.xlsx,mensal
Guará,10,2026,1. C.V.L.I. - CRIMES VIOLENTOS LETAIS INTENCIONAIS,OCORRENCIA,HOMICÍDIO,1,1,0,0,0,0,0,0,0,0,0,0,0,10_GUARA (4)_2026.xlsx,mensal
Guará,10,2026,1. C.V.L.I. - CRIMES VIOLENTOS LETAIS INTENCIONAIS,OCORRENCIA,LATROCÍNIO,0,0,0,0,0,0,0,0,0,0,0,0,0,10_GUARA (4)_2026.xlsx,mensal
Guará,10,2026,1. C.V.L.I. - CRIMES VIOLENTOS LETAIS INTENCIONAIS,OCORRENCIA,LESÃO CORPORAL SEG. DE MORTE,0,0,0,0,0,0,0,0,0,0,0,0,0,10_GUARA (4)_2026.xlsx,mensal
Guará,10,2026,2. C.C.P. -                                                      CRIMES CONTRA O PATRIMÔNIO,OCORRENCIA,FURTO EM VEÍCULO,94,11,8,19,11,5,15,8,17,0,0,0,0,10_GUARA (4)_2026.xlsx,mensal
Guará,10,2026,2. C.C.P. -                                                      CRIMES CONTRA O PATRIMÔNIO,OCORRENCIA,ROUBO A TRANSEUNTE,127,12,11,21,12,18,12,28,13,0,0,0,0,10_GUARA (4)_2026.xlsx,mensal
Guará,10,2026,2. C.C.P. -                                                      CRIMES CONTRA O PATRIMÔNIO,OCORRENCIA,ROUBO DE VEÍCULO,6,0,2,2,1,0,1,0,0,0,0,0,0,10_GUARA (4)_2026.xlsx,mensal
Guará,10,2026,2. C.C.P. -                                                      CRIMES CONTRA O PATRIMÔNIO,OCORRENCIA,ROUBO EM COLETIVO,3,0,0,0,0,0,1,0,2,0,0,0,0,10_GUARA (4)_2026.xlsx,mensal
Guará,10,2026,2. C.C.P. -                                                      CRIMES CONTRA O PATRIMÔNIO,OCORRENCIA,ROUBO EM COMÉRCIO *,2,0,0,0,1,1,0,0,0,0,0,0,0,10_GUARA (4)_2026.xlsx,mensal
Guará,10,2026,2. C.C.P. -                                                      CRIMES CONTRA O PATRIMÔNIO,OCORRENCIA,ROUBO EM RESIDÊNCIA,2,1,0,0,0,0,0,1,0,0,0,0,0,10_GUARA (4)_2026.xlsx,mensal
Guará,10,2026,3. OUTROS CRIMES,OCORRENCIA,ESTUPRO,9,2,1,1,0,0,0,3,2,0,0,0,0,10_GUARA (4)_2026.xlsx,mensal
Guará,10,2026,3. OUTROS CRIMES,OCORRENCIA,ESTUPRO DE VULNERÁVEL,7,2,1,1,0,1,2,0,0,0,0,0,0,10_GUARA (4)_2026.xlsx,mensal
Guará,10,2026,3. OUTROS CRIMES,OCORRENCIA,TENTATIVA DE HOMICÍDIO,14,0,1,1,0,4,3,2,3,0,0,0,0,10_GUARA (4)_2026.xlsx,mensal
Guará,10,2026,3. OUTROS CRIMES,OCORRENCIA,TENTATIVA DE LATROCÍNIO,0,0,0,0,0,0,0,0,0,0,0,0,0,10_GUARA (4)_2026.xlsx,mensal
Guará,10,2026,4. PRODUTIVIDADE POLICIAL,OCORRENCIA,LOCALIZAÇÃO DE VEICULO FURTADO OU ROUBADO,39,8,3,5,4,4,6,6,3,0,0,0,0,10_GUARA (4)_2026.xlsx,mensal
Guará,10,2026,4. PRODUTIVIDADE POLICIAL,OCORRENCIA,POSSE/PORTE DE ARMA,5,2,0,1,0,0,0,0,2,0,0,0,0,10_GUARA (4)_2026.xlsx,mensal
Guará,10,2026,4. PRODUTIVIDADE POLICIAL,OCORRENCIA,TRÁFICO DE DROGAS,69,10,19,6,3,7,10,5,9,0,0,0,0,10_GUARA (4)_2026.xlsx,mensal
Guará,10,2026,4. PRODUTIVIDADE POLICIAL,OCORRENCIA,USO E PORTE DE DROGAS,52,7,8,7,6,6,4,7,7,0,0,0,0,10_GUARA (4)_2026.xlsx,mensal
Itapoã,28,2014,1. C.V.L.I. - CRIMES VIOLENTOS LETAIS INTENCIONAIS,OCORRENCIA,HOMICÍDIO,27,3,1,4,2,0,5,3,2,1,1,2,3,28_itapo_1-3-4_agregado.xls,PPV (mensal)2014
Itapoã,28,2014,1. C.V.L.I. - CRIMES VIOLENTOS LETAIS INTENCIONAIS,OCORRENCIA,LATROCÍNIO,2,0,0,0,0,1,1,0,0,0,0,0,0,28_itapo_1-3-4_agregado.xls,PPV (mensal)2014
Itapoã,28,2014,1. C.V.L.I. - CRIMES VIOLENTOS LETAIS INTENCIONAIS,OCORRENCIA,LESÃO CORPORAL SEG. DE MORTE,0,0,0,0,0,0,0,0,0,0,0,0,0,28_itapo_1-3-4_agregado.xls,PPV (mensal)2014
Itapoã,28,2014,2. C.C.P. -                                                      CRIMES CONTRA O PATRIMÔNIO,OCORRENCIA,FURTO EM VEÍCULO,79,9,3,10,7,2,1,8,9,8,9,4,9,28_itapo_1-3-4_agregado.xls,PPV (mensal)2014
Itapoã,28,2014,2. C.C.P. -                                                      CRIMES CONTRA O PATRIMÔNIO,OCORRENCIA,ROUBO A TRANSEUNTE,923,77,64,67,68,69,65,87,89,114,67,75,81,28_itapo_1-3-4_agregado.xls,PPV (mensal)2014
Itapoã,28,2014,2. C.C.P. -                                                      CRIMES CONTRA O PATRIMÔNIO,OCORRENCIA,ROUBO DE VEÍCULO,144,18,18,15,20,21,12,6,16,6,6,4,2,28_itapo_1-3-4_agregado.xls,PPV (mensal)2014
Itapoã,28,2014,2. C.C.P. -                                                      CRIMES CONTRA O PATRIMÔNIO,OCORRENCIA,ROUBO EM COLETIVO,33,1,2,1,1,2,3,3,3,1,9,4,3,28_itapo_1-3-4_agregado.xls,PPV (mensal)2014
Itapoã,28,2014,2. C.C.P. -                                                      CRIMES CONTRA O PATRIMÔNIO,OCORRENCIA,ROUBO EM COMÉRCIO *,103,16,14,17,0,9,6,4,7,2,11,11,6,28_itapo_1-3-4_agregado.xls,PPV (mensal)2014
Itapoã,28,2014,3. OUTROS CRIMES,OCORRENCIA,ESTUPRO,21,1,2,2,3,0,2,0,1,2,3,3,2,28_itapo_1-3-4_agregado.xls,PPV (mensal)2014
Itapoã,28,2014,3. OUTROS CRIMES,OCORRENCIA,FURTO A TRANSEUNTE,43,3,1,0,2,5,4,4,5,6,6,4,3,28_itapo_1-3-4_agregado.xls,PPV (mensal)2014
Itapoã,28,2014,3. OUTROS CRIMES,OCORRENCIA,ROUBO EM RESIDÊNCIA,18,3,1,0,0,2,2,1,0,4,3,1,1,28_itapo_1-3-4_agregado.xls,PPV (mensal)2014
Itapoã,28,2014,3. OUTROS CRIMES,OCORRENCIA,TENTATIVA DE HOMICÍDIO,50,4,3,4,4,7,5,2,4,4,4,7,2,28_itapo_1-3-4_agregado.xls,PPV (mensal)2014
Itapoã,28,2014,4. PRODUTIVIDADE POLICIAL,OCORRENCIA,LOCALIZAÇÃO DE VEICULO FURTADO OU ROUBADO,166,20,23,13,29,11,10,8,13,9,13,7,10,28_itapo_1-3-4_agregado.xls,PPV (mensal)2014
Itapoã,28,2014,4. PRODUTIVIDADE POLICIAL,OCORRENCIA,POSSE/PORTE DE ARMA,39,2,3,5,3,4,4,6,5,1,1,3,2,28_itapo_1-3-4_agregado.xls,PPV (mensal)2014
Itapoã,28,2014,4. PRODUTIVIDADE POLICIAL,OCORRENCIA,TRÁFICO DE DROGAS,21,0,1,3,2,2,0,2,3,4,1,1,2,28_itapo_1-3-4_agregado.xls,PPV (mensal)2014
Itapoã,28,2014,4. PRODUTIVIDADE POLICIAL,OCORRENCIA,USO E PORTE DE DROGAS,54,5,4,4,2,5,4,6,4,5,5,4,6,28_itapo_1-3-4_agregado.xls,PPV (mensal)2014
Itapoã,28,2015,1. C.V.L.I. - CRIMES VIOLENTOS LETAIS INTENCIONAIS,OCORRENCIA,HOMICÍDIO,30,4,3,4,6,2,1,0,1,2,1,2,4,28_itapo_1-3-4_agregado.xls,PPV (mensal)2015
Itapoã,28,2015,1. C.V.L.I. - CRIMES VIOLENTOS LETAIS INTENCIONAIS,OCORRENCIA,LATROCÍNIO,0,0,0,0,0,0,0,0,0,0,0,0,0,28_itapo_1-3-4_agregado.xls,PPV (mensal)2015
Itapoã,28,2015,1. C.V.L.I. - CRIMES VIOLENTOS LETAIS INTENCIONAIS,OCORRENCIA,LESÃO CORPORAL SEG. DE MORTE,1,0,0,1,0,0,0,0,0,0,0,0,0,28_itapo_1-3-4_agregado.xls,PPV (mensal)2015
Itapoã,28,2015,2. C.C.P. -                                                      CRIMES CONTRA O PATRIMÔNIO,OCORRENCIA,FURTO EM VEÍCULO,59,3,5,6,8,7,4,2,6,1,5,4,8,28_itapo_1-3-4_agregado.xls,PPV (mensal)2015
Itapoã,28,2015,2. C.C.P. -                                                      CRIMES CONTRA O PATRIMÔNIO,OCORRENCIA,ROUBO A TRANSEUNTE,925,109,88,86,64,88,98,74,76,22,78,67,75,28_itapo_1-3-4_agregado.xls,PPV (mensal)2015
Itapoã,28,2015,2. C.C.P. -                                                      CRIMES CONTRA O PATRIMÔNIO,OCORRENCIA,ROUBO DE VEÍCULO,67,6,7,0,5,7,4,7,6,2,7,10,6,28_itapo_1-3-4_agregado.xls,PPV (mensal)2015
Itapoã,28,2015,2. C.C.P. -                                                      CRIMES CONTRA O PATRIMÔNIO,OCORRENCIA,ROUBO EM COLETIVO,32,1,5,0,2,5,3,3,3,1,6,1,2,28_itapo_1-3-4_agregado.xls,PPV (mensal)2015
Itapoã,28,2015,2. C.C.P. -                                                      CRIMES CONTRA O PATRIMÔNIO,OCORRENCIA,ROUBO EM COMÉRCIO *,79,7,7,2,3,8,11,17,4,3,9,5,3,28_itapo_1-3-4_agregado.xls,PPV (mensal)2015
Itapoã,28,2015,3. OUTROS CRIMES,OCORRENCIA,ESTUPRO,10,2,1,2,1,0,1,1,0,0,1,0,1,28_itapo_1-3-4_agregado.xls,PPV (mensal)2015
Itapoã,28,2015,3. OUTROS CRIMES,OCORRENCIA,FURTO A TRANSEUNTE,38,4,2,2,0,3,1,8,4,3,3,2,6,28_itapo_1-3-4_agregado.xls,PPV (mensal)2015
Itapoã,28,2015,3. OUTROS CRIMES,OCORRENCIA,ROUBO EM RESIDÊNCIA,19,2,2,2,0,0,1,1,1,2,3,3,2,28_itapo_1-3-4_agregado.xls,PPV (mensal)2015
Itapoã,28,2015,3. OUTROS CRIMES,OCORRENCIA,TENTATIVA DE HOMICÍDIO,51,15,5,4,1,2,5,6,5,2,1,2,3,28_itapo_1-3-4_agregado.xls,PPV (mensal)2015
Itapoã,28,2015,4. PRODUTIVIDADE POLICIAL,OCORRENCIA,LOCALIZAÇÃO DE VEICULO FURTADO OU ROUBADO,144,11,11,10,17,12,11,10,10,6,18,16,12,28_itapo_1-3-4_agregado.xls,PPV (mensal)2015
Itapoã,28,2015,4. PRODUTIVIDADE POLICIAL,OCORRENCIA,POSSE/PORTE DE ARMA,48,4,10,4,4,3,3,1,3,3,8,2,3,28_itapo_1-3-4_agregado.xls,PPV (mensal)2015
Itapoã,28,2015,4. PRODUTIVIDADE POLICIAL,OCORRENCIA,TRÁFICO DE DROGAS,32,1,2,3,0,2,3,0,5,3,5,5,3,28_itapo_1-3-4_agregado.xls,PPV (mensal)2015
Itapoã,28,2015,4. PRODUTIVIDADE POLICIAL,OCORRENCIA,USO E PORTE DE DROGAS,69,5,7,4,9,1,6,4,9,5,6,6,7,28_itapo_1-3-4_agregado.xls,PPV (mensal)2015
Itapoã,28,2016,1. C.V.L.I. - CRIMES VIOLENTOS LETAIS INTENCIONAIS,OCORRENCIA,HOMICÍDIO,22,2,4,4,1,0,2,1,3,1,2,1,1,28_itapo_1-3-4_agregado.xls,PPV(mensal)2016
Itapoã,28,2016,1. C.V.L.I. - CRIMES VIOLENTOS LETAIS INTENCIONAIS,OCORRENCIA,LATROCÍNIO,3,0,0,1,0,0,0,2,0,0,0,0,0,28_itapo_1-3-4_agregado.xls,PPV(mensal)2016
Itapoã,28,2016,1. C.V.L.I. - CRIMES VIOLENTOS LETAIS INTENCIONAIS,OCORRENCIA,LESÃO CORPORAL SEG. DE MORTE,0,0,0,0,0,0,0,0,0,0,0,0,0,28_itapo_1-3-4_agregado.xls,PPV(mensal)2016
Itapoã,28,2016,2. C.C.P. -                                                      CRIMES CONTRA O PATRIMÔNIO,OCORRENCIA,FURTO EM VEÍCULO,61,5,8,4,6,6,3,9,3,7,4,3,3,28_itapo_1-3-4_agregado.xls,PPV(mensal)2016
Itapoã,28,2016,2. C.C.P. -                                                      CRIMES CONTRA O PATRIMÔNIO,OCORRENCIA,ROUBO A TRANSEUNTE,1360,82,91,149,96,111,111,127,103,147,118,118,107,28_itapo_1-3-4_agregado.xls,PPV(mensal)2016
Itapoã,28,2016,2. C.C.P. -                                                      CRIMES CONTRA O PATRIMÔNIO,OCORRENCIA,ROUBO DE VEÍCULO,72,8,2,3,4,9,7,11,4,8,4,4,8,28_itapo_1-3-4_agregado.xls,PPV(mensal)2016
Itapoã,28,2016,2. C.C.P. -                                                      CRIMES CONTRA O PATRIMÔNIO,OCORRENCIA,ROUBO EM COLETIVO,38,3,2,2,6,11,0,2,6,0,2,1,3,28_itapo_1-3-4_agregado.xls,PPV(mensal)2016
Itapoã,28,2016,2. C.C.P. -                                                      CRIMES CONTRA O PATRIMÔNIO,OCORRENCIA,ROUBO EM COMÉRCIO *,80,4,3,2,9,6,4,9,7,8,9,7,12,28_itapo_1-3-4_agregado.xls,PPV(mensal)2016
Itapoã,28,2016,2. C.C.P. -                                                      CRIMES CONTRA O PATRIMÔNIO,OCORRENCIA,ROUBO EM RESIDÊNCIA,21,1,1,0,0,3,2,2,4,1,2,2,3,28_itapo_1-3-4_agregado.xls,PPV(mensal)2016
Itapoã,28,2016,3. OUTROS CRIMES,OCORRENCIA,ESTUPRO,14,0,0,1,2,0,2,0,2,0,3,1,3,28_itapo_1-3-4_agregado.xls,PPV(mensal)2016
Itapoã,28,2016,3. OUTROS CRIMES,OCORRENCIA,FURTO A TRANSEUNTE,46,0,3,4,4,4,6,4,6,5,2,5,3,28_itapo_1-3-4_agregado.xls,PPV(mensal)2016
Itapoã,28,2016,3. OUTROS CRIMES,OCORRENCIA,TENTATIVA DE HOMICÍDIO,51,7,5,4,2,3,4,6,5,8,3,2,2,28_itapo_1-3-4_agregado.xls,PPV(mensal)2016
Itapoã,28,2016,3. OUTROS CRIMES,OCORRENCIA,TENTATIVA DE LATROCÍNIO,15,2,2,1,0,0,1,1,1,2,1,4,0,28_itapo_1-3-4_agregado.xls,PPV(mensal)2016
Itapoã,28,2016,4. PRODUTIVIDADE POLICIAL,OCORRENCIA,LOCALIZAÇÃO DE VEICULO FURTADO OU ROUBADO,165,20,15,13,11,14,16,13,16,13,10,13,11,28_itapo_1-3-4_agregado.xls,PPV(mensal)2016
Itapoã,28,2016,4. PRODUTIVIDADE POLICIAL,OCORRENCIA,POSSE/PORTE DE ARMA,56,7,2,4,6,4,6,5,4,2,3,6,7,28_itapo_1-3-4_agregado.xls,PPV(mensal)2016
Itapoã,28,2016,4. PRODUTIVIDADE POLICIAL,OCORRENCIA,TRÁFICO DE DROGAS,45,4,7,2,1,5,6,6,5,0,3,2,4,28_itapo_1-3-4_agregado.xls,PPV(mensal)2016
Itapoã,28,2016,4. PRODUTIVIDADE POLICIAL,OCORRENCIA,USO E PORTE DE DROGAS,66,4,4,6,6,7,2,14,3,5,3,5,7,28_itapo_1-3-4_agregado.xls,PPV(mensal)2016
Itapoã,28,2017,1. C.V.L.I. - CRIMES VIOLENTOS LETAIS INTENCIONAIS,OCORRENCIA,HOMICÍDIO,21,1,2,1,3,2,1,0,0,1,2,4,4,28_itapo_1-3-4_agregado.xls,PPV(mensal)2017
Itapoã,28,2017,1. C.V.L.I. - CRIMES VIOLENTOS LETAIS INTENCIONAIS,OCORRENCIA,LATROCÍNIO,2,1,0,0,1,0,0,0,0,0,0,0,0,28_itapo_1-3-4_agregado.xls,PPV(mensal)2017
Itapoã,28,2017,1. C.V.L.I. - CRIMES VIOLENTOS LETAIS INTENCIONAIS,OCORRENCIA,LESÃO CORPORAL SEG. DE MORTE,0,0,0,0,0,0,0,0,0,0,0,0,0,28_itapo_1-3-4_agregado.xls,PPV(mensal)2017
Itapoã,28,2017,2. C.C.P. -                                                      CRIMES CONTRA O PATRIMÔNIO,OCORRENCIA,FURTO EM VEÍCULO,54,7,5,7,2,7,3,7,3,1,5,3,4,28_itapo_1-3-4_agregado.xls,PPV(mensal)2017
Itapoã,28,2017,2. C.C.P. -                                                      CRIMES CONTRA O PATRIMÔNIO,OCORRENCIA,ROUBO A TRANSEUNTE,1362,150,119,118,108,82,100,120,129,120,120,99,97,28_itapo_1-3-4_agregado.xls,PPV(mensal)2017
Itapoã,28,2017,2. C.C.P. -                                                      CRIMES CONTRA O PATRIMÔNIO,OCORRENCIA,ROUBO DE VEÍCULO,61,5,3,5,6,3,8,8,2,3,7,3,8,28_itapo_1-3-4_agregado.xls,PPV(mensal)2017
Itapoã,28,2017,2. C.C.P. -                                                      CRIMES CONTRA O PATRIMÔNIO,OCORRENCIA,ROUBO EM COLETIVO,30,0,1,9,4,2,2,5,0,3,0,0,4,28_itapo_1-3-4_agregado.xls,PPV(mensal)2017
Itapoã,28,2017,2. C.C.P. -                                                      CRIMES CONTRA O PATRIMÔNIO,OCORRENCIA,ROUBO EM COMÉRCIO *,74,4,6,4,10,9,5,1,7,8,4,4,12,28_itapo_1-3-4_agregado.xls,PPV(mensal)2017
Itapoã,28,2017,2. C.C.P. -                                                      CRIMES CONTRA O PATRIMÔNIO,OCORRENCIA,ROUBO EM RESIDÊNCIA,21,3,2,0,1,4,1,2,1,1,2,3,1,28_itapo_1-3-4_agregado.xls,PPV(mensal)2017
Itapoã,28,2017,3. OUTROS CRIMES,OCORRENCIA,ESTUPRO,17,1,1,1,0,3,2,4,3,1,0,1,0,28_itapo_1-3-4_agregado.xls,PPV(mensal)2017
Itapoã,28,2017,3. OUTROS CRIMES,OCORRENCIA,FURTO A TRANSEUNTE,36,2,3,5,0,2,3,2,4,3,2,3,7,28_itapo_1-3-4_agregado.xls,PPV(mensal)2017
Itapoã,28,2017,3. OUTROS CRIMES,OCORRENCIA,TENTATIVA DE HOMICÍDIO,31,2,1,5,3,0,3,2,5,3,4,1,2,28_itapo_1-3-4_agregado.xls,PPV(mensal)2017
Itapoã,28,2017,3. OUTROS CRIMES,OCORRENCIA,TENTATIVA DE LATROCÍNIO,7,1,0,0,1,0,0,2,1,0,0,0,2,28_itapo_1-3-4_agregado.xls,PPV(mensal)2017
Itapoã,28,2017,4. PRODUTIVIDADE POLICIAL,OCORRENCIA,LOCALIZAÇÃO DE VEICULO FURTADO OU ROUBADO,120,7,9,15,15,2,14,9,13,5,15,3,13,28_itapo_1-3-4_agregado.xls,PPV(mensal)2017
Itapoã,28,2017,4. PRODUTIVIDADE POLICIAL,OCORRENCIA,POSSE/PORTE DE ARMA,48,0,3,3,6,3,5,6,6,2,3,4,7,28_itapo_1-3-4_agregado.xls,PPV(mensal)2017
Itapoã,28,2017,4. PRODUTIVIDADE POLICIAL,OCORRENCIA,TRÁFICO DE DROGAS,55,5,3,6,0,7,6,2,4,5,5,5,7,28_itapo_1-3-4_agregado.xls,PPV(mensal)2017
Itapoã,28,2017,4. PRODUTIVIDADE POLICIAL,OCORRENCIA,USO E PORTE DE DROGAS,89,7,5,6,4,7,6,5,16,5,6,13,9,28_itapo_1-3-4_agregado.xls,PPV(mensal)2017
Itapoã,28,2018,1. C.V.L.I. - CRIMES VIOLENTOS LETAIS INTENCIONAIS,OCORRENCIA,HOMICÍDIO,19,1,4,3,0,3,0,1,3,1,1,0,2,28_itapo_1-3-4_agregado.xls,PPV(mensal)2018
Itapoã,28,2018,1. C.V.L.I. - CRIMES VIOLENTOS LETAIS INTENCIONAIS,OCORRENCIA,LATROCÍNIO,1,0,0,0,0,0,0,0,0,0,0,0,1,28_itapo_1-3-4_agregado.xls,PPV(mensal)2018
Itapoã,28,2018,1. C.V.L.I. - CRIMES VIOLENTOS LETAIS INTENCIONAIS,OCORRENCIA,LESÃO CORPORAL SEG. DE MORTE,0,0,0,0,0,0,0,0,0,0,0,0,0,28_itapo_1-3-4_agregado.xls,PPV(mensal)2018
Itapoã,28,2018,2. C.C.P. -                                                      CRIMES CONTRA O PATRIMÔNIO,OCORRENCIA,FURTO EM VEÍCULO,68,11,4,3,4,4,5,4,6,7,11,7,2,28_itapo_1-3-4_agregado.xls,PPV(mensal)2018
Itapoã,28,2018,2. C.C.P. -                                                      CRIMES CONTRA O PATRIMÔNIO,OCORRENCIA,ROUBO A TRANSEUNTE,968,57,64,78,77,119,89,88,79,65,85,83,84,28_itapo_1-3-4_agregado.xls,PPV(mensal)2018
Itapoã,28,2018,2. C.C.P. -                                                      CRIMES CONTRA O PATRIMÔNIO,OCORRENCIA,ROUBO DE VEÍCULO,46,4,5,5,4,7,2,1,5,3,2,6,2,28_itapo_1-3-4_agregado.xls,PPV(mensal)2018
Itapoã,28,2018,2. C.C.P. -                                                      CRIMES CONTRA O PATRIMÔNIO,OCORRENCIA,ROUBO EM COLETIVO,20,0,0,2,2,3,1,0,2,6,0,3,1,28_itapo_1-3-4_agregado.xls,PPV(mensal)2018
Itapoã,28,2018,2. C.C.P. -                                                      CRIMES CONTRA O PATRIMÔNIO,OCORRENCIA,ROUBO EM COMÉRCIO *,41,4,7,6,1,3,2,1,4,5,2,2,4,28_itapo_1-3-4_agregado.xls,PPV(mensal)2018
Itapoã,28,2018,2. C.C.P. -                                                      CRIMES CONTRA O PATRIMÔNIO,OCORRENCIA,ROUBO EM RESIDÊNCIA,13,1,2,1,2,0,2,0,1,1,0,2,1,28_itapo_1-3-4_agregado.xls,PPV(mensal)2018
Itapoã,28,2018,3. OUTROS CRIMES,OCORRENCIA,ESTUPRO,17,0,2,4,1,2,3,1,1,0,1,0,2,28_itapo_1-3-4_agregado.xls,PPV(mensal)2018
Itapoã,28,2018,3. OUTROS CRIMES,OCORRENCIA,FURTO A TRANSEUNTE,37,2,5,4,3,1,0,5,3,2,2,6,4,28_itapo_1-3-4_agregado.xls,PPV(mensal)2018
Itapoã,28,2018,3. OUTROS CRIMES,OCORRENCIA,TENTATIVA DE HOMICÍDIO,45,4,4,3,4,4,1,4,4,5,3,5,4,28_itapo_1-3-4_agregado.xls,PPV(mensal)2018
Itapoã,28,2018,3. OUTROS CRIMES,OCORRENCIA,TENTATIVA DE LATROCÍNIO,8,1,0,1,0,0,0,4,1,0,1,0,0,28_itapo_1-3-4_agregado.xls,PPV(mensal)2018
Itapoã,28,2018,4. PRODUTIVIDADE POLICIAL,OCORRENCIA,LOCALIZAÇÃO DE VEICULO FURTADO OU ROUBADO,98,9,7,8,9,13,4,2,5,4,8,17,12,28_itapo_1-3-4_agregado.xls,PPV(mensal)2018
Itapoã,28,2018,4. PRODUTIVIDADE POLICIAL,OCORRENCIA,POSSE/PORTE DE ARMA,38,2,4,9,2,3,2,2,2,3,4,2,3,28_itapo_1-3-4_agregado.xls,PPV(mensal)2018
Itapoã,28,2018,4. PRODUTIVIDADE POLICIAL,OCORRENCIA,TRÁFICO DE DROGAS,59,8,5,3,5,2,5,6,4,6,10,3,2,28_itapo_1-3-4_agregado.xls,PPV(mensal)2018
Itapoã,28,2018,4. PRODUTIVIDADE POLICIAL,OCORRENCIA,USO E PORTE DE DROGAS,73,12,4,4,8,2,7,11,6,4,4,5,6,28_itapo_1-3-4_agregado.xls,PPV(mensal)2018
Itapoã,28,2026,1. C.V.L.I. - CRIMES VIOLENTOS LETAIS INTENCIONAIS,OCORRENCIA,HOMICÍDIO,11,3,0,1,2,2,0,0,3,0,0,0,0,28_ITAPOA (4)_2026.xlsx,mensal
Itapoã,28,2026,1. C.V.L.I. - CRIMES VIOLENTOS LETAIS INTENCIONAIS,OCORRENCIA,LATROCÍNIO,0,0,0,0,0,0,0,0,0,0,0,0,0,28_ITAPOA (4)_2026.xlsx,mensal
Itapoã,28,2026,1. C.V.L.I. - CRIMES VIOLENTOS LETAIS INTENCIONAIS,OCORRENCIA,LESÃO CORPORAL SEG. DE MORTE,0,0,0,0,0,0,0,0,0,0,0,0,0,28_ITAPOA (4)_2026.xlsx,mensal
Itapoã,28,2026,2. C.C.P. -                                                      CRIMES CONTRA O PATRIMÔNIO,OCORRENCIA,FURTO EM VEÍCULO,16,3,2,0,2,4,2,2,1,0,0,0,0,28_ITAPOA (4)_2026.xlsx,mensal
Itapoã,28,2026,2. C.C.P. -                                                      CRIMES CONTRA O PATRIMÔNIO,OCORRENCIA,ROUBO A TRANSEUNTE,100,13,12,10,16,13,5,17,14,0,0,0,0,28_ITAPOA (4)_2026.xlsx,mensal
Itapoã,28,2026,2. C.C.P. -                                                      CRIMES CONTRA O PATRIMÔNIO,OCORRENCIA,ROUBO DE VEÍCULO,5,0,2,0,3,0,0,0,0,0,0,0,0,28_ITAPOA (4)_2026.xlsx,mensal
Itapoã,28,2026,2. C.C.P. -                                                      CRIMES CONTRA O PATRIMÔNIO,OCORRENCIA,ROUBO EM COLETIVO,0,0,0,0,0,0,0,0,0,0,0,0,0,28_ITAPOA (4)_2026.xlsx,mensal
Itapoã,28,2026,2. C.C.P. -                                                      CRIMES CONTRA O PATRIMÔNIO,OCORRENCIA,ROUBO EM COMÉRCIO *,4,3,0,0,0,0,0,0,1,0,0,0,0,28_ITAPOA (4)_2026.xlsx,mensal
Itapoã,28,2026,2. C.C.P. -                                                      CRIMES CONTRA O PATRIMÔNIO,OCORRENCIA,ROUBO EM RESIDÊNCIA,2,2,0,0,0,0,0,0,0,0,0,0,0,28_ITAPOA (4)_2026.xlsx,mensal
Itapoã,28,2026,3. OUTROS CRIMES,OCORRENCIA,ESTUPRO,10,0,3,1,1,3,1,1,0,0,0,0,0,28_ITAPOA (4)_2026.xlsx,mensal
Itapoã,28,2026,3. OUTROS CRIMES,OCORRENCIA,ESTUPRO DE VULNERÁVEL,20,3,3,3,3,5,0,1,2,0,0,0,0,28_ITAPOA (4)_2026.xlsx,mensal
Itapoã,28,2026,3. OUTROS CRIMES,OCORRENCIA,TENTATIVA DE HOMICÍDIO,26,5,2,6,3,1,3,2,4,0,0,0,0,28_ITAPOA (4)_2026.xlsx,mensal
Itapoã,28,2026,3. OUTROS CRIMES,OCORRENCIA,TENTATIVA DE LATROCÍNIO,2,0,0,0,0,1,0,1,0,0,0,0,0,28_ITAPOA (4)_2026.xlsx,mensal
Itapoã,28,2026,4. PRODUTIVIDADE POLICIAL,OCORRENCIA,LOCALIZAÇÃO DE VEICULO FURTADO OU ROUBADO,34,7,4,3,7,7,2,1,3,0,0,0,0,28_ITAPOA (4)_2026.xlsx,mensal
Itapoã,28,2026,4. PRODUTIVIDADE POLICIAL,OCORRENCIA,POSSE/PORTE DE ARMA,31,5,5,3,2,8,5,0,3,0,0,0,0,28_ITAPOA (4)_2026.xlsx,mensal
Itapoã,28,2026,4. PRODUTIVIDADE POLICIAL,OCORRENCIA,TRÁFICO DE DROGAS,104,19,11,9,14,13,17,12,9,0,0,0,0,28_ITAPOA (4)_2026.xlsx,mensal
Itapoã,28,2026,4. PRODUTIVIDADE POLICIAL,OCORRENCIA,USO E PORTE DE DROGAS,36,4,4,2,4,6,7,6,3,0,0,0,0,28_ITAPOA (4)_2026.xlsx,mensal
Jardim Botânico,27,2014,1. C.V.L.I. - CRIMES VIOLENTOS LETAIS INTENCIONAIS,OCORRENCIA,HOMICÍDIO,0,0,0,0,0,0,0,0,0,0,0,0,0,27_jardim-botanico_1-5-2_agregado.xls,PPV (mensal)2014
Jardim Botânico,27,2014,1. C.V.L.I. - CRIMES VIOLENTOS LETAIS INTENCIONAIS,OCORRENCIA,LATROCÍNIO,0,0,0,0,0,0,0,0,0,0,0,0,0,27_jardim-botanico_1-5-2_agregado.xls,PPV (mensal)2014
Jardim Botânico,27,2014,1. C.V.L.I. - CRIMES VIOLENTOS LETAIS INTENCIONAIS,OCORRENCIA,LESÃO CORPORAL SEG. DE MORTE,0,0,0,0,0,0,0,0,0,0,0,0,0,27_jardim-botanico_1-5-2_agregado.xls,PPV (mensal)2014
Jardim Botânico,27,2014,2. C.C.P. -                                                      CRIMES CONTRA O PATRIMÔNIO,OCORRENCIA,FURTO EM VEÍCULO,10,0,2,1,2,2,1,0,0,1,1,0,0,27_jardim-botanico_1-5-2_agregado.xls,PPV (mensal)2014
Jardim Botânico,27,2014,2. C.C.P. -                                                      CRIMES CONTRA O PATRIMÔNIO,OCORRENCIA,ROUBO A TRANSEUNTE,10,1,0,1,1,2,1,0,1,1,0,0,2,27_jardim-botanico_1-5-2_agregado.xls,PPV (mensal)2014
Jardim Botânico,27,2014,2. C.C.P. -                                                      CRIMES CONTRA O PATRIMÔNIO,OCORRENCIA,ROUBO DE VEÍCULO,18,1,1,1,4,0,1,3,1,1,1,1,3,27_jardim-botanico_1-5-2_agregado.xls,PPV (mensal)2014
Jardim Botânico,27,2014,2. C.C.P. -                                                      CRIMES CONTRA O PATRIMÔNIO,OCORRENCIA,ROUBO EM COLETIVO,0,0,0,0,0,0,0,0,0,0,0,0,0,27_jardim-botanico_1-5-2_agregado.xls,PPV (mensal)2014
Jardim Botânico,27,2014,2. C.C.P. -                                                      CRIMES CONTRA O PATRIMÔNIO,OCORRENCIA,ROUBO EM COMÉRCIO *,5,0,1,1,0,0,0,1,1,0,0,1,0,27_jardim-botanico_1-5-2_agregado.xls,PPV (mensal)2014
Jardim Botânico,27,2014,3. OUTROS CRIMES,OCORRENCIA,ESTUPRO,0,0,0,0,0,0,0,0,0,0,0,0,0,27_jardim-botanico_1-5-2_agregado.xls,PPV (mensal)2014
Jardim Botânico,27,2014,3. OUTROS CRIMES,OCORRENCIA,FURTO A TRANSEUNTE,2,0,0,0,0,0,1,0,0,1,0,0,0,27_jardim-botanico_1-5-2_agregado.xls,PPV (mensal)2014
Jardim Botânico,27,2014,3. OUTROS CRIMES,OCORRENCIA,ROUBO EM RESIDÊNCIA,0,0,0,0,0,0,0,0,0,0,0,0,0,27_jardim-botanico_1-5-2_agregado.xls,PPV (mensal)2014
Jardim Botânico,27,2014,3. OUTROS CRIMES,OCORRENCIA,TENTATIVA DE HOMICÍDIO,0,0,0,0,0,0,0,0,0,0,0,0,0,27_jardim-botanico_1-5-2_agregado.xls,PPV (mensal)2014
Jardim Botânico,27,2014,4. PRODUTIVIDADE POLICIAL,OCORRENCIA,LOCALIZAÇÃO DE VEICULO FURTADO OU ROUBADO,6,2,1,0,0,0,0,0,1,0,0,1,1,27_jardim-botanico_1-5-2_agregado.xls,PPV (mensal)2014
Jardim Botânico,27,2014,4. PRODUTIVIDADE POLICIAL,OCORRENCIA,POSSE/PORTE DE ARMA,2,0,0,0,1,0,0,0,0,0,0,0,1,27_jardim-botanico_1-5-2_agregado.xls,PPV (mensal)2014
Jardim Botânico,27,2014,4. PRODUTIVIDADE POLICIAL,OCORRENCIA,TRÁFICO DE DROGAS,0,0,0,0,0,0,0,0,0,0,0,0,0,27_jardim-botanico_1-5-2_agregado.xls,PPV (mensal)2014
Jardim Botânico,27,2014,4. PRODUTIVIDADE POLICIAL,OCORRENCIA,USO E PORTE DE DROGAS,3,0,0,0,1,0,0,0,1,0,0,1,0,27_jardim-botanico_1-5-2_agregado.xls,PPV (mensal)2014
Jardim Botânico,27,2015,1. C.V.L.I. - CRIMES VIOLENTOS LETAIS INTENCIONAIS,OCORRENCIA,HOMICÍDIO,0,0,0,0,0,0,0,0,0,0,0,0,0,27_jardim-botanico_1-5-2_agregado.xls,PPV (mensal)2015
Jardim Botânico,27,2015,1. C.V.L.I. - CRIMES VIOLENTOS LETAIS INTENCIONAIS,OCORRENCIA,LATROCÍNIO,0,0,0,0,0,0,0,0,0,0,0,0,0,27_jardim-botanico_1-5-2_agregado.xls,PPV (mensal)2015
Jardim Botânico,27,2015,1. C.V.L.I. - CRIMES VIOLENTOS LETAIS INTENCIONAIS,OCORRENCIA,LESÃO CORPORAL SEG. DE MORTE,0,0,0,0,0,0,0,0,0,0,0,0,0,27_jardim-botanico_1-5-2_agregado.xls,PPV (mensal)2015
Jardim Botânico,27,2015,2. C.C.P. -                                                      CRIMES CONTRA O PATRIMÔNIO,OCORRENCIA,FURTO EM VEÍCULO,2,0,0,0,0,0,0,0,1,0,0,0,1,27_jardim-botanico_1-5-2_agregado.xls,PPV (mensal)2015
Jardim Botânico,27,2015,2. C.C.P. -                                                      CRIMES CONTRA O PATRIMÔNIO,OCORRENCIA,ROUBO A TRANSEUNTE,12,0,0,2,1,0,5,3,0,0,0,0,1,27_jardim-botanico_1-5-2_agregado.xls,PPV (mensal)2015
Jardim Botânico,27,2015,2. C.C.P. -                                                      CRIMES CONTRA O PATRIMÔNIO,OCORRENCIA,ROUBO DE VEÍCULO,4,0,0,0,1,0,0,2,0,0,0,1,0,27_jardim-botanico_1-5-2_agregado.xls,PPV (mensal)2015
Jardim Botânico,27,2015,2. C.C.P. -                                                      CRIMES CONTRA O PATRIMÔNIO,OCORRENCIA,ROUBO EM COLETIVO,0,0,0,0,0,0,0,0,0,0,0,0,0,27_jardim-botanico_1-5-2_agregado.xls,PPV (mensal)2015
Jardim Botânico,27,2015,2. C.C.P. -                                                      CRIMES CONTRA O PATRIMÔNIO,OCORRENCIA,ROUBO EM COMÉRCIO *,1,0,0,0,1,0,0,0,0,0,0,0,0,27_jardim-botanico_1-5-2_agregado.xls,PPV (mensal)2015
Jardim Botânico,27,2015,3. OUTROS CRIMES,OCORRENCIA,ESTUPRO,1,0,0,0,0,0,0,0,1,0,0,0,0,27_jardim-botanico_1-5-2_agregado.xls,PPV (mensal)2015
Jardim Botânico,27,2015,3. OUTROS CRIMES,OCORRENCIA,FURTO A TRANSEUNTE,1,1,0,0,0,0,0,0,0,0,0,0,0,27_jardim-botanico_1-5-2_agregado.xls,PPV (mensal)2015
Jardim Botânico,27,2015,3. OUTROS CRIMES,OCORRENCIA,ROUBO EM RESIDÊNCIA,1,0,0,0,0,0,0,0,0,0,0,1,0,27_jardim-botanico_1-5-2_agregado.xls,PPV (mensal)2015
Jardim Botânico,27,2015,3. OUTROS CRIMES,OCORRENCIA,TENTATIVA DE HOMICÍDIO,1,0,0,1,0,0,0,0,0,0,0,0,0,27_jardim-botanico_1-5-2_agregado.xls,PPV (mensal)2015
Jardim Botânico,27,2015,4. PRODUTIVIDADE POLICIAL,OCORRENCIA,LOCALIZAÇÃO DE VEICULO FURTADO OU ROUBADO,5,0,1,0,0,0,0,1,1,1,0,0,1,27_jardim-botanico_1-5-2_agregado.xls,PPV (mensal)2015
Jardim Botânico,27,2015,4. PRODUTIVIDADE POLICIAL,OCORRENCIA,POSSE/PORTE DE ARMA,0,0,0,0,0,0,0,0,0,0,0,0,0,27_jardim-botanico_1-5-2_agregado.xls,PPV (mensal)2015
Jardim Botânico,27,2015,4. PRODUTIVIDADE POLICIAL,OCORRENCIA,TRÁFICO DE DROGAS,0,0,0,0,0,0,0,0,0,0,0,0,0,27_jardim-botanico_1-5-2_agregado.xls,PPV (mensal)2015
Jardim Botânico,27,2015,4. PRODUTIVIDADE POLICIAL,OCORRENCIA,USO E PORTE DE DROGAS,5,0,1,1,1,0,0,2,0,0,0,0,0,27_jardim-botanico_1-5-2_agregado.xls,PPV (mensal)2015
Jardim Botânico,27,2016,1. C.V.L.I. - CRIMES VIOLENTOS LETAIS INTENCIONAIS,OCORRENCIA,HOMICÍDIO,1,0,0,1,0,0,0,0,0,0,0,0,0,27_jardim-botanico_1-5-2_agregado.xls,PPV(mensal)2016
Jardim Botânico,27,2016,1. C.V.L.I. - CRIMES VIOLENTOS LETAIS INTENCIONAIS,OCORRENCIA,LATROCÍNIO,0,0,0,0,0,0,0,0,0,0,0,0,0,27_jardim-botanico_1-5-2_agregado.xls,PPV(mensal)2016
Jardim Botânico,27,2016,1. C.V.L.I. - CRIMES VIOLENTOS LETAIS INTENCIONAIS,OCORRENCIA,LESÃO CORPORAL SEG. DE MORTE,0,0,0,0,0,0,0,0,0,0,0,0,0,27_jardim-botanico_1-5-2_agregado.xls,PPV(mensal)2016
Jardim Botânico,27,2016,2. C.C.P. -                                                      CRIMES CONTRA O PATRIMÔNIO,OCORRENCIA,FURTO EM VEÍCULO,13,1,1,3,2,0,1,0,3,0,1,1,0,27_jardim-botanico_1-5-2_agregado.xls,PPV(mensal)2016
Jardim Botânico,27,2016,2. C.C.P. -                                                      CRIMES CONTRA O PATRIMÔNIO,OCORRENCIA,ROUBO A TRANSEUNTE,13,0,1,1,0,1,2,0,0,0,5,2,1,27_jardim-botanico_1-5-2_agregado.xls,PPV(mensal)2016
Jardim Botânico,27,2016,2. C.C.P. -                                                      CRIMES CONTRA O PATRIMÔNIO,OCORRENCIA,ROUBO DE VEÍCULO,4,1,0,1,0,1,0,0,0,1,0,0,0,27_jardim-botanico_1-5-2_agregado.xls,PPV(mensal)2016
Jardim Botânico,27,2016,2. C.C.P. -                                                      CRIMES CONTRA O PATRIMÔNIO,OCORRENCIA,ROUBO EM COLETIVO,0,0,0,0,0,0,0,0,0,0,0,0,0,27_jardim-botanico_1-5-2_agregado.xls,PPV(mensal)2016
Jardim Botânico,27,2016,2. C.C.P. -                                                      CRIMES CONTRA O PATRIMÔNIO,OCORRENCIA,ROUBO EM COMÉRCIO *,9,0,0,0,0,0,2,5,0,0,0,2,0,27_jardim-botanico_1-5-2_agregado.xls,PPV(mensal)2016
Jardim Botânico,27,2016,2. C.C.P. -                                                      CRIMES CONTRA O PATRIMÔNIO,OCORRENCIA,ROUBO EM RESIDÊNCIA,2,0,0,0,0,0,0,0,0,0,1,1,0,27_jardim-botanico_1-5-2_agregado.xls,PPV(mensal)2016
Jardim Botânico,27,2016,3. OUTROS CRIMES,OCORRENCIA,ESTUPRO,3,0,0,0,0,0,1,1,1,0,0,0,0,27_jardim-botanico_1-5-2_agregado.xls,PPV(mensal)2016
Jardim Botânico,27,2016,3. OUTROS CRIMES,OCORRENCIA,FURTO A TRANSEUNTE,1,0,0,0,0,0,0,1,0,0,0,0,0,27_jardim-botanico_1-5-2_agregado.xls,PPV(mensal)2016
Jardim Botânico,27,2016,3. OUTROS CRIMES,OCORRENCIA,TENTATIVA DE HOMICÍDIO,1,0,0,1,0,0,0,0,0,0,0,0,0,27_jardim-botanico_1-5-2_agregado.xls,PPV(mensal)2016
Jardim Botânico,27,2016,3. OUTROS CRIMES,OCORRENCIA,TENTATIVA DE LATROCÍNIO,0,0,0,0,0,0,0,0,0,0,0,0,0,27_jardim-botanico_1-5-2_agregado.xls,PPV(mensal)2016
Jardim Botânico,27,2016,4. PRODUTIVIDADE POLICIAL,OCORRENCIA,LOCALIZAÇÃO DE VEICULO FURTADO OU ROUBADO,5,1,1,1,0,0,0,0,0,0,0,1,1,27_jardim-botanico_1-5-2_agregado.xls,PPV(mensal)2016
Jardim Botânico,27,2016,4. PRODUTIVIDADE POLICIAL,OCORRENCIA,POSSE/PORTE DE ARMA,0,0,0,0,0,0,0,0,0,0,0,0,0,27_jardim-botanico_1-5-2_agregado.xls,PPV(mensal)2016
Jardim Botânico,27,2016,4. PRODUTIVIDADE POLICIAL,OCORRENCIA,TRÁFICO DE DROGAS,1,0,0,0,0,0,0,0,0,1,0,0,0,27_jardim-botanico_1-5-2_agregado.xls,PPV(mensal)2016
Jardim Botânico,27,2016,4. PRODUTIVIDADE POLICIAL,OCORRENCIA,USO E PORTE DE DROGAS,1,0,0,0,0,0,1,0,0,0,0,0,0,27_jardim-botanico_1-5-2_agregado.xls,PPV(mensal)2016
Jardim Botânico,27,2017,1. C.V.L.I. - CRIMES VIOLENTOS LETAIS INTENCIONAIS,OCORRENCIA,HOMICÍDIO,0,0,0,0,0,0,0,0,0,0,0,0,0,27_jardim-botanico_1-5-2_agregado.xls,PPV(mensal)2017
Jardim Botânico,27,2017,1. C.V.L.I. - CRIMES VIOLENTOS LETAIS INTENCIONAIS,OCORRENCIA,LATROCÍNIO,0,0,0,0,0,0,0,0,0,0,0,0,0,27_jardim-botanico_1-5-2_agregado.xls,PPV(mensal)2017
Jardim Botânico,27,2017,1. C.V.L.I. - CRIMES VIOLENTOS LETAIS INTENCIONAIS,OCORRENCIA,LESÃO CORPORAL SEG. DE MORTE,0,0,0,0,0,0,0,0,0,0,0,0,0,27_jardim-botanico_1-5-2_agregado.xls,PPV(mensal)2017
Jardim Botânico,27,2017,2. C.C.P. -                                                      CRIMES CONTRA O PATRIMÔNIO,OCORRENCIA,FURTO EM VEÍCULO,4,1,0,1,0,0,0,1,0,1,0,0,0,27_jardim-botanico_1-5-2_agregado.xls,PPV(mensal)2017
Jardim Botânico,27,2017,2. C.C.P. -                                                      CRIMES CONTRA O PATRIMÔNIO,OCORRENCIA,ROUBO A TRANSEUNTE,16,5,0,0,0,1,2,2,0,0,2,2,2,27_jardim-botanico_1-5-2_agregado.xls,PPV(mensal)2017
Jardim Botânico,27,2017,2. C.C.P. -                                                      CRIMES CONTRA O PATRIMÔNIO,OCORRENCIA,ROUBO DE VEÍCULO,8,0,3,1,0,0,0,0,0,0,2,1,1,27_jardim-botanico_1-5-2_agregado.xls,PPV(mensal)2017
Jardim Botânico,27,2017,2. C.C.P. -                                                      CRIMES CONTRA O PATRIMÔNIO,OCORRENCIA,ROUBO EM COLETIVO,4,0,0,0,0,0,1,1,2,0,0,0,0,27_jardim-botanico_1-5-2_agregado.xls,PPV(mensal)2017
Jardim Botânico,27,2017,2. C.C.P. -                                                      CRIMES CONTRA O PATRIMÔNIO,OCORRENCIA,ROUBO EM COMÉRCIO *,3,0,0,0,0,0,1,0,0,0,1,1,0,27_jardim-botanico_1-5-2_agregado.xls,PPV(mensal)2017
Jardim Botânico,27,2017,2. C.C.P. -                                                      CRIMES CONTRA O PATRIMÔNIO,OCORRENCIA,ROUBO EM RESIDÊNCIA,3,0,0,0,0,0,0,1,0,0,0,0,2,27_jardim-botanico_1-5-2_agregado.xls,PPV(mensal)2017
Jardim Botânico,27,2017,3. OUTROS CRIMES,OCORRENCIA,ESTUPRO,1,0,0,0,0,1,0,0,0,0,0,0,0,27_jardim-botanico_1-5-2_agregado.xls,PPV(mensal)2017
Jardim Botânico,27,2017,3. OUTROS CRIMES,OCORRENCIA,FURTO A TRANSEUNTE,3,0,0,1,0,0,0,0,2,0,0,0,0,27_jardim-botanico_1-5-2_agregado.xls,PPV(mensal)2017
Jardim Botânico,27,2017,3. OUTROS CRIMES,OCORRENCIA,TENTATIVA DE HOMICÍDIO,1,0,0,0,0,0,0,0,0,0,0,1,0,27_jardim-botanico_1-5-2_agregado.xls,PPV(mensal)2017
Jardim Botânico,27,2017,3. OUTROS CRIMES,OCORRENCIA,TENTATIVA DE LATROCÍNIO,0,0,0,0,0,0,0,0,0,0,0,0,0,27_jardim-botanico_1-5-2_agregado.xls,PPV(mensal)2017
Jardim Botânico,27,2017,4. PRODUTIVIDADE POLICIAL,OCORRENCIA,LOCALIZAÇÃO DE VEICULO FURTADO OU ROUBADO,2,0,0,1,0,0,0,0,0,0,1,0,0,27_jardim-botanico_1-5-2_agregado.xls,PPV(mensal)2017
Jardim Botânico,27,2017,4. PRODUTIVIDADE POLICIAL,OCORRENCIA,POSSE/PORTE DE ARMA,1,0,0,0,0,0,0,0,0,0,1,0,0,27_jardim-botanico_1-5-2_agregado.xls,PPV(mensal)2017
Jardim Botânico,27,2017,4. PRODUTIVIDADE POLICIAL,OCORRENCIA,TRÁFICO DE DROGAS,0,0,0,0,0,0,0,0,0,0,0,0,0,27_jardim-botanico_1-5-2_agregado.xls,PPV(mensal)2017
Jardim Botânico,27,2017,4. PRODUTIVIDADE POLICIAL,OCORRENCIA,USO E PORTE DE DROGAS,2,0,0,0,0,0,0,0,0,0,1,1,0,27_jardim-botanico_1-5-2_agregado.xls,PPV(mensal)2017
Jardim Botânico,27,2018,1. C.V.L.I. - CRIMES VIOLENTOS LETAIS INTENCIONAIS,OCORRENCIA,HOMICÍDIO,0,0,0,0,0,0,0,0,0,0,0,0,0,27_jardim-botanico_1-5-2_agregado.xls,PPV(mensal)2018
Jardim Botânico,27,2018,1. C.V.L.I. - CRIMES VIOLENTOS LETAIS INTENCIONAIS,OCORRENCIA,LATROCÍNIO,0,0,0,0,0,0,0,0,0,0,0,0,0,27_jardim-botanico_1-5-2_agregado.xls,PPV(mensal)2018
Jardim Botânico,27,2018,1. C.V.L.I. - CRIMES VIOLENTOS LETAIS INTENCIONAIS,OCORRENCIA,LESÃO CORPORAL SEG. DE MORTE,0,0,0,0,0,0,0,0,0,0,0,0,0,27_jardim-botanico_1-5-2_agregado.xls,PPV(mensal)2018
Jardim Botânico,27,2018,2. C.C.P. -                                                      CRIMES CONTRA O PATRIMÔNIO,OCORRENCIA,FURTO EM VEÍCULO,14,1,2,0,0,3,0,4,2,0,2,0,0,27_jardim-botanico_1-5-2_agregado.xls,PPV(mensal)2018
Jardim Botânico,27,2018,2. C.C.P. -                                                      CRIMES CONTRA O PATRIMÔNIO,OCORRENCIA,ROUBO A TRANSEUNTE,28,5,0,3,5,3,3,2,3,0,0,3,1,27_jardim-botanico_1-5-2_agregado.xls,PPV(mensal)2018
Jardim Botânico,27,2018,2. C.C.P. -                                                      CRIMES CONTRA O PATRIMÔNIO,OCORRENCIA,ROUBO DE VEÍCULO,8,0,1,0,1,1,1,1,1,1,1,0,0,27_jardim-botanico_1-5-2_agregado.xls,PPV(mensal)2018
Jardim Botânico,27,2018,2. C.C.P. -                                                      CRIMES CONTRA O PATRIMÔNIO,OCORRENCIA,ROUBO EM COLETIVO,2,1,0,0,0,0,0,0,1,0,0,0,0,27_jardim-botanico_1-5-2_agregado.xls,PPV(mensal)2018
Jardim Botânico,27,2018,2. C.C.P. -                                                      CRIMES CONTRA O PATRIMÔNIO,OCORRENCIA,ROUBO EM COMÉRCIO *,5,0,0,0,0,3,1,0,0,1,0,0,0,27_jardim-botanico_1-5-2_agregado.xls,PPV(mensal)2018
Jardim Botânico,27,2018,2. C.C.P. -                                                      CRIMES CONTRA O PATRIMÔNIO,OCORRENCIA,ROUBO EM RESIDÊNCIA,1,0,0,0,1,0,0,0,0,0,0,0,0,27_jardim-botanico_1-5-2_agregado.xls,PPV(mensal)2018
Jardim Botânico,27,2018,3. OUTROS CRIMES,OCORRENCIA,ESTUPRO,1,0,0,1,0,0,0,0,0,0,0,0,0,27_jardim-botanico_1-5-2_agregado.xls,PPV(mensal)2018
Jardim Botânico,27,2018,3. OUTROS CRIMES,OCORRENCIA,FURTO A TRANSEUNTE,3,0,0,0,1,0,0,0,0,0,1,0,1,27_jardim-botanico_1-5-2_agregado.xls,PPV(mensal)2018
Jardim Botânico,27,2018,3. OUTROS CRIMES,OCORRENCIA,TENTATIVA DE HOMICÍDIO,2,0,1,0,1,0,0,0,0,0,0,0,0,27_jardim-botanico_1-5-2_agregado.xls,PPV(mensal)2018
Jardim Botânico,27,2018,3. OUTROS CRIMES,OCORRENCIA,TENTATIVA DE LATROCÍNIO,0,0,0,0,0,0,0,0,0,0,0,0,0,27_jardim-botanico_1-5-2_agregado.xls,PPV(mensal)2018
Jardim Botânico,27,2018,4. PRODUTIVIDADE POLICIAL,OCORRENCIA,LOCALIZAÇÃO DE VEICULO FURTADO OU ROUBADO,9,1,0,2,1,2,1,0,0,1,0,1,0,27_jardim-botanico_1-5-2_agregado.xls,PPV(mensal)2018
Jardim Botânico,27,2018,4. PRODUTIVIDADE POLICIAL,OCORRENCIA,POSSE/PORTE DE ARMA,5,0,0,2,0,1,0,1,0,1,0,0,0,27_jardim-botanico_1-5-2_agregado.xls,PPV(mensal)2018
Jardim Botânico,27,2018,4. PRODUTIVIDADE POLICIAL,OCORRENCIA,TRÁFICO DE DROGAS,9,1,0,1,0,3,0,2,1,1,0,0,0,27_jardim-botanico_1-5-2_agregado.xls,PPV(mensal)2018
Jardim Botânico,27,2018,4. PRODUTIVIDADE POLICIAL,OCORRENCIA,USO E PORTE DE DROGAS,5,1,0,0,0,2,0,0,1,0,0,0,1,27_jardim-botanico_1-5-2_agregado.xls,PPV(mensal)2018
Jardim Botânico,27,2026,1. C.V.L.I. - CRIMES VIOLENTOS LETAIS INTENCIONAIS,OCORRENCIA,HOMICÍDIO,0,0,0,0,0,0,0,0,0,0,0,0,0,27_JARDIM BOTANICO (5)_2026.xlsx, mensal
Jardim Botânico,27,2026,1. C.V.L.I. - CRIMES VIOLENTOS LETAIS INTENCIONAIS,OCORRENCIA,LATROCÍNIO,0,0,0,0,0,0,0,0,0,0,0,0,0,27_JARDIM BOTANICO (5)_2026.xlsx, mensal
Jardim Botânico,27,2026,1. C.V.L.I. - CRIMES VIOLENTOS LETAIS INTENCIONAIS,OCORRENCIA,LESÃO CORPORAL SEG. DE MORTE,0,0,0,0,0,0,0,0,0,0,0,0,0,27_JARDIM BOTANICO (5)_2026.xlsx, mensal
Jardim Botânico,27,2026,2. C.C.P. -                                                      CRIMES CONTRA O PATRIMÔNIO,OCORRENCIA,FURTO EM VEÍCULO,8,0,0,2,0,3,2,0,1,0,0,0,0,27_JARDIM BOTANICO (5)_2026.xlsx, mensal
Jardim Botânico,27,2026,2. C.C.P. -                                                      CRIMES CONTRA O PATRIMÔNIO,OCORRENCIA,ROUBO A TRANSEUNTE,9,1,4,0,1,1,1,0,1,0,0,0,0,27_JARDIM BOTANICO (5)_2026.xlsx, mensal
Jardim Botânico,27,2026,2. C.C.P. -                                                      CRIMES CONTRA O PATRIMÔNIO,OCORRENCIA,ROUBO DE VEÍCULO,0,0,0,0,0,0,0,0,0,0,0,0,0,27_JARDIM BOTANICO (5)_2026.xlsx, mensal
Jardim Botânico,27,2026,2. C.C.P. -                                                      CRIMES CONTRA O PATRIMÔNIO,OCORRENCIA,ROUBO EM COLETIVO,0,0,0,0,0,0,0,0,0,0,0,0,0,27_JARDIM BOTANICO (5)_2026.xlsx, mensal
Jardim Botânico,27,2026,2. C.C.P. -                                                      CRIMES CONTRA O PATRIMÔNIO,OCORRENCIA,ROUBO EM COMÉRCIO *,0,0,0,0,0,0,0,0,0,0,0,0,0,27_JARDIM BOTANICO (5)_2026.xlsx, mensal
Jardim Botânico,27,2026,2. C.C.P. -                                                      CRIMES CONTRA O PATRIMÔNIO,OCORRENCIA,ROUBO EM RESIDÊNCIA,1,0,1,0,0,0,0,0,0,0,0,0,0,27_JARDIM BOTANICO (5)_2026.xlsx, mensal
Jardim Botânico,27,2026,3. OUTROS CRIMES,OCORRENCIA,ESTUPRO,0,0,0,0,0,0,0,0,0,0,0,0,0,27_JARDIM BOTANICO (5)_2026.xlsx, mensal
Jardim Botânico,27,2026,3. OUTROS CRIMES,OCORRENCIA,ESTUPRO DE VULNERÁVEL,1,0,0,1,0,0,0,0,0,0,0,0,0,27_JARDIM BOTANICO (5)_2026.xlsx, mensal
Jardim Botânico,27,2026,3. OUTROS CRIMES,OCORRENCIA,TENTATIVA DE HOMICÍDIO,3,0,0,0,1,0,0,1,1,0,0,0,0,27_JARDIM BOTANICO (5)_2026.xlsx, mensal
Jardim Botânico,27,2026,3. OUTROS CRIMES,OCORRENCIA,TENTATIVA DE LATROCÍNIO,0,0,0,0,0,0,0,0,0,0,0,0,0,27_JARDIM BOTANICO (5)_2026.xlsx, mensal
Jardim Botânico,27,2026,4. PRODUTIVIDADE POLICIAL,OCORRENCIA,LOCALIZAÇÃO DE VEICULO FURTADO OU ROUBADO,6,3,0,2,1,0,0,0,0,0,0,0,0,27_JARDIM BOTANICO (5)_2026.xlsx, mensal
Jardim Botânico,27,2026,4. PRODUTIVIDADE POLICIAL,OCORRENCIA,POSSE/PORTE DE ARMA,5,1,0,1,0,1,0,1,1,0,0,0,0,27_JARDIM BOTANICO (5)_2026.xlsx, mensal
Jardim Botânico,27,2026,4. PRODUTIVIDADE POLICIAL,OCORRENCIA,TRÁFICO DE DROGAS,45,1,7,0,9,10,4,6,8,0,0,0,0,27_JARDIM BOTANICO (5)_2026.xlsx, mensal
Jardim Botânico,27,2026,4. PRODUTIVIDADE POLICIAL,OCORRENCIA,USO E PORTE DE DROGAS,3,1,0,0,0,0,1,0,1,0,0,0,0,27_JARDIM BOTANICO (5)_2026.xlsx, mensal
Lago Norte,18,2014,1. C.V.L.I. - CRIMES VIOLENTOS LETAIS INTENCIONAIS,OCORRENCIA,HOMICÍDIO,1,0,0,0,0,0,0,1,0,0,0,0,0,18_lago-norte_-1-7-1-2_agregado.xls,PPV (mensal)2014
Lago Norte,18,2014,1. C.V.L.I. - CRIMES VIOLENTOS LETAIS INTENCIONAIS,OCORRENCIA,LATROCÍNIO,0,0,0,0,0,0,0,0,0,0,0,0,0,18_lago-norte_-1-7-1-2_agregado.xls,PPV (mensal)2014
Lago Norte,18,2014,1. C.V.L.I. - CRIMES VIOLENTOS LETAIS INTENCIONAIS,OCORRENCIA,LESÃO CORPORAL SEG. DE MORTE,0,0,0,0,0,0,0,0,0,0,0,0,0,18_lago-norte_-1-7-1-2_agregado.xls,PPV (mensal)2014
Lago Norte,18,2014,2. C.C.P. -                                                      CRIMES CONTRA O PATRIMÔNIO,OCORRENCIA,FURTO EM VEÍCULO,138,6,13,14,6,8,12,20,20,9,10,15,5,18_lago-norte_-1-7-1-2_agregado.xls,PPV (mensal)2014
Lago Norte,18,2014,2. C.C.P. -                                                      CRIMES CONTRA O PATRIMÔNIO,OCORRENCIA,ROUBO A TRANSEUNTE,45,3,4,4,1,4,4,2,6,7,3,3,4,18_lago-norte_-1-7-1-2_agregado.xls,PPV (mensal)2014
Lago Norte,18,2014,2. C.C.P. -                                                      CRIMES CONTRA O PATRIMÔNIO,OCORRENCIA,ROUBO DE VEÍCULO,25,1,2,3,2,3,2,1,1,1,4,2,3,18_lago-norte_-1-7-1-2_agregado.xls,PPV (mensal)2014
Lago Norte,18,2014,2. C.C.P. -                                                      CRIMES CONTRA O PATRIMÔNIO,OCORRENCIA,ROUBO EM COLETIVO,1,0,0,0,0,0,0,0,0,0,1,0,0,18_lago-norte_-1-7-1-2_agregado.xls,PPV (mensal)2014
Lago Norte,18,2014,2. C.C.P. -                                                      CRIMES CONTRA O PATRIMÔNIO,OCORRENCIA,ROUBO EM COMÉRCIO *,12,1,2,0,0,1,1,3,1,1,2,0,0,18_lago-norte_-1-7-1-2_agregado.xls,PPV (mensal)2014
Lago Norte,18,2014,3. OUTROS CRIMES,OCORRENCIA,ESTUPRO,6,0,1,2,1,0,0,0,0,0,1,1,0,18_lago-norte_-1-7-1-2_agregado.xls,PPV (mensal)2014
Lago Norte,18,2014,3. OUTROS CRIMES,OCORRENCIA,FURTO A TRANSEUNTE,8,0,0,0,0,1,1,0,1,3,0,1,1,18_lago-norte_-1-7-1-2_agregado.xls,PPV (mensal)2014
Lago Norte,18,2014,3. OUTROS CRIMES,OCORRENCIA,ROUBO EM RESIDÊNCIA,14,0,0,1,4,1,1,0,0,1,2,1,3,18_lago-norte_-1-7-1-2_agregado.xls,PPV (mensal)2014
Lago Norte,18,2014,3. OUTROS CRIMES,OCORRENCIA,TENTATIVA DE HOMICÍDIO,1,1,0,0,0,0,0,0,0,0,0,0,0,18_lago-norte_-1-7-1-2_agregado.xls,PPV (mensal)2014
Lago Norte,18,2014,4. PRODUTIVIDADE POLICIAL,OCORRENCIA,LOCALIZAÇÃO DE VEICULO FURTADO OU ROUBADO,50,6,3,5,6,6,2,3,2,4,4,5,4,18_lago-norte_-1-7-1-2_agregado.xls,PPV (mensal)2014
Lago Norte,18,2014,4. PRODUTIVIDADE POLICIAL,OCORRENCIA,POSSE/PORTE DE ARMA,7,0,0,0,0,2,1,1,2,0,0,0,1,18_lago-norte_-1-7-1-2_agregado.xls,PPV (mensal)2014
Lago Norte,18,2014,4. PRODUTIVIDADE POLICIAL,OCORRENCIA,TRÁFICO DE DROGAS,17,0,1,1,2,0,0,4,2,2,1,2,2,18_lago-norte_-1-7-1-2_agregado.xls,PPV (mensal)2014
Lago Norte,18,2014,4. PRODUTIVIDADE POLICIAL,OCORRENCIA,USO E PORTE DE DROGAS,54,2,1,1,9,3,5,6,1,5,3,13,5,18_lago-norte_-1-7-1-2_agregado.xls,PPV (mensal)2014
Lago Norte,18,2015,1. C.V.L.I. - CRIMES VIOLENTOS LETAIS INTENCIONAIS,OCORRENCIA,HOMICÍDIO,4,1,0,1,0,0,1,0,0,1,0,0,0,18_lago-norte_-1-7-1-2_agregado.xls,PPV (mensal)2015
Lago Norte,18,2015,1. C.V.L.I. - CRIMES VIOLENTOS LETAIS INTENCIONAIS,OCORRENCIA,LATROCÍNIO,0,0,0,0,0,0,0,0,0,0,0,0,0,18_lago-norte_-1-7-1-2_agregado.xls,PPV (mensal)2015
Lago Norte,18,2015,1. C.V.L.I. - CRIMES VIOLENTOS LETAIS INTENCIONAIS,OCORRENCIA,LESÃO CORPORAL SEG. DE MORTE,0,0,0,0,0,0,0,0,0,0,0,0,0,18_lago-norte_-1-7-1-2_agregado.xls,PPV (mensal)2015
Lago Norte,18,2015,2. C.C.P. -                                                      CRIMES CONTRA O PATRIMÔNIO,OCORRENCIA,FURTO EM VEÍCULO,84,11,7,4,3,5,13,9,11,0,8,5,8,18_lago-norte_-1-7-1-2_agregado.xls,PPV (mensal)2015
Lago Norte,18,2015,2. C.C.P. -                                                      CRIMES CONTRA O PATRIMÔNIO,OCORRENCIA,ROUBO A TRANSEUNTE,74,5,5,6,4,14,5,7,6,5,9,5,3,18_lago-norte_-1-7-1-2_agregado.xls,PPV (mensal)2015
Lago Norte,18,2015,2. C.C.P. -                                                      CRIMES CONTRA O PATRIMÔNIO,OCORRENCIA,ROUBO DE VEÍCULO,23,2,2,0,1,6,1,2,1,4,1,1,2,18_lago-norte_-1-7-1-2_agregado.xls,PPV (mensal)2015
Lago Norte,18,2015,2. C.C.P. -                                                      CRIMES CONTRA O PATRIMÔNIO,OCORRENCIA,ROUBO EM COLETIVO,8,0,1,0,0,1,1,3,0,1,0,0,1,18_lago-norte_-1-7-1-2_agregado.xls,PPV (mensal)2015
Lago Norte,18,2015,2. C.C.P. -                                                      CRIMES CONTRA O PATRIMÔNIO,OCORRENCIA,ROUBO EM COMÉRCIO *,11,2,4,2,0,0,0,1,0,0,2,0,0,18_lago-norte_-1-7-1-2_agregado.xls,PPV (mensal)2015
Lago Norte,18,2015,3. OUTROS CRIMES,OCORRENCIA,ESTUPRO,7,0,0,2,2,1,1,0,1,0,0,0,0,18_lago-norte_-1-7-1-2_agregado.xls,PPV (mensal)2015
Lago Norte,18,2015,3. OUTROS CRIMES,OCORRENCIA,FURTO A TRANSEUNTE,5,0,0,0,1,3,0,0,0,0,0,1,0,18_lago-norte_-1-7-1-2_agregado.xls,PPV (mensal)2015
Lago Norte,18,2015,3. OUTROS CRIMES,OCORRENCIA,ROUBO EM RESIDÊNCIA,19,1,2,0,1,2,2,0,1,2,2,3,3,18_lago-norte_-1-7-1-2_agregado.xls,PPV (mensal)2015
Lago Norte,18,2015,3. OUTROS CRIMES,OCORRENCIA,TENTATIVA DE HOMICÍDIO,3,0,0,0,0,1,1,0,0,0,0,0,1,18_lago-norte_-1-7-1-2_agregado.xls,PPV (mensal)2015
Lago Norte,18,2015,4. PRODUTIVIDADE POLICIAL,OCORRENCIA,LOCALIZAÇÃO DE VEICULO FURTADO OU ROUBADO,57,3,2,5,7,4,4,6,2,4,12,2,6,18_lago-norte_-1-7-1-2_agregado.xls,PPV (mensal)2015
Lago Norte,18,2015,4. PRODUTIVIDADE POLICIAL,OCORRENCIA,POSSE/PORTE DE ARMA,7,1,0,0,1,0,1,0,2,1,1,0,0,18_lago-norte_-1-7-1-2_agregado.xls,PPV (mensal)2015
Lago Norte,18,2015,4. PRODUTIVIDADE POLICIAL,OCORRENCIA,TRÁFICO DE DROGAS,11,0,0,2,2,1,1,2,0,0,0,3,0,18_lago-norte_-1-7-1-2_agregado.xls,PPV (mensal)2015
Lago Norte,18,2015,4. PRODUTIVIDADE POLICIAL,OCORRENCIA,USO E PORTE DE DROGAS,76,2,4,11,8,8,7,9,7,2,4,6,8,18_lago-norte_-1-7-1-2_agregado.xls,PPV (mensal)2015
Lago Norte,18,2016,1. C.V.L.I. - CRIMES VIOLENTOS LETAIS INTENCIONAIS,OCORRENCIA,HOMICÍDIO,1,1,0,0,0,0,0,0,0,0,0,0,0,18_lago-norte_-1-7-1-2_agregado.xls,PPV(mensal)2016
Lago Norte,18,2016,1. C.V.L.I. - CRIMES VIOLENTOS LETAIS INTENCIONAIS,OCORRENCIA,LATROCÍNIO,0,0,0,0,0,0,0,0,0,0,0,0,0,18_lago-norte_-1-7-1-2_agregado.xls,PPV(mensal)2016
Lago Norte,18,2016,1. C.V.L.I. - CRIMES VIOLENTOS LETAIS INTENCIONAIS,OCORRENCIA,LESÃO CORPORAL SEG. DE MORTE,0,0,0,0,0,0,0,0,0,0,0,0,0,18_lago-norte_-1-7-1-2_agregado.xls,PPV(mensal)2016
Lago Norte,18,2016,2. C.C.P. -                                                      CRIMES CONTRA O PATRIMÔNIO,OCORRENCIA,FURTO EM VEÍCULO,86,10,4,7,8,13,5,3,9,14,3,7,3,18_lago-norte_-1-7-1-2_agregado.xls,PPV(mensal)2016
Lago Norte,18,2016,2. C.C.P. -                                                      CRIMES CONTRA O PATRIMÔNIO,OCORRENCIA,ROUBO A TRANSEUNTE,90,5,7,11,14,10,5,7,7,7,5,5,7,18_lago-norte_-1-7-1-2_agregado.xls,PPV(mensal)2016
Lago Norte,18,2016,2. C.C.P. -                                                      CRIMES CONTRA O PATRIMÔNIO,OCORRENCIA,ROUBO DE VEÍCULO,29,2,3,6,1,2,1,3,1,0,0,4,6,18_lago-norte_-1-7-1-2_agregado.xls,PPV(mensal)2016
Lago Norte,18,2016,2. C.C.P. -                                                      CRIMES CONTRA O PATRIMÔNIO,OCORRENCIA,ROUBO EM COLETIVO,2,1,0,0,0,0,0,0,1,0,0,0,0,18_lago-norte_-1-7-1-2_agregado.xls,PPV(mensal)2016
Lago Norte,18,2016,2. C.C.P. -                                                      CRIMES CONTRA O PATRIMÔNIO,OCORRENCIA,ROUBO EM COMÉRCIO *,9,0,1,2,1,3,0,0,1,0,1,0,0,18_lago-norte_-1-7-1-2_agregado.xls,PPV(mensal)2016
Lago Norte,18,2016,2. C.C.P. -                                                      CRIMES CONTRA O PATRIMÔNIO,OCORRENCIA,ROUBO EM RESIDÊNCIA,16,3,3,0,2,0,0,1,1,3,0,2,1,18_lago-norte_-1-7-1-2_agregado.xls,PPV(mensal)2016
Lago Norte,18,2016,3. OUTROS CRIMES,OCORRENCIA,ESTUPRO,4,1,0,1,0,0,1,0,0,0,1,0,0,18_lago-norte_-1-7-1-2_agregado.xls,PPV(mensal)2016
Lago Norte,18,2016,3. OUTROS CRIMES,OCORRENCIA,FURTO A TRANSEUNTE,6,1,1,0,0,0,1,0,2,0,0,1,0,18_lago-norte_-1-7-1-2_agregado.xls,PPV(mensal)2016
Lago Norte,18,2016,3. OUTROS CRIMES,OCORRENCIA,TENTATIVA DE HOMICÍDIO,2,0,0,0,0,0,0,1,0,0,1,0,0,18_lago-norte_-1-7-1-2_agregado.xls,PPV(mensal)2016
Lago Norte,18,2016,3. OUTROS CRIMES,OCORRENCIA,TENTATIVA DE LATROCÍNIO,0,0,0,0,0,0,0,0,0,0,0,0,0,18_lago-norte_-1-7-1-2_agregado.xls,PPV(mensal)2016
Lago Norte,18,2016,4. PRODUTIVIDADE POLICIAL,OCORRENCIA,LOCALIZAÇÃO DE VEICULO FURTADO OU ROUBADO,38,5,3,3,2,5,3,7,2,0,2,4,2,18_lago-norte_-1-7-1-2_agregado.xls,PPV(mensal)2016
Lago Norte,18,2016,4. PRODUTIVIDADE POLICIAL,OCORRENCIA,POSSE/PORTE DE ARMA,5,1,0,0,1,0,0,0,1,1,1,0,0,18_lago-norte_-1-7-1-2_agregado.xls,PPV(mensal)2016
Lago Norte,18,2016,4. PRODUTIVIDADE POLICIAL,OCORRENCIA,TRÁFICO DE DROGAS,7,2,0,0,2,0,0,1,1,0,1,0,0,18_lago-norte_-1-7-1-2_agregado.xls,PPV(mensal)2016
Lago Norte,18,2016,4. PRODUTIVIDADE POLICIAL,OCORRENCIA,USO E PORTE DE DROGAS,79,7,15,5,6,9,8,11,3,3,4,2,6,18_lago-norte_-1-7-1-2_agregado.xls,PPV(mensal)2016
Lago Norte,18,2017,1. C.V.L.I. - CRIMES VIOLENTOS LETAIS INTENCIONAIS,OCORRENCIA,HOMICÍDIO,1,0,0,0,0,0,0,0,1,0,0,0,0,18_lago-norte_-1-7-1-2_agregado.xls,PPV(mensal)2017
Lago Norte,18,2017,1. C.V.L.I. - CRIMES VIOLENTOS LETAIS INTENCIONAIS,OCORRENCIA,LATROCÍNIO,0,0,0,0,0,0,0,0,0,0,0,0,0,18_lago-norte_-1-7-1-2_agregado.xls,PPV(mensal)2017
Lago Norte,18,2017,1. C.V.L.I. - CRIMES VIOLENTOS LETAIS INTENCIONAIS,OCORRENCIA,LESÃO CORPORAL SEG. DE MORTE,0,0,0,0,0,0,0,0,0,0,0,0,0,18_lago-norte_-1-7-1-2_agregado.xls,PPV(mensal)2017
Lago Norte,18,2017,2. C.C.P. -                                                      CRIMES CONTRA O PATRIMÔNIO,OCORRENCIA,FURTO EM VEÍCULO,130,7,5,12,9,12,18,15,8,10,12,6,16,18_lago-norte_-1-7-1-2_agregado.xls,PPV(mensal)2017
Lago Norte,18,2017,2. C.C.P. -                                                      CRIMES CONTRA O PATRIMÔNIO,OCORRENCIA,ROUBO A TRANSEUNTE,144,10,14,13,11,16,14,22,12,9,11,6,6,18_lago-norte_-1-7-1-2_agregado.xls,PPV(mensal)2017
Lago Norte,18,2017,2. C.C.P. -                                                      CRIMES CONTRA O PATRIMÔNIO,OCORRENCIA,ROUBO DE VEÍCULO,59,6,7,7,2,2,4,7,8,4,5,3,4,18_lago-norte_-1-7-1-2_agregado.xls,PPV(mensal)2017
Lago Norte,18,2017,2. C.C.P. -                                                      CRIMES CONTRA O PATRIMÔNIO,OCORRENCIA,ROUBO EM COLETIVO,20,1,3,2,2,0,2,2,2,2,2,1,1,18_lago-norte_-1-7-1-2_agregado.xls,PPV(mensal)2017
Lago Norte,18,2017,2. C.C.P. -                                                      CRIMES CONTRA O PATRIMÔNIO,OCORRENCIA,ROUBO EM COMÉRCIO *,3,1,0,0,1,0,0,0,0,0,0,1,0,18_lago-norte_-1-7-1-2_agregado.xls,PPV(mensal)2017
Lago Norte,18,2017,2. C.C.P. -                                                      CRIMES CONTRA O PATRIMÔNIO,OCORRENCIA,ROUBO EM RESIDÊNCIA,26,3,6,2,2,1,1,2,2,4,2,1,0,18_lago-norte_-1-7-1-2_agregado.xls,PPV(mensal)2017
Lago Norte,18,2017,3. OUTROS CRIMES,OCORRENCIA,ESTUPRO,12,3,0,0,0,1,3,1,2,1,1,0,0,18_lago-norte_-1-7-1-2_agregado.xls,PPV(mensal)2017
Lago Norte,18,2017,3. OUTROS CRIMES,OCORRENCIA,FURTO A TRANSEUNTE,12,0,2,0,0,1,1,2,3,2,0,1,0,18_lago-norte_-1-7-1-2_agregado.xls,PPV(mensal)2017
Lago Norte,18,2017,3. OUTROS CRIMES,OCORRENCIA,TENTATIVA DE HOMICÍDIO,1,0,0,1,0,0,0,0,0,0,0,0,0,18_lago-norte_-1-7-1-2_agregado.xls,PPV(mensal)2017
Lago Norte,18,2017,3. OUTROS CRIMES,OCORRENCIA,TENTATIVA DE LATROCÍNIO,0,0,0,0,0,0,0,0,0,0,0,0,0,18_lago-norte_-1-7-1-2_agregado.xls,PPV(mensal)2017
Lago Norte,18,2017,4. PRODUTIVIDADE POLICIAL,OCORRENCIA,LOCALIZAÇÃO DE VEICULO FURTADO OU ROUBADO,43,3,3,1,5,5,4,3,6,4,5,3,1,18_lago-norte_-1-7-1-2_agregado.xls,PPV(mensal)2017
Lago Norte,18,2017,4. PRODUTIVIDADE POLICIAL,OCORRENCIA,POSSE/PORTE DE ARMA,6,2,0,1,1,0,0,1,0,0,1,0,0,18_lago-norte_-1-7-1-2_agregado.xls,PPV(mensal)2017
Lago Norte,18,2017,4. PRODUTIVIDADE POLICIAL,OCORRENCIA,TRÁFICO DE DROGAS,12,0,1,0,2,4,2,0,2,1,0,0,0,18_lago-norte_-1-7-1-2_agregado.xls,PPV(mensal)2017
Lago Norte,18,2017,4. PRODUTIVIDADE POLICIAL,OCORRENCIA,USO E PORTE DE DROGAS,27,2,2,1,2,3,3,3,7,1,1,1,1,18_lago-norte_-1-7-1-2_agregado.xls,PPV(mensal)2017
Lago Norte,18,2018,1. C.V.L.I. - CRIMES VIOLENTOS LETAIS INTENCIONAIS,OCORRENCIA,HOMICÍDIO,1,0,0,0,0,1,0,0,0,0,0,0,0,18_lago-norte_-1-7-1-2_agregado.xls,PPV(mensal)2018
Lago Norte,18,2018,1. C.V.L.I. - CRIMES VIOLENTOS LETAIS INTENCIONAIS,OCORRENCIA,LATROCÍNIO,0,0,0,0,0,0,0,0,0,0,0,0,0,18_lago-norte_-1-7-1-2_agregado.xls,PPV(mensal)2018
Lago Norte,18,2018,1. C.V.L.I. - CRIMES VIOLENTOS LETAIS INTENCIONAIS,OCORRENCIA,LESÃO CORPORAL SEG. DE MORTE,0,0,0,0,0,0,0,0,0,0,0,0,0,18_lago-norte_-1-7-1-2_agregado.xls,PPV(mensal)2018
Lago Norte,18,2018,2. C.C.P. -                                                      CRIMES CONTRA O PATRIMÔNIO,OCORRENCIA,FURTO EM VEÍCULO,118,19,10,18,5,12,7,13,11,4,5,3,11,18_lago-norte_-1-7-1-2_agregado.xls,PPV(mensal)2018
Lago Norte,18,2018,2. C.C.P. -                                                      CRIMES CONTRA O PATRIMÔNIO,OCORRENCIA,ROUBO A TRANSEUNTE,99,4,6,16,7,7,11,10,4,5,13,12,4,18_lago-norte_-1-7-1-2_agregado.xls,PPV(mensal)2018
Lago Norte,18,2018,2. C.C.P. -                                                      CRIMES CONTRA O PATRIMÔNIO,OCORRENCIA,ROUBO DE VEÍCULO,32,5,3,2,4,1,3,0,2,3,2,5,2,18_lago-norte_-1-7-1-2_agregado.xls,PPV(mensal)2018
Lago Norte,18,2018,2. C.C.P. -                                                      CRIMES CONTRA O PATRIMÔNIO,OCORRENCIA,ROUBO EM COLETIVO,9,0,4,0,2,0,1,1,0,0,1,0,0,18_lago-norte_-1-7-1-2_agregado.xls,PPV(mensal)2018
Lago Norte,18,2018,2. C.C.P. -                                                      CRIMES CONTRA O PATRIMÔNIO,OCORRENCIA,ROUBO EM COMÉRCIO *,7,0,1,1,0,0,0,0,1,0,1,3,0,18_lago-norte_-1-7-1-2_agregado.xls,PPV(mensal)2018
Lago Norte,18,2018,2. C.C.P. -                                                      CRIMES CONTRA O PATRIMÔNIO,OCORRENCIA,ROUBO EM RESIDÊNCIA,11,1,0,2,2,0,0,1,2,0,0,2,1,18_lago-norte_-1-7-1-2_agregado.xls,PPV(mensal)2018
Lago Norte,18,2018,3. OUTROS CRIMES,OCORRENCIA,ESTUPRO,2,0,0,0,0,0,0,0,1,0,1,0,0,18_lago-norte_-1-7-1-2_agregado.xls,PPV(mensal)2018
Lago Norte,18,2018,3. OUTROS CRIMES,OCORRENCIA,FURTO A TRANSEUNTE,8,1,0,1,0,1,0,1,0,1,2,1,0,18_lago-norte_-1-7-1-2_agregado.xls,PPV(mensal)2018
Lago Norte,18,2018,3. OUTROS CRIMES,OCORRENCIA,TENTATIVA DE HOMICÍDIO,5,0,0,0,0,1,0,1,0,0,3,0,0,18_lago-norte_-1-7-1-2_agregado.xls,PPV(mensal)2018
Lago Norte,18,2018,3. OUTROS CRIMES,OCORRENCIA,TENTATIVA DE LATROCÍNIO,0,0,0,0,0,0,0,0,0,0,0,0,0,18_lago-norte_-1-7-1-2_agregado.xls,PPV(mensal)2018
Lago Norte,18,2018,4. PRODUTIVIDADE POLICIAL,OCORRENCIA,LOCALIZAÇÃO DE VEICULO FURTADO OU ROUBADO,42,6,3,5,2,3,3,0,4,2,4,7,3,18_lago-norte_-1-7-1-2_agregado.xls,PPV(mensal)2018
Lago Norte,18,2018,4. PRODUTIVIDADE POLICIAL,OCORRENCIA,POSSE/PORTE DE ARMA,7,0,0,3,0,1,1,0,0,0,0,0,2,18_lago-norte_-1-7-1-2_agregado.xls,PPV(mensal)2018
Lago Norte,18,2018,4. PRODUTIVIDADE POLICIAL,OCORRENCIA,TRÁFICO DE DROGAS,5,2,0,1,0,1,1,0,0,0,0,0,0,18_lago-norte_-1-7-1-2_agregado.xls,PPV(mensal)2018
Lago Norte,18,2018,4. PRODUTIVIDADE POLICIAL,OCORRENCIA,USO E PORTE DE DROGAS,40,1,2,4,3,2,1,7,2,2,8,5,3,18_lago-norte_-1-7-1-2_agregado.xls,PPV(mensal)2018
Lago Norte,18,2026,1. C.V.L.I. - CRIMES VIOLENTOS LETAIS INTENCIONAIS,OCORRENCIA,HOMICÍDIO,0,0,0,0,0,0,0,0,0,0,0,0,0,18_LAGO NORTE (4)_2026.xlsx,mensal
Lago Norte,18,2026,1. C.V.L.I. - CRIMES VIOLENTOS LETAIS INTENCIONAIS,OCORRENCIA,LATROCÍNIO,0,0,0,0,0,0,0,0,0,0,0,0,0,18_LAGO NORTE (4)_2026.xlsx,mensal
Lago Norte,18,2026,1. C.V.L.I. - CRIMES VIOLENTOS LETAIS INTENCIONAIS,OCORRENCIA,LESÃO CORPORAL SEG. DE MORTE,0,0,0,0,0,0,0,0,0,0,0,0,0,18_LAGO NORTE (4)_2026.xlsx,mensal
Lago Norte,18,2026,2. C.C.P. -                                                      CRIMES CONTRA O PATRIMÔNIO,OCORRENCIA,FURTO EM VEÍCULO,34,4,2,2,2,6,10,4,4,0,0,0,0,18_LAGO NORTE (4)_2026.xlsx,mensal
Lago Norte,18,2026,2. C.C.P. -                                                      CRIMES CONTRA O PATRIMÔNIO,OCORRENCIA,ROUBO A TRANSEUNTE,8,2,0,2,0,0,2,1,1,0,0,0,0,18_LAGO NORTE (4)_2026.xlsx,mensal
Lago Norte,18,2026,2. C.C.P. -                                                      CRIMES CONTRA O PATRIMÔNIO,OCORRENCIA,ROUBO DE VEÍCULO,7,2,0,1,2,1,0,0,1,0,0,0,0,18_LAGO NORTE (4)_2026.xlsx,mensal
Lago Norte,18,2026,2. C.C.P. -                                                      CRIMES CONTRA O PATRIMÔNIO,OCORRENCIA,ROUBO EM COLETIVO,0,0,0,0,0,0,0,0,0,0,0,0,0,18_LAGO NORTE (4)_2026.xlsx,mensal
Lago Norte,18,2026,2. C.C.P. -                                                      CRIMES CONTRA O PATRIMÔNIO,OCORRENCIA,ROUBO EM COMÉRCIO *,1,0,0,1,0,0,0,0,0,0,0,0,0,18_LAGO NORTE (4)_2026.xlsx,mensal
Lago Norte,18,2026,2. C.C.P. -                                                      CRIMES CONTRA O PATRIMÔNIO,OCORRENCIA,ROUBO EM RESIDÊNCIA,1,0,0,1,0,0,0,0,0,0,0,0,0,18_LAGO NORTE (4)_2026.xlsx,mensal
Lago Norte,18,2026,3. OUTROS CRIMES,OCORRENCIA,ESTUPRO,2,0,0,0,0,1,0,0,1,0,0,0,0,18_LAGO NORTE (4)_2026.xlsx,mensal
Lago Norte,18,2026,3. OUTROS CRIMES,OCORRENCIA,ESTUPRO DE VULNERÁVEL,6,1,0,1,0,2,2,0,0,0,0,0,0,18_LAGO NORTE (4)_2026.xlsx,mensal
Lago Norte,18,2026,3. OUTROS CRIMES,OCORRENCIA,TENTATIVA DE HOMICÍDIO,4,1,1,0,1,1,0,0,0,0,0,0,0,18_LAGO NORTE (4)_2026.xlsx,mensal
Lago Norte,18,2026,3. OUTROS CRIMES,OCORRENCIA,TENTATIVA DE LATROCÍNIO,0,0,0,0,0,0,0,0,0,0,0,0,0,18_LAGO NORTE (4)_2026.xlsx,mensal
Lago Norte,18,2026,4. PRODUTIVIDADE POLICIAL,OCORRENCIA,LOCALIZAÇÃO DE VEICULO FURTADO OU ROUBADO,21,5,1,1,5,3,2,2,2,0,0,0,0,18_LAGO NORTE (4)_2026.xlsx,mensal
Lago Norte,18,2026,4. PRODUTIVIDADE POLICIAL,OCORRENCIA,POSSE/PORTE DE ARMA,5,2,0,1,0,1,0,0,1,0,0,0,0,18_LAGO NORTE (4)_2026.xlsx,mensal
Lago Norte,18,2026,4. PRODUTIVIDADE POLICIAL,OCORRENCIA,TRÁFICO DE DROGAS,9,0,0,0,2,2,2,2,1,0,0,0,0,18_LAGO NORTE (4)_2026.xlsx,mensal
Lago Norte,18,2026,4. PRODUTIVIDADE POLICIAL,OCORRENCIA,USO E PORTE DE DROGAS,4,0,0,0,1,2,1,0,0,0,0,0,0,18_LAGO NORTE (4)_2026.xlsx,mensal
Lago Sul,16,2014,1. C.V.L.I. - CRIMES VIOLENTOS LETAIS INTENCIONAIS,OCORRENCIA,HOMICÍDIO,0,0,0,0,0,0,0,0,0,0,0,0,0,16_lago-sul_1-2-2_agregado.xls,PPV (mensal)2014
Lago Sul,16,2014,1. C.V.L.I. - CRIMES VIOLENTOS LETAIS INTENCIONAIS,OCORRENCIA,LATROCÍNIO,2,0,0,0,1,0,0,0,0,0,1,0,0,16_lago-sul_1-2-2_agregado.xls,PPV (mensal)2014
Lago Sul,16,2014,1. C.V.L.I. - CRIMES VIOLENTOS LETAIS INTENCIONAIS,OCORRENCIA,LESÃO CORPORAL SEG. DE MORTE,0,0,0,0,0,0,0,0,0,0,0,0,0,16_lago-sul_1-2-2_agregado.xls,PPV (mensal)2014
Lago Sul,16,2014,2. C.C.P. -                                                      CRIMES CONTRA O PATRIMÔNIO,OCORRENCIA,FURTO EM VEÍCULO,296,22,26,28,20,29,33,21,26,25,33,15,18,16_lago-sul_1-2-2_agregado.xls,PPV (mensal)2014
Lago Sul,16,2014,2. C.C.P. -                                                      CRIMES CONTRA O PATRIMÔNIO,OCORRENCIA,ROUBO A TRANSEUNTE,51,3,3,5,5,5,1,9,4,2,7,3,4,16_lago-sul_1-2-2_agregado.xls,PPV (mensal)2014
Lago Sul,16,2014,2. C.C.P. -                                                      CRIMES CONTRA O PATRIMÔNIO,OCORRENCIA,ROUBO DE VEÍCULO,28,5,5,1,2,4,0,1,2,2,1,2,3,16_lago-sul_1-2-2_agregado.xls,PPV (mensal)2014
Lago Sul,16,2014,2. C.C.P. -                                                      CRIMES CONTRA O PATRIMÔNIO,OCORRENCIA,ROUBO EM COLETIVO,2,0,1,0,0,0,0,0,1,0,0,0,0,16_lago-sul_1-2-2_agregado.xls,PPV (mensal)2014
Lago Sul,16,2014,2. C.C.P. -                                                      CRIMES CONTRA O PATRIMÔNIO,OCORRENCIA,ROUBO EM COMÉRCIO *,21,0,0,7,0,2,2,1,0,1,3,3,2,16_lago-sul_1-2-2_agregado.xls,PPV (mensal)2014
Lago Sul,16,2014,3. OUTROS CRIMES,OCORRENCIA,ESTUPRO,4,1,1,0,1,1,0,0,0,0,0,0,0,16_lago-sul_1-2-2_agregado.xls,PPV (mensal)2014
Lago Sul,16,2014,3. OUTROS CRIMES,OCORRENCIA,FURTO A TRANSEUNTE,11,0,3,0,1,0,2,1,1,2,1,0,0,16_lago-sul_1-2-2_agregado.xls,PPV (mensal)2014
Lago Sul,16,2014,3. OUTROS CRIMES,OCORRENCIA,ROUBO EM RESIDÊNCIA,22,3,2,0,2,1,1,2,1,0,2,2,6,16_lago-sul_1-2-2_agregado.xls,PPV (mensal)2014
Lago Sul,16,2014,3. OUTROS CRIMES,OCORRENCIA,TENTATIVA DE HOMICÍDIO,1,0,0,0,0,0,0,0,0,0,0,0,1,16_lago-sul_1-2-2_agregado.xls,PPV (mensal)2014
Lago Sul,16,2014,4. PRODUTIVIDADE POLICIAL,OCORRENCIA,LOCALIZAÇÃO DE VEICULO FURTADO OU ROUBADO,36,4,4,4,3,4,0,0,4,2,3,3,5,16_lago-sul_1-2-2_agregado.xls,PPV (mensal)2014
Lago Sul,16,2014,4. PRODUTIVIDADE POLICIAL,OCORRENCIA,POSSE/PORTE DE ARMA,7,1,1,1,0,1,0,0,0,1,0,1,1,16_lago-sul_1-2-2_agregado.xls,PPV (mensal)2014
Lago Sul,16,2014,4. PRODUTIVIDADE POLICIAL,OCORRENCIA,TRÁFICO DE DROGAS,3,0,1,0,1,0,0,0,0,0,0,0,1,16_lago-sul_1-2-2_agregado.xls,PPV (mensal)2014
Lago Sul,16,2014,4. PRODUTIVIDADE POLICIAL,OCORRENCIA,USO E PORTE DE DROGAS,33,0,0,2,1,1,2,1,3,6,9,2,6,16_lago-sul_1-2-2_agregado.xls,PPV (mensal)2014
Lago Sul,16,2015,1. C.V.L.I. - CRIMES VIOLENTOS LETAIS INTENCIONAIS,OCORRENCIA,HOMICÍDIO,0,0,0,0,0,0,0,0,0,0,0,0,0,16_lago-sul_1-2-2_agregado.xls,PPV (mensal)2015
Lago Sul,16,2015,1. C.V.L.I. - CRIMES VIOLENTOS LETAIS INTENCIONAIS,OCORRENCIA,LATROCÍNIO,1,0,0,0,0,0,0,0,0,1,0,0,0,16_lago-sul_1-2-2_agregado.xls,PPV (mensal)2015
Lago Sul,16,2015,1. C.V.L.I. - CRIMES VIOLENTOS LETAIS INTENCIONAIS,OCORRENCIA,LESÃO CORPORAL SEG. DE MORTE,0,0,0,0,0,0,0,0,0,0,0,0,0,16_lago-sul_1-2-2_agregado.xls,PPV (mensal)2015
Lago Sul,16,2015,2. C.C.P. -                                                      CRIMES CONTRA O PATRIMÔNIO,OCORRENCIA,FURTO EM VEÍCULO,117,9,18,17,6,9,7,8,10,3,10,11,9,16_lago-sul_1-2-2_agregado.xls,PPV (mensal)2015
Lago Sul,16,2015,2. C.C.P. -                                                      CRIMES CONTRA O PATRIMÔNIO,OCORRENCIA,ROUBO A TRANSEUNTE,66,6,4,11,5,9,4,3,7,4,5,4,4,16_lago-sul_1-2-2_agregado.xls,PPV (mensal)2015
Lago Sul,16,2015,2. C.C.P. -                                                      CRIMES CONTRA O PATRIMÔNIO,OCORRENCIA,ROUBO DE VEÍCULO,17,1,1,0,3,3,1,1,3,3,1,0,0,16_lago-sul_1-2-2_agregado.xls,PPV (mensal)2015
Lago Sul,16,2015,2. C.C.P. -                                                      CRIMES CONTRA O PATRIMÔNIO,OCORRENCIA,ROUBO EM COLETIVO,2,0,0,0,0,0,0,1,0,0,0,1,0,16_lago-sul_1-2-2_agregado.xls,PPV (mensal)2015
Lago Sul,16,2015,2. C.C.P. -                                                      CRIMES CONTRA O PATRIMÔNIO,OCORRENCIA,ROUBO EM COMÉRCIO *,27,4,0,4,6,2,0,3,1,0,3,2,2,16_lago-sul_1-2-2_agregado.xls,PPV (mensal)2015
Lago Sul,16,2015,3. OUTROS CRIMES,OCORRENCIA,ESTUPRO,2,0,0,0,0,0,1,0,0,1,0,0,0,16_lago-sul_1-2-2_agregado.xls,PPV (mensal)2015
Lago Sul,16,2015,3. OUTROS CRIMES,OCORRENCIA,FURTO A TRANSEUNTE,18,1,0,0,4,2,2,0,2,1,3,2,1,16_lago-sul_1-2-2_agregado.xls,PPV (mensal)2015
Lago Sul,16,2015,3. OUTROS CRIMES,OCORRENCIA,ROUBO EM RESIDÊNCIA,9,1,1,0,2,1,2,0,0,0,1,1,0,16_lago-sul_1-2-2_agregado.xls,PPV (mensal)2015
Lago Sul,16,2015,3. OUTROS CRIMES,OCORRENCIA,TENTATIVA DE HOMICÍDIO,1,0,1,0,0,0,0,0,0,0,0,0,0,16_lago-sul_1-2-2_agregado.xls,PPV (mensal)2015
Lago Sul,16,2015,4. PRODUTIVIDADE POLICIAL,OCORRENCIA,LOCALIZAÇÃO DE VEICULO FURTADO OU ROUBADO,28,3,0,2,3,3,1,4,3,3,3,2,1,16_lago-sul_1-2-2_agregado.xls,PPV (mensal)2015
Lago Sul,16,2015,4. PRODUTIVIDADE POLICIAL,OCORRENCIA,POSSE/PORTE DE ARMA,5,0,0,1,0,1,1,0,0,1,0,1,0,16_lago-sul_1-2-2_agregado.xls,PPV (mensal)2015
Lago Sul,16,2015,4. PRODUTIVIDADE POLICIAL,OCORRENCIA,TRÁFICO DE DROGAS,7,0,3,1,1,0,0,0,0,2,0,0,0,16_lago-sul_1-2-2_agregado.xls,PPV (mensal)2015
Lago Sul,16,2015,4. PRODUTIVIDADE POLICIAL,OCORRENCIA,USO E PORTE DE DROGAS,143,12,6,10,13,12,26,16,11,11,14,7,5,16_lago-sul_1-2-2_agregado.xls,PPV (mensal)2015
Lago Sul,16,2016,1. C.V.L.I. - CRIMES VIOLENTOS LETAIS INTENCIONAIS,OCORRENCIA,HOMICÍDIO,1,0,0,0,0,0,0,0,1,0,0,0,0,16_lago-sul_1-2-2_agregado.xls,PPV(mensal)2016
Lago Sul,16,2016,1. C.V.L.I. - CRIMES VIOLENTOS LETAIS INTENCIONAIS,OCORRENCIA,LATROCÍNIO,0,0,0,0,0,0,0,0,0,0,0,0,0,16_lago-sul_1-2-2_agregado.xls,PPV(mensal)2016
Lago Sul,16,2016,1. C.V.L.I. - CRIMES VIOLENTOS LETAIS INTENCIONAIS,OCORRENCIA,LESÃO CORPORAL SEG. DE MORTE,0,0,0,0,0,0,0,0,0,0,0,0,0,16_lago-sul_1-2-2_agregado.xls,PPV(mensal)2016
Lago Sul,16,2016,2. C.C.P. -                                                      CRIMES CONTRA O PATRIMÔNIO,OCORRENCIA,FURTO EM VEÍCULO,129,9,12,14,16,16,16,10,6,10,6,3,11,16_lago-sul_1-2-2_agregado.xls,PPV(mensal)2016
Lago Sul,16,2016,2. C.C.P. -                                                      CRIMES CONTRA O PATRIMÔNIO,OCORRENCIA,ROUBO A TRANSEUNTE,62,4,6,3,4,7,8,5,2,4,3,9,7,16_lago-sul_1-2-2_agregado.xls,PPV(mensal)2016
Lago Sul,16,2016,2. C.C.P. -                                                      CRIMES CONTRA O PATRIMÔNIO,OCORRENCIA,ROUBO DE VEÍCULO,13,1,2,2,3,0,0,0,0,0,2,2,1,16_lago-sul_1-2-2_agregado.xls,PPV(mensal)2016
Lago Sul,16,2016,2. C.C.P. -                                                      CRIMES CONTRA O PATRIMÔNIO,OCORRENCIA,ROUBO EM COLETIVO,2,0,0,0,0,1,0,0,0,0,0,0,1,16_lago-sul_1-2-2_agregado.xls,PPV(mensal)2016
Lago Sul,16,2016,2. C.C.P. -                                                      CRIMES CONTRA O PATRIMÔNIO,OCORRENCIA,ROUBO EM COMÉRCIO *,7,0,0,0,1,1,1,2,0,0,1,1,0,16_lago-sul_1-2-2_agregado.xls,PPV(mensal)2016
Lago Sul,16,2016,2. C.C.P. -                                                      CRIMES CONTRA O PATRIMÔNIO,OCORRENCIA,ROUBO EM RESIDÊNCIA,10,1,3,1,1,0,0,0,0,2,2,0,0,16_lago-sul_1-2-2_agregado.xls,PPV(mensal)2016
Lago Sul,16,2016,3. OUTROS CRIMES,OCORRENCIA,ESTUPRO,2,0,0,0,0,0,0,0,0,0,0,0,2,16_lago-sul_1-2-2_agregado.xls,PPV(mensal)2016
Lago Sul,16,2016,3. OUTROS CRIMES,OCORRENCIA,FURTO A TRANSEUNTE,16,3,1,0,1,0,1,0,2,3,3,2,0,16_lago-sul_1-2-2_agregado.xls,PPV(mensal)2016
Lago Sul,16,2016,3. OUTROS CRIMES,OCORRENCIA,TENTATIVA DE HOMICÍDIO,1,0,0,0,1,0,0,0,0,0,0,0,0,16_lago-sul_1-2-2_agregado.xls,PPV(mensal)2016
Lago Sul,16,2016,3. OUTROS CRIMES,OCORRENCIA,TENTATIVA DE LATROCÍNIO,3,1,1,1,0,0,0,0,0,0,0,0,0,16_lago-sul_1-2-2_agregado.xls,PPV(mensal)2016
Lago Sul,16,2016,4. PRODUTIVIDADE POLICIAL,OCORRENCIA,LOCALIZAÇÃO DE VEICULO FURTADO OU ROUBADO,32,7,2,2,3,3,2,2,2,1,2,3,3,16_lago-sul_1-2-2_agregado.xls,PPV(mensal)2016
Lago Sul,16,2016,4. PRODUTIVIDADE POLICIAL,OCORRENCIA,POSSE/PORTE DE ARMA,4,0,0,0,0,0,2,0,0,0,1,0,1,16_lago-sul_1-2-2_agregado.xls,PPV(mensal)2016
Lago Sul,16,2016,4. PRODUTIVIDADE POLICIAL,OCORRENCIA,TRÁFICO DE DROGAS,5,0,1,0,0,0,1,1,0,0,0,1,1,16_lago-sul_1-2-2_agregado.xls,PPV(mensal)2016
Lago Sul,16,2016,4. PRODUTIVIDADE POLICIAL,OCORRENCIA,USO E PORTE DE DROGAS,73,7,8,5,12,5,5,11,6,5,4,1,4,16_lago-sul_1-2-2_agregado.xls,PPV(mensal)2016
Lago Sul,16,2017,1. C.V.L.I. - CRIMES VIOLENTOS LETAIS INTENCIONAIS,OCORRENCIA,HOMICÍDIO,1,0,0,0,1,0,0,0,0,0,0,0,0,16_lago-sul_1-2-2_agregado.xls,PPV(mensal)2017
Lago Sul,16,2017,1. C.V.L.I. - CRIMES VIOLENTOS LETAIS INTENCIONAIS,OCORRENCIA,LATROCÍNIO,0,0,0,0,0,0,0,0,0,0,0,0,0,16_lago-sul_1-2-2_agregado.xls,PPV(mensal)2017
Lago Sul,16,2017,1. C.V.L.I. - CRIMES VIOLENTOS LETAIS INTENCIONAIS,OCORRENCIA,LESÃO CORPORAL SEG. DE MORTE,0,0,0,0,0,0,0,0,0,0,0,0,0,16_lago-sul_1-2-2_agregado.xls,PPV(mensal)2017
Lago Sul,16,2017,2. C.C.P. -                                                      CRIMES CONTRA O PATRIMÔNIO,OCORRENCIA,FURTO EM VEÍCULO,139,12,7,14,11,10,11,16,12,12,8,9,17,16_lago-sul_1-2-2_agregado.xls,PPV(mensal)2017
Lago Sul,16,2017,2. C.C.P. -                                                      CRIMES CONTRA O PATRIMÔNIO,OCORRENCIA,ROUBO A TRANSEUNTE,65,9,10,5,3,9,5,5,3,6,2,6,2,16_lago-sul_1-2-2_agregado.xls,PPV(mensal)2017
Lago Sul,16,2017,2. C.C.P. -                                                      CRIMES CONTRA O PATRIMÔNIO,OCORRENCIA,ROUBO DE VEÍCULO,29,2,1,1,5,4,3,0,5,1,5,0,2,16_lago-sul_1-2-2_agregado.xls,PPV(mensal)2017
Lago Sul,16,2017,2. C.C.P. -                                                      CRIMES CONTRA O PATRIMÔNIO,OCORRENCIA,ROUBO EM COLETIVO,14,2,0,10,1,0,0,1,0,0,0,0,0,16_lago-sul_1-2-2_agregado.xls,PPV(mensal)2017
Lago Sul,16,2017,2. C.C.P. -                                                      CRIMES CONTRA O PATRIMÔNIO,OCORRENCIA,ROUBO EM COMÉRCIO *,9,1,0,0,1,3,1,1,0,0,2,0,0,16_lago-sul_1-2-2_agregado.xls,PPV(mensal)2017
Lago Sul,16,2017,2. C.C.P. -                                                      CRIMES CONTRA O PATRIMÔNIO,OCORRENCIA,ROUBO EM RESIDÊNCIA,44,2,2,2,4,4,6,1,4,4,5,6,4,16_lago-sul_1-2-2_agregado.xls,PPV(mensal)2017
Lago Sul,16,2017,3. OUTROS CRIMES,OCORRENCIA,ESTUPRO,7,0,1,1,0,2,0,1,0,0,0,2,0,16_lago-sul_1-2-2_agregado.xls,PPV(mensal)2017
Lago Sul,16,2017,3. OUTROS CRIMES,OCORRENCIA,FURTO A TRANSEUNTE,13,3,2,4,0,1,0,1,1,0,0,1,0,16_lago-sul_1-2-2_agregado.xls,PPV(mensal)2017
Lago Sul,16,2017,3. OUTROS CRIMES,OCORRENCIA,TENTATIVA DE HOMICÍDIO,2,0,0,0,2,0,0,0,0,0,0,0,0,16_lago-sul_1-2-2_agregado.xls,PPV(mensal)2017
Lago Sul,16,2017,3. OUTROS CRIMES,OCORRENCIA,TENTATIVA DE LATROCÍNIO,0,0,0,0,0,0,0,0,0,0,0,0,0,16_lago-sul_1-2-2_agregado.xls,PPV(mensal)2017
Lago Sul,16,2017,4. PRODUTIVIDADE POLICIAL,OCORRENCIA,LOCALIZAÇÃO DE VEICULO FURTADO OU ROUBADO,35,1,2,2,3,5,2,2,6,3,7,0,2,16_lago-sul_1-2-2_agregado.xls,PPV(mensal)2017
Lago Sul,16,2017,4. PRODUTIVIDADE POLICIAL,OCORRENCIA,POSSE/PORTE DE ARMA,4,1,0,1,1,0,0,0,0,0,0,1,0,16_lago-sul_1-2-2_agregado.xls,PPV(mensal)2017
Lago Sul,16,2017,4. PRODUTIVIDADE POLICIAL,OCORRENCIA,TRÁFICO DE DROGAS,5,0,2,0,0,1,1,0,0,1,0,0,0,16_lago-sul_1-2-2_agregado.xls,PPV(mensal)2017
Lago Sul,16,2017,4. PRODUTIVIDADE POLICIAL,OCORRENCIA,USO E PORTE DE DROGAS,20,1,3,1,4,0,1,2,3,2,1,2,0,16_lago-sul_1-2-2_agregado.xls,PPV(mensal)2017
Lago Sul,16,2018,1. C.V.L.I. - CRIMES VIOLENTOS LETAIS INTENCIONAIS,OCORRENCIA,HOMICÍDIO,1,0,0,0,0,0,1,0,0,0,0,0,0,16_lago-sul_1-2-2_agregado.xls,PPV(mensal)2018
Lago Sul,16,2018,1. C.V.L.I. - CRIMES VIOLENTOS LETAIS INTENCIONAIS,OCORRENCIA,LATROCÍNIO,2,0,0,1,0,0,0,0,0,0,0,0,1,16_lago-sul_1-2-2_agregado.xls,PPV(mensal)2018
Lago Sul,16,2018,1. C.V.L.I. - CRIMES VIOLENTOS LETAIS INTENCIONAIS,OCORRENCIA,LESÃO CORPORAL SEG. DE MORTE,0,0,0,0,0,0,0,0,0,0,0,0,0,16_lago-sul_1-2-2_agregado.xls,PPV(mensal)2018
Lago Sul,16,2018,2. C.C.P. -                                                      CRIMES CONTRA O PATRIMÔNIO,OCORRENCIA,FURTO EM VEÍCULO,116,17,14,12,8,6,5,5,10,7,18,6,8,16_lago-sul_1-2-2_agregado.xls,PPV(mensal)2018
Lago Sul,16,2018,2. C.C.P. -                                                      CRIMES CONTRA O PATRIMÔNIO,OCORRENCIA,ROUBO A TRANSEUNTE,48,4,6,4,4,4,6,3,4,4,4,2,3,16_lago-sul_1-2-2_agregado.xls,PPV(mensal)2018
Lago Sul,16,2018,2. C.C.P. -                                                      CRIMES CONTRA O PATRIMÔNIO,OCORRENCIA,ROUBO DE VEÍCULO,17,1,0,1,1,4,0,6,1,0,1,0,2,16_lago-sul_1-2-2_agregado.xls,PPV(mensal)2018
Lago Sul,16,2018,2. C.C.P. -                                                      CRIMES CONTRA O PATRIMÔNIO,OCORRENCIA,ROUBO EM COLETIVO,1,0,0,0,0,0,0,1,0,0,0,0,0,16_lago-sul_1-2-2_agregado.xls,PPV(mensal)2018
Lago Sul,16,2018,2. C.C.P. -                                                      CRIMES CONTRA O PATRIMÔNIO,OCORRENCIA,ROUBO EM COMÉRCIO *,8,1,0,2,2,1,0,0,1,1,0,0,0,16_lago-sul_1-2-2_agregado.xls,PPV(mensal)2018
Lago Sul,16,2018,2. C.C.P. -                                                      CRIMES CONTRA O PATRIMÔNIO,OCORRENCIA,ROUBO EM RESIDÊNCIA,17,2,1,0,0,2,2,4,4,1,0,1,0,16_lago-sul_1-2-2_agregado.xls,PPV(mensal)2018
Lago Sul,16,2018,3. OUTROS CRIMES,OCORRENCIA,ESTUPRO,5,1,0,0,0,0,1,1,2,0,0,0,0,16_lago-sul_1-2-2_agregado.xls,PPV(mensal)2018
Lago Sul,16,2018,3. OUTROS CRIMES,OCORRENCIA,FURTO A TRANSEUNTE,16,4,2,1,0,0,3,0,1,1,1,2,1,16_lago-sul_1-2-2_agregado.xls,PPV(mensal)2018
Lago Sul,16,2018,3. OUTROS CRIMES,OCORRENCIA,TENTATIVA DE HOMICÍDIO,1,0,0,0,0,0,0,0,1,0,0,0,0,16_lago-sul_1-2-2_agregado.xls,PPV(mensal)2018
Lago Sul,16,2018,3. OUTROS CRIMES,OCORRENCIA,TENTATIVA DE LATROCÍNIO,0,0,0,0,0,0,0,0,0,0,0,0,0,16_lago-sul_1-2-2_agregado.xls,PPV(mensal)2018
Lago Sul,16,2018,4. PRODUTIVIDADE POLICIAL,OCORRENCIA,LOCALIZAÇÃO DE VEICULO FURTADO OU ROUBADO,21,1,3,3,1,2,1,3,3,0,1,0,3,16_lago-sul_1-2-2_agregado.xls,PPV(mensal)2018
Lago Sul,16,2018,4. PRODUTIVIDADE POLICIAL,OCORRENCIA,POSSE/PORTE DE ARMA,6,1,0,0,0,1,0,1,0,0,1,0,2,16_lago-sul_1-2-2_agregado.xls,PPV(mensal)2018
Lago Sul,16,2018,4. PRODUTIVIDADE POLICIAL,OCORRENCIA,TRÁFICO DE DROGAS,6,1,0,0,2,0,0,0,3,0,0,0,0,16_lago-sul_1-2-2_agregado.xls,PPV(mensal)2018
Lago Sul,16,2018,4. PRODUTIVIDADE POLICIAL,OCORRENCIA,USO E PORTE DE DROGAS,36,2,1,3,2,4,4,5,1,4,4,2,4,16_lago-sul_1-2-2_agregado.xls,PPV(mensal)2018
Lago Sul,16,2026,1. C.V.L.I. - CRIMES VIOLENTOS LETAIS INTENCIONAIS,OCORRENCIA,HOMICÍDIO,0,0,0,0,0,0,0,0,0,0,0,0,0,16_LAGO SUL (4)_2026.xlsx,mensal
Lago Sul,16,2026,1. C.V.L.I. - CRIMES VIOLENTOS LETAIS INTENCIONAIS,OCORRENCIA,LATROCÍNIO,0,0,0,0,0,0,0,0,0,0,0,0,0,16_LAGO SUL (4)_2026.xlsx,mensal
Lago Sul,16,2026,1. C.V.L.I. - CRIMES VIOLENTOS LETAIS INTENCIONAIS,OCORRENCIA,LESÃO CORPORAL SEG. DE MORTE,0,0,0,0,0,0,0,0,0,0,0,0,0,16_LAGO SUL (4)_2026.xlsx,mensal
Lago Sul,16,2026,2. C.C.P. -                                                      CRIMES CONTRA O PATRIMÔNIO,OCORRENCIA,FURTO EM VEÍCULO,12,2,1,1,1,3,0,3,1,0,0,0,0,16_LAGO SUL (4)_2026.xlsx,mensal
Lago Sul,16,2026,2. C.C.P. -                                                      CRIMES CONTRA O PATRIMÔNIO,OCORRENCIA,ROUBO A TRANSEUNTE,4,0,0,3,0,0,0,1,0,0,0,0,0,16_LAGO SUL (4)_2026.xlsx,mensal
Lago Sul,16,2026,2. C.C.P. -                                                      CRIMES CONTRA O PATRIMÔNIO,OCORRENCIA,ROUBO DE VEÍCULO,1,0,0,0,0,0,0,0,1,0,0,0,0,16_LAGO SUL (4)_2026.xlsx,mensal
Lago Sul,16,2026,2. C.C.P. -                                                      CRIMES CONTRA O PATRIMÔNIO,OCORRENCIA,ROUBO EM COLETIVO,0,0,0,0,0,0,0,0,0,0,0,0,0,16_LAGO SUL (4)_2026.xlsx,mensal
Lago Sul,16,2026,2. C.C.P. -                                                      CRIMES CONTRA O PATRIMÔNIO,OCORRENCIA,ROUBO EM COMÉRCIO *,0,0,0,0,0,0,0,0,0,0,0,0,0,16_LAGO SUL (4)_2026.xlsx,mensal
Lago Sul,16,2026,2. C.C.P. -                                                      CRIMES CONTRA O PATRIMÔNIO,OCORRENCIA,ROUBO EM RESIDÊNCIA,1,1,0,0,0,0,0,0,0,0,0,0,0,16_LAGO SUL (4)_2026.xlsx,mensal
Lago Sul,16,2026,3. OUTROS CRIMES,OCORRENCIA,ESTUPRO,1,0,0,0,0,1,0,0,0,0,0,0,0,16_LAGO SUL (4)_2026.xlsx,mensal
Lago Sul,16,2026,3. OUTROS CRIMES,OCORRENCIA,ESTUPRO DE VULNERÁVEL,1,0,1,0,0,0,0,0,0,0,0,0,0,16_LAGO SUL (4)_2026.xlsx,mensal
Lago Sul,16,2026,3. OUTROS CRIMES,OCORRENCIA,TENTATIVA DE HOMICÍDIO,0,0,0,0,0,0,0,0,0,0,0,0,0,16_LAGO SUL (4)_2026.xlsx,mensal
Lago Sul,16,2026,3. OUTROS CRIMES,OCORRENCIA,TENTATIVA DE LATROCÍNIO,0,0,0,0,0,0,0,0,0,0,0,0,0,16_LAGO SUL (4)_2026.xlsx,mensal
Lago Sul,16,2026,4. PRODUTIVIDADE POLICIAL,OCORRENCIA,LOCALIZAÇÃO DE VEICULO FURTADO OU ROUBADO,10,2,1,1,2,0,0,3,1,0,0,0,0,16_LAGO SUL (4)_2026.xlsx,mensal
Lago Sul,16,2026,4. PRODUTIVIDADE POLICIAL,OCORRENCIA,POSSE/PORTE DE ARMA,0,0,0,0,0,0,0,0,0,0,0,0,0,16_LAGO SUL (4)_2026.xlsx,mensal
Lago Sul,16,2026,4. PRODUTIVIDADE POLICIAL,OCORRENCIA,TRÁFICO DE DROGAS,1,0,0,0,0,0,0,0,1,0,0,0,0,16_LAGO SUL (4)_2026.xlsx,mensal
Lago Sul,16,2026,4. PRODUTIVIDADE POLICIAL,OCORRENCIA,USO E PORTE DE DROGAS,2,0,0,1,0,0,0,0,1,0,0,0,0,16_LAGO SUL (4)_2026.xlsx,mensal
Núcleo Bandeirante,08,2014,1. C.V.L.I. - CRIMES VIOLENTOS LETAIS INTENCIONAIS,OCORRENCIA,HOMICÍDIO,3,2,0,0,0,0,0,0,0,0,0,1,0,8_nucleo-bandeirante_1-1-2_agregado.xls,PPV (mensal)2014
Núcleo Bandeirante,08,2014,1. C.V.L.I. - CRIMES VIOLENTOS LETAIS INTENCIONAIS,OCORRENCIA,LATROCÍNIO,0,0,0,0,0,0,0,0,0,0,0,0,0,8_nucleo-bandeirante_1-1-2_agregado.xls,PPV (mensal)2014
Núcleo Bandeirante,08,2014,1. C.V.L.I. - CRIMES VIOLENTOS LETAIS INTENCIONAIS,OCORRENCIA,LESÃO CORPORAL SEG. DE MORTE,0,0,0,0,0,0,0,0,0,0,0,0,0,8_nucleo-bandeirante_1-1-2_agregado.xls,PPV (mensal)2014
Núcleo Bandeirante,08,2014,2. C.C.P. -                                                      CRIMES CONTRA O PATRIMÔNIO,OCORRENCIA,FURTO EM VEÍCULO,276,18,21,16,25,31,21,19,27,31,26,27,14,8_nucleo-bandeirante_1-1-2_agregado.xls,PPV (mensal)2014
Núcleo Bandeirante,08,2014,2. C.C.P. -                                                      CRIMES CONTRA O PATRIMÔNIO,OCORRENCIA,ROUBO A TRANSEUNTE,254,15,22,24,22,27,13,24,24,19,17,20,27,8_nucleo-bandeirante_1-1-2_agregado.xls,PPV (mensal)2014
Núcleo Bandeirante,08,2014,2. C.C.P. -                                                      CRIMES CONTRA O PATRIMÔNIO,OCORRENCIA,ROUBO DE VEÍCULO,105,13,5,7,10,9,11,5,10,16,9,5,5,8_nucleo-bandeirante_1-1-2_agregado.xls,PPV (mensal)2014
Núcleo Bandeirante,08,2014,2. C.C.P. -                                                      CRIMES CONTRA O PATRIMÔNIO,OCORRENCIA,ROUBO EM COLETIVO,17,1,1,6,1,1,2,1,3,0,0,1,0,8_nucleo-bandeirante_1-1-2_agregado.xls,PPV (mensal)2014
Núcleo Bandeirante,08,2014,2. C.C.P. -                                                      CRIMES CONTRA O PATRIMÔNIO,OCORRENCIA,ROUBO EM COMÉRCIO *,36,2,2,6,5,5,1,1,4,3,6,1,0,8_nucleo-bandeirante_1-1-2_agregado.xls,PPV (mensal)2014
Núcleo Bandeirante,08,2014,3. OUTROS CRIMES,OCORRENCIA,ESTUPRO,6,0,0,2,0,0,0,2,1,0,1,0,0,8_nucleo-bandeirante_1-1-2_agregado.xls,PPV (mensal)2014
Núcleo Bandeirante,08,2014,3. OUTROS CRIMES,OCORRENCIA,FURTO A TRANSEUNTE,40,4,9,1,8,5,0,0,0,1,3,3,6,8_nucleo-bandeirante_1-1-2_agregado.xls,PPV (mensal)2014
Núcleo Bandeirante,08,2014,3. OUTROS CRIMES,OCORRENCIA,ROUBO EM RESIDÊNCIA,2,0,0,0,0,1,0,0,0,1,0,0,0,8_nucleo-bandeirante_1-1-2_agregado.xls,PPV (mensal)2014
Núcleo Bandeirante,08,2014,3. OUTROS CRIMES,OCORRENCIA,TENTATIVA DE HOMICÍDIO,6,1,0,1,0,2,0,1,0,1,0,0,0,8_nucleo-bandeirante_1-1-2_agregado.xls,PPV (mensal)2014
Núcleo Bandeirante,08,2014,4. PRODUTIVIDADE POLICIAL,OCORRENCIA,LOCALIZAÇÃO DE VEICULO FURTADO OU ROUBADO,133,9,9,14,6,16,13,13,15,15,9,10,4,8_nucleo-bandeirante_1-1-2_agregado.xls,PPV (mensal)2014
Núcleo Bandeirante,08,2014,4. PRODUTIVIDADE POLICIAL,OCORRENCIA,POSSE/PORTE DE ARMA,7,0,0,2,1,1,0,1,1,0,0,1,0,8_nucleo-bandeirante_1-1-2_agregado.xls,PPV (mensal)2014
Núcleo Bandeirante,08,2014,4. PRODUTIVIDADE POLICIAL,OCORRENCIA,TRÁFICO DE DROGAS,27,4,0,3,1,1,1,3,4,3,4,1,2,8_nucleo-bandeirante_1-1-2_agregado.xls,PPV (mensal)2014
Núcleo Bandeirante,08,2014,4. PRODUTIVIDADE POLICIAL,OCORRENCIA,USO E PORTE DE DROGAS,96,5,1,3,3,8,4,10,20,11,13,5,13,8_nucleo-bandeirante_1-1-2_agregado.xls,PPV (mensal)2014
Núcleo Bandeirante,08,2015,1. C.V.L.I. - CRIMES VIOLENTOS LETAIS INTENCIONAIS,OCORRENCIA,HOMICÍDIO,1,0,0,0,0,0,0,0,0,0,1,0,0,8_nucleo-bandeirante_1-1-2_agregado.xls,PPV (mensal)2015
Núcleo Bandeirante,08,2015,1. C.V.L.I. - CRIMES VIOLENTOS LETAIS INTENCIONAIS,OCORRENCIA,LATROCÍNIO,0,0,0,0,0,0,0,0,0,0,0,0,0,8_nucleo-bandeirante_1-1-2_agregado.xls,PPV (mensal)2015
Núcleo Bandeirante,08,2015,1. C.V.L.I. - CRIMES VIOLENTOS LETAIS INTENCIONAIS,OCORRENCIA,LESÃO CORPORAL SEG. DE MORTE,0,0,0,0,0,0,0,0,0,0,0,0,0,8_nucleo-bandeirante_1-1-2_agregado.xls,PPV (mensal)2015
Núcleo Bandeirante,08,2015,2. C.C.P. -                                                      CRIMES CONTRA O PATRIMÔNIO,OCORRENCIA,FURTO EM VEÍCULO,189,36,14,26,15,14,13,12,16,6,20,11,6,8_nucleo-bandeirante_1-1-2_agregado.xls,PPV (mensal)2015
Núcleo Bandeirante,08,2015,2. C.C.P. -                                                      CRIMES CONTRA O PATRIMÔNIO,OCORRENCIA,ROUBO A TRANSEUNTE,241,17,21,18,17,26,20,18,19,5,28,32,20,8_nucleo-bandeirante_1-1-2_agregado.xls,PPV (mensal)2015
Núcleo Bandeirante,08,2015,2. C.C.P. -                                                      CRIMES CONTRA O PATRIMÔNIO,OCORRENCIA,ROUBO DE VEÍCULO,49,4,1,7,5,11,7,2,2,1,5,2,2,8_nucleo-bandeirante_1-1-2_agregado.xls,PPV (mensal)2015
Núcleo Bandeirante,08,2015,2. C.C.P. -                                                      CRIMES CONTRA O PATRIMÔNIO,OCORRENCIA,ROUBO EM COLETIVO,3,0,0,0,0,0,0,1,0,0,2,0,0,8_nucleo-bandeirante_1-1-2_agregado.xls,PPV (mensal)2015
Núcleo Bandeirante,08,2015,2. C.C.P. -                                                      CRIMES CONTRA O PATRIMÔNIO,OCORRENCIA,ROUBO EM COMÉRCIO *,37,4,1,2,2,7,3,4,2,5,3,3,1,8_nucleo-bandeirante_1-1-2_agregado.xls,PPV (mensal)2015
Núcleo Bandeirante,08,2015,3. OUTROS CRIMES,OCORRENCIA,ESTUPRO,4,0,0,0,0,2,0,0,0,0,0,1,1,8_nucleo-bandeirante_1-1-2_agregado.xls,PPV (mensal)2015
Núcleo Bandeirante,08,2015,3. OUTROS CRIMES,OCORRENCIA,FURTO A TRANSEUNTE,35,1,2,3,7,6,2,2,1,0,2,5,4,8_nucleo-bandeirante_1-1-2_agregado.xls,PPV (mensal)2015
Núcleo Bandeirante,08,2015,3. OUTROS CRIMES,OCORRENCIA,ROUBO EM RESIDÊNCIA,3,0,0,2,0,0,1,0,0,0,0,0,0,8_nucleo-bandeirante_1-1-2_agregado.xls,PPV (mensal)2015
Núcleo Bandeirante,08,2015,3. OUTROS CRIMES,OCORRENCIA,TENTATIVA DE HOMICÍDIO,1,0,1,0,0,0,0,0,0,0,0,0,0,8_nucleo-bandeirante_1-1-2_agregado.xls,PPV (mensal)2015
Núcleo Bandeirante,08,2015,4. PRODUTIVIDADE POLICIAL,OCORRENCIA,LOCALIZAÇÃO DE VEICULO FURTADO OU ROUBADO,85,5,9,12,8,13,7,4,4,3,9,4,7,8_nucleo-bandeirante_1-1-2_agregado.xls,PPV (mensal)2015
Núcleo Bandeirante,08,2015,4. PRODUTIVIDADE POLICIAL,OCORRENCIA,POSSE/PORTE DE ARMA,6,0,1,1,0,1,0,0,1,2,0,0,0,8_nucleo-bandeirante_1-1-2_agregado.xls,PPV (mensal)2015
Núcleo Bandeirante,08,2015,4. PRODUTIVIDADE POLICIAL,OCORRENCIA,TRÁFICO DE DROGAS,25,0,2,4,2,3,4,0,2,1,4,1,2,8_nucleo-bandeirante_1-1-2_agregado.xls,PPV (mensal)2015
Núcleo Bandeirante,08,2015,4. PRODUTIVIDADE POLICIAL,OCORRENCIA,USO E PORTE DE DROGAS,143,19,18,15,7,17,12,6,11,10,14,7,7,8_nucleo-bandeirante_1-1-2_agregado.xls,PPV (mensal)2015
Núcleo Bandeirante,08,2016,1. C.V.L.I. - CRIMES VIOLENTOS LETAIS INTENCIONAIS,OCORRENCIA,HOMICÍDIO,3,1,0,0,0,0,0,0,1,0,1,0,0,8_nucleo-bandeirante_1-1-2_agregado.xls,PPV(mensal)2016
Núcleo Bandeirante,08,2016,1. C.V.L.I. - CRIMES VIOLENTOS LETAIS INTENCIONAIS,OCORRENCIA,LATROCÍNIO,1,0,0,0,0,0,0,0,1,0,0,0,0,8_nucleo-bandeirante_1-1-2_agregado.xls,PPV(mensal)2016
Núcleo Bandeirante,08,2016,1. C.V.L.I. - CRIMES VIOLENTOS LETAIS INTENCIONAIS,OCORRENCIA,LESÃO CORPORAL SEG. DE MORTE,0,0,0,0,0,0,0,0,0,0,0,0,0,8_nucleo-bandeirante_1-1-2_agregado.xls,PPV(mensal)2016
Núcleo Bandeirante,08,2016,2. C.C.P. -                                                      CRIMES CONTRA O PATRIMÔNIO,OCORRENCIA,FURTO EM VEÍCULO,224,19,18,23,23,18,21,13,19,22,13,19,16,8_nucleo-bandeirante_1-1-2_agregado.xls,PPV(mensal)2016
Núcleo Bandeirante,08,2016,2. C.C.P. -                                                      CRIMES CONTRA O PATRIMÔNIO,OCORRENCIA,ROUBO A TRANSEUNTE,227,27,13,22,15,21,12,21,36,20,15,14,11,8_nucleo-bandeirante_1-1-2_agregado.xls,PPV(mensal)2016
Núcleo Bandeirante,08,2016,2. C.C.P. -                                                      CRIMES CONTRA O PATRIMÔNIO,OCORRENCIA,ROUBO DE VEÍCULO,43,4,2,3,2,2,5,2,3,4,6,8,2,8_nucleo-bandeirante_1-1-2_agregado.xls,PPV(mensal)2016
Núcleo Bandeirante,08,2016,2. C.C.P. -                                                      CRIMES CONTRA O PATRIMÔNIO,OCORRENCIA,ROUBO EM COLETIVO,6,0,0,1,0,2,0,1,0,0,0,0,2,8_nucleo-bandeirante_1-1-2_agregado.xls,PPV(mensal)2016
Núcleo Bandeirante,08,2016,2. C.C.P. -                                                      CRIMES CONTRA O PATRIMÔNIO,OCORRENCIA,ROUBO EM COMÉRCIO *,23,1,1,1,0,2,2,2,2,2,1,3,6,8_nucleo-bandeirante_1-1-2_agregado.xls,PPV(mensal)2016
Núcleo Bandeirante,08,2016,2. C.C.P. -                                                      CRIMES CONTRA O PATRIMÔNIO,OCORRENCIA,ROUBO EM RESIDÊNCIA,1,0,0,1,0,0,0,0,0,0,0,0,0,8_nucleo-bandeirante_1-1-2_agregado.xls,PPV(mensal)2016
Núcleo Bandeirante,08,2016,3. OUTROS CRIMES,OCORRENCIA,ESTUPRO,3,0,0,1,0,0,0,0,0,1,0,0,1,8_nucleo-bandeirante_1-1-2_agregado.xls,PPV(mensal)2016
Núcleo Bandeirante,08,2016,3. OUTROS CRIMES,OCORRENCIA,FURTO A TRANSEUNTE,34,2,1,2,1,3,4,7,0,4,2,4,4,8_nucleo-bandeirante_1-1-2_agregado.xls,PPV(mensal)2016
Núcleo Bandeirante,08,2016,3. OUTROS CRIMES,OCORRENCIA,TENTATIVA DE HOMICÍDIO,3,0,0,1,0,0,0,1,0,0,1,0,0,8_nucleo-bandeirante_1-1-2_agregado.xls,PPV(mensal)2016
Núcleo Bandeirante,08,2016,3. OUTROS CRIMES,OCORRENCIA,TENTATIVA DE LATROCÍNIO,0,0,0,0,0,0,0,0,0,0,0,0,0,8_nucleo-bandeirante_1-1-2_agregado.xls,PPV(mensal)2016
Núcleo Bandeirante,08,2016,4. PRODUTIVIDADE POLICIAL,OCORRENCIA,LOCALIZAÇÃO DE VEICULO FURTADO OU ROUBADO,56,6,6,7,6,5,4,1,4,2,5,4,6,8_nucleo-bandeirante_1-1-2_agregado.xls,PPV(mensal)2016
Núcleo Bandeirante,08,2016,4. PRODUTIVIDADE POLICIAL,OCORRENCIA,POSSE/PORTE DE ARMA,5,1,0,0,0,0,1,1,0,0,1,0,1,8_nucleo-bandeirante_1-1-2_agregado.xls,PPV(mensal)2016
Núcleo Bandeirante,08,2016,4. PRODUTIVIDADE POLICIAL,OCORRENCIA,TRÁFICO DE DROGAS,11,0,1,0,2,2,1,0,0,4,1,0,0,8_nucleo-bandeirante_1-1-2_agregado.xls,PPV(mensal)2016
Núcleo Bandeirante,08,2016,4. PRODUTIVIDADE POLICIAL,OCORRENCIA,USO E PORTE DE DROGAS,96,5,10,24,11,6,9,8,2,7,4,2,8,8_nucleo-bandeirante_1-1-2_agregado.xls,PPV(mensal)2016
Núcleo Bandeirante,08,2017,1. C.V.L.I. - CRIMES VIOLENTOS LETAIS INTENCIONAIS,OCORRENCIA,HOMICÍDIO,1,0,1,0,0,0,0,0,0,0,0,0,0,8_nucleo-bandeirante_1-1-2_agregado.xls,PPV(mensal)2017
Núcleo Bandeirante,08,2017,1. C.V.L.I. - CRIMES VIOLENTOS LETAIS INTENCIONAIS,OCORRENCIA,LATROCÍNIO,0,0,0,0,0,0,0,0,0,0,0,0,0,8_nucleo-bandeirante_1-1-2_agregado.xls,PPV(mensal)2017
Núcleo Bandeirante,08,2017,1. C.V.L.I. - CRIMES VIOLENTOS LETAIS INTENCIONAIS,OCORRENCIA,LESÃO CORPORAL SEG. DE MORTE,0,0,0,0,0,0,0,0,0,0,0,0,0,8_nucleo-bandeirante_1-1-2_agregado.xls,PPV(mensal)2017
Núcleo Bandeirante,08,2017,2. C.C.P. -                                                      CRIMES CONTRA O PATRIMÔNIO,OCORRENCIA,FURTO EM VEÍCULO,205,13,28,16,20,22,15,12,15,23,16,16,9,8_nucleo-bandeirante_1-1-2_agregado.xls,PPV(mensal)2017
Núcleo Bandeirante,08,2017,2. C.C.P. -                                                      CRIMES CONTRA O PATRIMÔNIO,OCORRENCIA,ROUBO A TRANSEUNTE,211,18,20,28,19,14,17,15,15,17,11,17,20,8_nucleo-bandeirante_1-1-2_agregado.xls,PPV(mensal)2017
Núcleo Bandeirante,08,2017,2. C.C.P. -                                                      CRIMES CONTRA O PATRIMÔNIO,OCORRENCIA,ROUBO DE VEÍCULO,30,9,2,1,4,0,1,0,3,3,1,3,3,8_nucleo-bandeirante_1-1-2_agregado.xls,PPV(mensal)2017
Núcleo Bandeirante,08,2017,2. C.C.P. -                                                      CRIMES CONTRA O PATRIMÔNIO,OCORRENCIA,ROUBO EM COLETIVO,7,1,2,0,1,0,1,0,0,1,1,0,0,8_nucleo-bandeirante_1-1-2_agregado.xls,PPV(mensal)2017
Núcleo Bandeirante,08,2017,2. C.C.P. -                                                      CRIMES CONTRA O PATRIMÔNIO,OCORRENCIA,ROUBO EM COMÉRCIO *,13,3,1,1,0,0,1,0,2,0,3,0,2,8_nucleo-bandeirante_1-1-2_agregado.xls,PPV(mensal)2017
Núcleo Bandeirante,08,2017,2. C.C.P. -                                                      CRIMES CONTRA O PATRIMÔNIO,OCORRENCIA,ROUBO EM RESIDÊNCIA,3,0,0,0,0,0,0,0,0,2,1,0,0,8_nucleo-bandeirante_1-1-2_agregado.xls,PPV(mensal)2017
Núcleo Bandeirante,08,2017,3. OUTROS CRIMES,OCORRENCIA,ESTUPRO,3,0,0,0,0,1,0,0,0,0,1,0,1,8_nucleo-bandeirante_1-1-2_agregado.xls,PPV(mensal)2017
Núcleo Bandeirante,08,2017,3. OUTROS CRIMES,OCORRENCIA,FURTO A TRANSEUNTE,42,4,3,5,4,7,2,4,4,3,2,3,1,8_nucleo-bandeirante_1-1-2_agregado.xls,PPV(mensal)2017
Núcleo Bandeirante,08,2017,3. OUTROS CRIMES,OCORRENCIA,TENTATIVA DE HOMICÍDIO,2,0,0,0,0,0,0,0,1,1,0,0,0,8_nucleo-bandeirante_1-1-2_agregado.xls,PPV(mensal)2017
Núcleo Bandeirante,08,2017,3. OUTROS CRIMES,OCORRENCIA,TENTATIVA DE LATROCÍNIO,1,0,1,0,0,0,0,0,0,0,0,0,0,8_nucleo-bandeirante_1-1-2_agregado.xls,PPV(mensal)2017
Núcleo Bandeirante,08,2017,4. PRODUTIVIDADE POLICIAL,OCORRENCIA,LOCALIZAÇÃO DE VEICULO FURTADO OU ROUBADO,48,8,2,3,4,8,3,5,0,5,3,2,5,8_nucleo-bandeirante_1-1-2_agregado.xls,PPV(mensal)2017
Núcleo Bandeirante,08,2017,4. PRODUTIVIDADE POLICIAL,OCORRENCIA,POSSE/PORTE DE ARMA,2,0,1,0,0,0,0,0,0,0,1,0,0,8_nucleo-bandeirante_1-1-2_agregado.xls,PPV(mensal)2017
Núcleo Bandeirante,08,2017,4. PRODUTIVIDADE POLICIAL,OCORRENCIA,TRÁFICO DE DROGAS,13,2,2,1,1,1,1,1,1,1,0,1,1,8_nucleo-bandeirante_1-1-2_agregado.xls,PPV(mensal)2017
Núcleo Bandeirante,08,2017,4. PRODUTIVIDADE POLICIAL,OCORRENCIA,USO E PORTE DE DROGAS,55,2,1,2,1,9,9,4,3,8,8,5,3,8_nucleo-bandeirante_1-1-2_agregado.xls,PPV(mensal)2017
Núcleo Bandeirante,08,2018,1. C.V.L.I. - CRIMES VIOLENTOS LETAIS INTENCIONAIS,OCORRENCIA,HOMICÍDIO,3,0,0,1,1,1,0,0,0,0,0,0,0,8_nucleo-bandeirante_1-1-2_agregado.xls,PPV(mensal)2018
Núcleo Bandeirante,08,2018,1. C.V.L.I. - CRIMES VIOLENTOS LETAIS INTENCIONAIS,OCORRENCIA,LATROCÍNIO,0,0,0,0,0,0,0,0,0,0,0,0,0,8_nucleo-bandeirante_1-1-2_agregado.xls,PPV(mensal)2018
Núcleo Bandeirante,08,2018,1. C.V.L.I. - CRIMES VIOLENTOS LETAIS INTENCIONAIS,OCORRENCIA,LESÃO CORPORAL SEG. DE MORTE,0,0,0,0,0,0,0,0,0,0,0,0,0,8_nucleo-bandeirante_1-1-2_agregado.xls,PPV(mensal)2018
Núcleo Bandeirante,08,2018,2. C.C.P. -                                                      CRIMES CONTRA O PATRIMÔNIO,OCORRENCIA,FURTO EM VEÍCULO,113,7,11,12,19,6,6,7,9,10,11,8,7,8_nucleo-bandeirante_1-1-2_agregado.xls,PPV(mensal)2018
Núcleo Bandeirante,08,2018,2. C.C.P. -                                                      CRIMES CONTRA O PATRIMÔNIO,OCORRENCIA,ROUBO A TRANSEUNTE,217,20,10,24,23,11,20,22,22,13,22,21,9,8_nucleo-bandeirante_1-1-2_agregado.xls,PPV(mensal)2018
Núcleo Bandeirante,08,2018,2. C.C.P. -                                                      CRIMES CONTRA O PATRIMÔNIO,OCORRENCIA,ROUBO DE VEÍCULO,31,0,3,2,1,3,3,4,5,3,3,1,3,8_nucleo-bandeirante_1-1-2_agregado.xls,PPV(mensal)2018
Núcleo Bandeirante,08,2018,2. C.C.P. -                                                      CRIMES CONTRA O PATRIMÔNIO,OCORRENCIA,ROUBO EM COLETIVO,5,2,0,0,0,0,0,0,0,0,1,1,1,8_nucleo-bandeirante_1-1-2_agregado.xls,PPV(mensal)2018
Núcleo Bandeirante,08,2018,2. C.C.P. -                                                      CRIMES CONTRA O PATRIMÔNIO,OCORRENCIA,ROUBO EM COMÉRCIO *,14,2,0,0,2,0,0,0,2,3,0,4,1,8_nucleo-bandeirante_1-1-2_agregado.xls,PPV(mensal)2018
Núcleo Bandeirante,08,2018,2. C.C.P. -                                                      CRIMES CONTRA O PATRIMÔNIO,OCORRENCIA,ROUBO EM RESIDÊNCIA,6,1,1,0,0,0,1,0,1,1,1,0,0,8_nucleo-bandeirante_1-1-2_agregado.xls,PPV(mensal)2018
Núcleo Bandeirante,08,2018,3. OUTROS CRIMES,OCORRENCIA,ESTUPRO,5,0,0,0,2,1,0,0,1,0,0,1,0,8_nucleo-bandeirante_1-1-2_agregado.xls,PPV(mensal)2018
Núcleo Bandeirante,08,2018,3. OUTROS CRIMES,OCORRENCIA,FURTO A TRANSEUNTE,49,6,4,4,4,1,7,2,3,6,9,1,2,8_nucleo-bandeirante_1-1-2_agregado.xls,PPV(mensal)2018
Núcleo Bandeirante,08,2018,3. OUTROS CRIMES,OCORRENCIA,TENTATIVA DE HOMICÍDIO,4,0,0,0,1,0,1,0,1,0,0,1,0,8_nucleo-bandeirante_1-1-2_agregado.xls,PPV(mensal)2018
Núcleo Bandeirante,08,2018,3. OUTROS CRIMES,OCORRENCIA,TENTATIVA DE LATROCÍNIO,0,0,0,0,0,0,0,0,0,0,0,0,0,8_nucleo-bandeirante_1-1-2_agregado.xls,PPV(mensal)2018
Núcleo Bandeirante,08,2018,4. PRODUTIVIDADE POLICIAL,OCORRENCIA,LOCALIZAÇÃO DE VEICULO FURTADO OU ROUBADO,43,3,6,7,0,1,5,2,2,8,4,3,2,8_nucleo-bandeirante_1-1-2_agregado.xls,PPV(mensal)2018
Núcleo Bandeirante,08,2018,4. PRODUTIVIDADE POLICIAL,OCORRENCIA,POSSE/PORTE DE ARMA,6,0,0,1,3,0,0,0,0,1,0,0,1,8_nucleo-bandeirante_1-1-2_agregado.xls,PPV(mensal)2018
Núcleo Bandeirante,08,2018,4. PRODUTIVIDADE POLICIAL,OCORRENCIA,TRÁFICO DE DROGAS,13,0,1,1,3,1,1,0,1,1,0,4,0,8_nucleo-bandeirante_1-1-2_agregado.xls,PPV(mensal)2018
Núcleo Bandeirante,08,2018,4. PRODUTIVIDADE POLICIAL,OCORRENCIA,USO E PORTE DE DROGAS,44,7,6,7,3,3,1,4,5,1,3,2,2,8_nucleo-bandeirante_1-1-2_agregado.xls,PPV(mensal)2018
Núcleo Bandeirante,08,2026,1. C.V.L.I. - CRIMES VIOLENTOS LETAIS INTENCIONAIS,OCORRENCIA,HOMICÍDIO,2,0,2,0,0,0,0,0,0,0,0,0,0,08_NUCLEO BANDEIRANTE (4)_2026.xlsx,mensal
Núcleo Bandeirante,08,2026,1. C.V.L.I. - CRIMES VIOLENTOS LETAIS INTENCIONAIS,OCORRENCIA,LATROCÍNIO,0,0,0,0,0,0,0,0,0,0,0,0,0,08_NUCLEO BANDEIRANTE (4)_2026.xlsx,mensal
Núcleo Bandeirante,08,2026,1. C.V.L.I. - CRIMES VIOLENTOS LETAIS INTENCIONAIS,OCORRENCIA,LESÃO CORPORAL SEG. DE MORTE,0,0,0,0,0,0,0,0,0,0,0,0,0,08_NUCLEO BANDEIRANTE (4)_2026.xlsx,mensal
Núcleo Bandeirante,08,2026,2. C.C.P. -                                                      CRIMES CONTRA O PATRIMÔNIO,OCORRENCIA,FURTO EM VEÍCULO,34,8,2,4,8,2,1,1,8,0,0,0,0,08_NUCLEO BANDEIRANTE (4)_2026.xlsx,mensal
Núcleo Bandeirante,08,2026,2. C.C.P. -                                                      CRIMES CONTRA O PATRIMÔNIO,OCORRENCIA,ROUBO A TRANSEUNTE,35,6,7,4,3,0,4,4,7,0,0,0,0,08_NUCLEO BANDEIRANTE (4)_2026.xlsx,mensal
Núcleo Bandeirante,08,2026,2. C.C.P. -                                                      CRIMES CONTRA O PATRIMÔNIO,OCORRENCIA,ROUBO DE VEÍCULO,2,1,0,0,0,0,1,0,0,0,0,0,0,08_NUCLEO BANDEIRANTE (4)_2026.xlsx,mensal
Núcleo Bandeirante,08,2026,2. C.C.P. -                                                      CRIMES CONTRA O PATRIMÔNIO,OCORRENCIA,ROUBO EM COLETIVO,1,0,0,1,0,0,0,0,0,0,0,0,0,08_NUCLEO BANDEIRANTE (4)_2026.xlsx,mensal
Núcleo Bandeirante,08,2026,2. C.C.P. -                                                      CRIMES CONTRA O PATRIMÔNIO,OCORRENCIA,ROUBO EM COMÉRCIO *,0,0,0,0,0,0,0,0,0,0,0,0,0,08_NUCLEO BANDEIRANTE (4)_2026.xlsx,mensal
Núcleo Bandeirante,08,2026,2. C.C.P. -                                                      CRIMES CONTRA O PATRIMÔNIO,OCORRENCIA,ROUBO EM RESIDÊNCIA,0,0,0,0,0,0,0,0,0,0,0,0,0,08_NUCLEO BANDEIRANTE (4)_2026.xlsx,mensal
Núcleo Bandeirante,08,2026,3. OUTROS CRIMES,OCORRENCIA,ESTUPRO,2,1,0,0,0,0,0,1,0,0,0,0,0,08_NUCLEO BANDEIRANTE (4)_2026.xlsx,mensal
Núcleo Bandeirante,08,2026,3. OUTROS CRIMES,OCORRENCIA,ESTUPRO DE VULNERÁVEL,12,0,1,2,3,0,2,2,2,0,0,0,0,08_NUCLEO BANDEIRANTE (4)_2026.xlsx,mensal
Núcleo Bandeirante,08,2026,3. OUTROS CRIMES,OCORRENCIA,TENTATIVA DE HOMICÍDIO,2,1,0,0,0,0,1,0,0,0,0,0,0,08_NUCLEO BANDEIRANTE (4)_2026.xlsx,mensal
Núcleo Bandeirante,08,2026,3. OUTROS CRIMES,OCORRENCIA,TENTATIVA DE LATROCÍNIO,0,0,0,0,0,0,0,0,0,0,0,0,0,08_NUCLEO BANDEIRANTE (4)_2026.xlsx,mensal
Núcleo Bandeirante,08,2026,4. PRODUTIVIDADE POLICIAL,OCORRENCIA,LOCALIZAÇÃO DE VEICULO FURTADO OU ROUBADO,14,4,0,1,0,1,2,4,2,0,0,0,0,08_NUCLEO BANDEIRANTE (4)_2026.xlsx,mensal
Núcleo Bandeirante,08,2026,4. PRODUTIVIDADE POLICIAL,OCORRENCIA,POSSE/PORTE DE ARMA,1,0,1,0,0,0,0,0,0,0,0,0,0,08_NUCLEO BANDEIRANTE (4)_2026.xlsx,mensal
Núcleo Bandeirante,08,2026,4. PRODUTIVIDADE POLICIAL,OCORRENCIA,TRÁFICO DE DROGAS,24,2,2,1,4,2,1,7,5,0,0,0,0,08_NUCLEO BANDEIRANTE (4)_2026.xlsx,mensal
Núcleo Bandeirante,08,2026,4. PRODUTIVIDADE POLICIAL,OCORRENCIA,USO E PORTE DE DROGAS,17,2,1,2,4,1,0,3,4,0,0,0,0,08_NUCLEO BANDEIRANTE (4)_2026.xlsx,mensal
Paranoá,07,2014,1. C.V.L.I. - CRIMES VIOLENTOS LETAIS INTENCIONAIS,OCORRENCIA,HOMICÍDIO,32,2,2,3,2,1,1,5,2,4,3,6,1,7_paranoa_1-2-2-2_agregado.xls,PPV (mensal)2014
Paranoá,07,2014,1. C.V.L.I. - CRIMES VIOLENTOS LETAIS INTENCIONAIS,OCORRENCIA,LATROCÍNIO,0,0,0,0,0,0,0,0,0,0,0,0,0,7_paranoa_1-2-2-2_agregado.xls,PPV (mensal)2014
Paranoá,07,2014,1. C.V.L.I. - CRIMES VIOLENTOS LETAIS INTENCIONAIS,OCORRENCIA,LESÃO CORPORAL SEG. DE MORTE,0,0,0,0,0,0,0,0,0,0,0,0,0,7_paranoa_1-2-2-2_agregado.xls,PPV (mensal)2014
Paranoá,07,2014,2. C.C.P. -                                                      CRIMES CONTRA O PATRIMÔNIO,OCORRENCIA,FURTO EM VEÍCULO,149,17,16,10,9,9,7,13,10,12,15,14,17,7_paranoa_1-2-2-2_agregado.xls,PPV (mensal)2014
Paranoá,07,2014,2. C.C.P. -                                                      CRIMES CONTRA O PATRIMÔNIO,OCORRENCIA,ROUBO A TRANSEUNTE,780,28,56,67,65,74,64,91,89,80,50,65,51,7_paranoa_1-2-2-2_agregado.xls,PPV (mensal)2014
Paranoá,07,2014,2. C.C.P. -                                                      CRIMES CONTRA O PATRIMÔNIO,OCORRENCIA,ROUBO DE VEÍCULO,103,5,9,12,13,17,10,4,2,9,9,5,8,7_paranoa_1-2-2-2_agregado.xls,PPV (mensal)2014
Paranoá,07,2014,2. C.C.P. -                                                      CRIMES CONTRA O PATRIMÔNIO,OCORRENCIA,ROUBO EM COLETIVO,23,1,1,0,0,0,4,4,3,4,4,2,0,7_paranoa_1-2-2-2_agregado.xls,PPV (mensal)2014
Paranoá,07,2014,2. C.C.P. -                                                      CRIMES CONTRA O PATRIMÔNIO,OCORRENCIA,ROUBO EM COMÉRCIO *,117,23,17,12,14,8,9,3,5,2,6,10,8,7_paranoa_1-2-2-2_agregado.xls,PPV (mensal)2014
Paranoá,07,2014,3. OUTROS CRIMES,OCORRENCIA,ESTUPRO,23,1,0,1,1,2,4,1,2,4,3,2,2,7_paranoa_1-2-2-2_agregado.xls,PPV (mensal)2014
Paranoá,07,2014,3. OUTROS CRIMES,OCORRENCIA,FURTO A TRANSEUNTE,84,1,5,7,5,9,5,11,9,9,6,10,7,7_paranoa_1-2-2-2_agregado.xls,PPV (mensal)2014
Paranoá,07,2014,3. OUTROS CRIMES,OCORRENCIA,ROUBO EM RESIDÊNCIA,11,2,1,0,2,1,0,1,1,0,1,0,2,7_paranoa_1-2-2-2_agregado.xls,PPV (mensal)2014
Paranoá,07,2014,3. OUTROS CRIMES,OCORRENCIA,TENTATIVA DE HOMICÍDIO,43,4,0,2,1,5,5,4,4,2,4,4,8,7_paranoa_1-2-2-2_agregado.xls,PPV (mensal)2014
Paranoá,07,2014,4. PRODUTIVIDADE POLICIAL,OCORRENCIA,LOCALIZAÇÃO DE VEICULO FURTADO OU ROUBADO,189,10,18,18,41,11,17,12,8,13,12,15,14,7_paranoa_1-2-2-2_agregado.xls,PPV (mensal)2014
Paranoá,07,2014,4. PRODUTIVIDADE POLICIAL,OCORRENCIA,POSSE/PORTE DE ARMA,60,1,7,8,10,4,6,2,3,2,3,9,5,7_paranoa_1-2-2-2_agregado.xls,PPV (mensal)2014
Paranoá,07,2014,4. PRODUTIVIDADE POLICIAL,OCORRENCIA,TRÁFICO DE DROGAS,35,2,1,4,2,2,3,3,7,1,4,3,3,7_paranoa_1-2-2-2_agregado.xls,PPV (mensal)2014
Paranoá,07,2014,4. PRODUTIVIDADE POLICIAL,OCORRENCIA,USO E PORTE DE DROGAS,96,6,4,11,3,8,10,4,9,12,14,4,11,7_paranoa_1-2-2-2_agregado.xls,PPV (mensal)2014
Paranoá,07,2015,1. C.V.L.I. - CRIMES VIOLENTOS LETAIS INTENCIONAIS,OCORRENCIA,HOMICÍDIO,24,2,2,3,1,0,1,5,2,2,0,4,2,7_paranoa_1-2-2-2_agregado.xls,PPV (mensal)2015
Paranoá,07,2015,1. C.V.L.I. - CRIMES VIOLENTOS LETAIS INTENCIONAIS,OCORRENCIA,LATROCÍNIO,1,0,0,0,0,0,0,1,0,0,0,0,0,7_paranoa_1-2-2-2_agregado.xls,PPV (mensal)2015
Paranoá,07,2015,1. C.V.L.I. - CRIMES VIOLENTOS LETAIS INTENCIONAIS,OCORRENCIA,LESÃO CORPORAL SEG. DE MORTE,0,0,0,0,0,0,0,0,0,0,0,0,0,7_paranoa_1-2-2-2_agregado.xls,PPV (mensal)2015
Paranoá,07,2015,2. C.C.P. -                                                      CRIMES CONTRA O PATRIMÔNIO,OCORRENCIA,FURTO EM VEÍCULO,164,15,10,15,9,12,12,11,15,4,23,16,22,7_paranoa_1-2-2-2_agregado.xls,PPV (mensal)2015
Paranoá,07,2015,2. C.C.P. -                                                      CRIMES CONTRA O PATRIMÔNIO,OCORRENCIA,ROUBO A TRANSEUNTE,900,64,71,85,84,72,69,90,87,47,76,69,86,7_paranoa_1-2-2-2_agregado.xls,PPV (mensal)2015
Paranoá,07,2015,2. C.C.P. -                                                      CRIMES CONTRA O PATRIMÔNIO,OCORRENCIA,ROUBO DE VEÍCULO,83,9,4,8,4,9,4,5,9,5,11,8,7,7_paranoa_1-2-2-2_agregado.xls,PPV (mensal)2015
Paranoá,07,2015,2. C.C.P. -                                                      CRIMES CONTRA O PATRIMÔNIO,OCORRENCIA,ROUBO EM COLETIVO,25,2,0,0,1,2,3,5,2,0,0,7,3,7_paranoa_1-2-2-2_agregado.xls,PPV (mensal)2015
Paranoá,07,2015,2. C.C.P. -                                                      CRIMES CONTRA O PATRIMÔNIO,OCORRENCIA,ROUBO EM COMÉRCIO *,97,28,10,15,6,4,2,8,0,2,5,10,7,7_paranoa_1-2-2-2_agregado.xls,PPV (mensal)2015
Paranoá,07,2015,3. OUTROS CRIMES,OCORRENCIA,ESTUPRO,18,2,1,3,0,3,1,4,0,0,3,0,1,7_paranoa_1-2-2-2_agregado.xls,PPV (mensal)2015
Paranoá,07,2015,3. OUTROS CRIMES,OCORRENCIA,FURTO A TRANSEUNTE,83,7,7,7,7,7,4,9,7,7,4,7,10,7_paranoa_1-2-2-2_agregado.xls,PPV (mensal)2015
Paranoá,07,2015,3. OUTROS CRIMES,OCORRENCIA,ROUBO EM RESIDÊNCIA,24,3,3,1,2,0,4,2,2,0,3,1,3,7_paranoa_1-2-2-2_agregado.xls,PPV (mensal)2015
Paranoá,07,2015,3. OUTROS CRIMES,OCORRENCIA,TENTATIVA DE HOMICÍDIO,45,3,9,7,1,4,3,4,1,4,3,3,3,7_paranoa_1-2-2-2_agregado.xls,PPV (mensal)2015
Paranoá,07,2015,4. PRODUTIVIDADE POLICIAL,OCORRENCIA,LOCALIZAÇÃO DE VEICULO FURTADO OU ROUBADO,215,20,9,20,19,13,15,17,37,16,17,18,14,7_paranoa_1-2-2-2_agregado.xls,PPV (mensal)2015
Paranoá,07,2015,4. PRODUTIVIDADE POLICIAL,OCORRENCIA,POSSE/PORTE DE ARMA,48,5,2,6,6,4,3,3,5,6,2,2,4,7_paranoa_1-2-2-2_agregado.xls,PPV (mensal)2015
Paranoá,07,2015,4. PRODUTIVIDADE POLICIAL,OCORRENCIA,TRÁFICO DE DROGAS,86,7,9,9,10,14,7,7,8,4,5,2,4,7_paranoa_1-2-2-2_agregado.xls,PPV (mensal)2015
Paranoá,07,2015,4. PRODUTIVIDADE POLICIAL,OCORRENCIA,USO E PORTE DE DROGAS,129,6,13,10,10,14,14,15,13,8,12,5,9,7_paranoa_1-2-2-2_agregado.xls,PPV (mensal)2015
Paranoá,07,2016,1. C.V.L.I. - CRIMES VIOLENTOS LETAIS INTENCIONAIS,OCORRENCIA,HOMICÍDIO,32,5,2,1,1,2,1,3,3,3,4,4,3,7_paranoa_1-2-2-2_agregado.xls,PPV(mensal)2016
Paranoá,07,2016,1. C.V.L.I. - CRIMES VIOLENTOS LETAIS INTENCIONAIS,OCORRENCIA,LATROCÍNIO,2,0,0,0,1,0,0,0,1,0,0,0,0,7_paranoa_1-2-2-2_agregado.xls,PPV(mensal)2016
Paranoá,07,2016,1. C.V.L.I. - CRIMES VIOLENTOS LETAIS INTENCIONAIS,OCORRENCIA,LESÃO CORPORAL SEG. DE MORTE,0,0,0,0,0,0,0,0,0,0,0,0,0,7_paranoa_1-2-2-2_agregado.xls,PPV(mensal)2016
Paranoá,07,2016,2. C.C.P. -                                                      CRIMES CONTRA O PATRIMÔNIO,OCORRENCIA,FURTO EM VEÍCULO,233,26,23,19,23,28,7,18,16,16,17,20,20,7_paranoa_1-2-2-2_agregado.xls,PPV(mensal)2016
Paranoá,07,2016,2. C.C.P. -                                                      CRIMES CONTRA O PATRIMÔNIO,OCORRENCIA,ROUBO A TRANSEUNTE,1324,64,67,137,106,115,128,120,103,122,106,120,136,7_paranoa_1-2-2-2_agregado.xls,PPV(mensal)2016
Paranoá,07,2016,2. C.C.P. -                                                      CRIMES CONTRA O PATRIMÔNIO,OCORRENCIA,ROUBO DE VEÍCULO,114,8,5,11,10,9,8,16,9,6,13,11,8,7_paranoa_1-2-2-2_agregado.xls,PPV(mensal)2016
Paranoá,07,2016,2. C.C.P. -                                                      CRIMES CONTRA O PATRIMÔNIO,OCORRENCIA,ROUBO EM COLETIVO,16,0,1,0,1,3,1,2,0,0,0,3,5,7_paranoa_1-2-2-2_agregado.xls,PPV(mensal)2016
Paranoá,07,2016,2. C.C.P. -                                                      CRIMES CONTRA O PATRIMÔNIO,OCORRENCIA,ROUBO EM COMÉRCIO *,89,3,7,13,6,5,6,10,9,7,7,8,8,7_paranoa_1-2-2-2_agregado.xls,PPV(mensal)2016
Paranoá,07,2016,2. C.C.P. -                                                      CRIMES CONTRA O PATRIMÔNIO,OCORRENCIA,ROUBO EM RESIDÊNCIA,23,4,2,2,0,1,3,2,1,3,4,0,1,7_paranoa_1-2-2-2_agregado.xls,PPV(mensal)2016
Paranoá,07,2016,3. OUTROS CRIMES,OCORRENCIA,ESTUPRO,14,0,2,0,2,1,1,2,0,1,2,0,3,7_paranoa_1-2-2-2_agregado.xls,PPV(mensal)2016
Paranoá,07,2016,3. OUTROS CRIMES,OCORRENCIA,FURTO A TRANSEUNTE,103,7,5,5,8,5,4,13,14,11,6,15,10,7_paranoa_1-2-2-2_agregado.xls,PPV(mensal)2016
Paranoá,07,2016,3. OUTROS CRIMES,OCORRENCIA,TENTATIVA DE HOMICÍDIO,34,4,1,5,1,3,3,5,1,3,2,2,4,7_paranoa_1-2-2-2_agregado.xls,PPV(mensal)2016
Paranoá,07,2016,3. OUTROS CRIMES,OCORRENCIA,TENTATIVA DE LATROCÍNIO,19,2,2,2,0,0,2,3,4,1,0,2,1,7_paranoa_1-2-2-2_agregado.xls,PPV(mensal)2016
Paranoá,07,2016,4. PRODUTIVIDADE POLICIAL,OCORRENCIA,LOCALIZAÇÃO DE VEICULO FURTADO OU ROUBADO,197,10,18,18,14,16,20,26,18,14,17,14,12,7_paranoa_1-2-2-2_agregado.xls,PPV(mensal)2016
Paranoá,07,2016,4. PRODUTIVIDADE POLICIAL,OCORRENCIA,POSSE/PORTE DE ARMA,70,1,7,5,7,4,5,6,3,9,6,8,9,7_paranoa_1-2-2-2_agregado.xls,PPV(mensal)2016
Paranoá,07,2016,4. PRODUTIVIDADE POLICIAL,OCORRENCIA,TRÁFICO DE DROGAS,44,4,4,4,0,6,10,2,1,2,2,3,6,7_paranoa_1-2-2-2_agregado.xls,PPV(mensal)2016
Paranoá,07,2016,4. PRODUTIVIDADE POLICIAL,OCORRENCIA,USO E PORTE DE DROGAS,142,12,14,12,8,20,17,17,5,11,8,7,11,7_paranoa_1-2-2-2_agregado.xls,PPV(mensal)2016
Paranoá,07,2017,1. C.V.L.I. - CRIMES VIOLENTOS LETAIS INTENCIONAIS,OCORRENCIA,HOMICÍDIO,11,1,1,1,2,2,0,1,0,0,0,0,3,7_paranoa_1-2-2-2_agregado.xls,PPV(mensal)2017
Paranoá,07,2017,1. C.V.L.I. - CRIMES VIOLENTOS LETAIS INTENCIONAIS,OCORRENCIA,LATROCÍNIO,1,0,0,1,0,0,0,0,0,0,0,0,0,7_paranoa_1-2-2-2_agregado.xls,PPV(mensal)2017
Paranoá,07,2017,1. C.V.L.I. - CRIMES VIOLENTOS LETAIS INTENCIONAIS,OCORRENCIA,LESÃO CORPORAL SEG. DE MORTE,0,0,0,0,0,0,0,0,0,0,0,0,0,7_paranoa_1-2-2-2_agregado.xls,PPV(mensal)2017
Paranoá,07,2017,2. C.C.P. -                                                      CRIMES CONTRA O PATRIMÔNIO,OCORRENCIA,FURTO EM VEÍCULO,196,20,13,27,19,17,22,12,13,15,15,10,13,7_paranoa_1-2-2-2_agregado.xls,PPV(mensal)2017
Paranoá,07,2017,2. C.C.P. -                                                      CRIMES CONTRA O PATRIMÔNIO,OCORRENCIA,ROUBO A TRANSEUNTE,1345,99,111,140,118,121,130,104,105,116,106,107,88,7_paranoa_1-2-2-2_agregado.xls,PPV(mensal)2017
Paranoá,07,2017,2. C.C.P. -                                                      CRIMES CONTRA O PATRIMÔNIO,OCORRENCIA,ROUBO DE VEÍCULO,74,4,5,10,3,9,5,7,16,3,5,1,6,7_paranoa_1-2-2-2_agregado.xls,PPV(mensal)2017
Paranoá,07,2017,2. C.C.P. -                                                      CRIMES CONTRA O PATRIMÔNIO,OCORRENCIA,ROUBO EM COLETIVO,31,1,1,5,1,5,4,3,2,2,4,3,0,7_paranoa_1-2-2-2_agregado.xls,PPV(mensal)2017
Paranoá,07,2017,2. C.C.P. -                                                      CRIMES CONTRA O PATRIMÔNIO,OCORRENCIA,ROUBO EM COMÉRCIO *,52,2,4,4,4,2,5,6,6,5,7,6,1,7_paranoa_1-2-2-2_agregado.xls,PPV(mensal)2017
Paranoá,07,2017,2. C.C.P. -                                                      CRIMES CONTRA O PATRIMÔNIO,OCORRENCIA,ROUBO EM RESIDÊNCIA,17,1,2,2,0,1,0,1,4,1,0,2,3,7_paranoa_1-2-2-2_agregado.xls,PPV(mensal)2017
Paranoá,07,2017,3. OUTROS CRIMES,OCORRENCIA,ESTUPRO,31,0,1,2,2,3,2,5,2,5,2,4,3,7_paranoa_1-2-2-2_agregado.xls,PPV(mensal)2017
Paranoá,07,2017,3. OUTROS CRIMES,OCORRENCIA,FURTO A TRANSEUNTE,89,13,8,5,6,7,5,11,8,8,4,7,7,7_paranoa_1-2-2-2_agregado.xls,PPV(mensal)2017
Paranoá,07,2017,3. OUTROS CRIMES,OCORRENCIA,TENTATIVA DE HOMICÍDIO,29,1,1,3,1,2,0,8,2,2,3,2,4,7_paranoa_1-2-2-2_agregado.xls,PPV(mensal)2017
Paranoá,07,2017,3. OUTROS CRIMES,OCORRENCIA,TENTATIVA DE LATROCÍNIO,9,1,1,1,0,0,0,0,0,1,4,1,0,7_paranoa_1-2-2-2_agregado.xls,PPV(mensal)2017
Paranoá,07,2017,4. PRODUTIVIDADE POLICIAL,OCORRENCIA,LOCALIZAÇÃO DE VEICULO FURTADO OU ROUBADO,158,11,9,17,6,16,13,18,23,15,12,8,10,7_paranoa_1-2-2-2_agregado.xls,PPV(mensal)2017
Paranoá,07,2017,4. PRODUTIVIDADE POLICIAL,OCORRENCIA,POSSE/PORTE DE ARMA,69,11,4,4,8,6,6,2,5,8,6,3,6,7_paranoa_1-2-2-2_agregado.xls,PPV(mensal)2017
Paranoá,07,2017,4. PRODUTIVIDADE POLICIAL,OCORRENCIA,TRÁFICO DE DROGAS,88,6,4,5,5,6,13,8,9,6,13,7,6,7_paranoa_1-2-2-2_agregado.xls,PPV(mensal)2017
Paranoá,07,2017,4. PRODUTIVIDADE POLICIAL,OCORRENCIA,USO E PORTE DE DROGAS,132,8,14,4,10,10,11,11,13,9,17,12,13,7_paranoa_1-2-2-2_agregado.xls,PPV(mensal)2017
Paranoá,07,2018,1. C.V.L.I. - CRIMES VIOLENTOS LETAIS INTENCIONAIS,OCORRENCIA,HOMICÍDIO,11,3,1,1,0,1,2,1,1,0,0,1,0,7_paranoa_1-2-2-2_agregado.xls,PPV(mensal)2018
Paranoá,07,2018,1. C.V.L.I. - CRIMES VIOLENTOS LETAIS INTENCIONAIS,OCORRENCIA,LATROCÍNIO,1,0,0,0,1,0,0,0,0,0,0,0,0,7_paranoa_1-2-2-2_agregado.xls,PPV(mensal)2018
Paranoá,07,2018,1. C.V.L.I. - CRIMES VIOLENTOS LETAIS INTENCIONAIS,OCORRENCIA,LESÃO CORPORAL SEG. DE MORTE,0,0,0,0,0,0,0,0,0,0,0,0,0,7_paranoa_1-2-2-2_agregado.xls,PPV(mensal)2018
Paranoá,07,2018,2. C.C.P. -                                                      CRIMES CONTRA O PATRIMÔNIO,OCORRENCIA,FURTO EM VEÍCULO,168,19,12,19,17,16,12,6,14,26,13,5,9,7_paranoa_1-2-2-2_agregado.xls,PPV(mensal)2018
Paranoá,07,2018,2. C.C.P. -                                                      CRIMES CONTRA O PATRIMÔNIO,OCORRENCIA,ROUBO A TRANSEUNTE,1006,78,86,98,108,109,88,81,69,51,99,78,61,7_paranoa_1-2-2-2_agregado.xls,PPV(mensal)2018
Paranoá,07,2018,2. C.C.P. -                                                      CRIMES CONTRA O PATRIMÔNIO,OCORRENCIA,ROUBO DE VEÍCULO,64,8,5,3,7,9,7,3,4,3,5,5,5,7_paranoa_1-2-2-2_agregado.xls,PPV(mensal)2018
Paranoá,07,2018,2. C.C.P. -                                                      CRIMES CONTRA O PATRIMÔNIO,OCORRENCIA,ROUBO EM COLETIVO,12,0,4,0,0,3,1,0,1,2,1,0,0,7_paranoa_1-2-2-2_agregado.xls,PPV(mensal)2018
Paranoá,07,2018,2. C.C.P. -                                                      CRIMES CONTRA O PATRIMÔNIO,OCORRENCIA,ROUBO EM COMÉRCIO *,53,1,7,2,4,5,1,1,8,6,4,5,9,7_paranoa_1-2-2-2_agregado.xls,PPV(mensal)2018
Paranoá,07,2018,2. C.C.P. -                                                      CRIMES CONTRA O PATRIMÔNIO,OCORRENCIA,ROUBO EM RESIDÊNCIA,19,1,1,1,3,1,3,1,2,0,1,3,2,7_paranoa_1-2-2-2_agregado.xls,PPV(mensal)2018
Paranoá,07,2018,3. OUTROS CRIMES,OCORRENCIA,ESTUPRO,31,1,3,5,4,1,0,3,3,4,2,2,3,7_paranoa_1-2-2-2_agregado.xls,PPV(mensal)2018
Paranoá,07,2018,3. OUTROS CRIMES,OCORRENCIA,FURTO A TRANSEUNTE,79,4,5,8,9,2,6,6,10,3,10,9,7,7_paranoa_1-2-2-2_agregado.xls,PPV(mensal)2018
Paranoá,07,2018,3. OUTROS CRIMES,OCORRENCIA,TENTATIVA DE HOMICÍDIO,39,4,6,7,1,2,1,2,3,3,4,4,2,7_paranoa_1-2-2-2_agregado.xls,PPV(mensal)2018
Paranoá,07,2018,3. OUTROS CRIMES,OCORRENCIA,TENTATIVA DE LATROCÍNIO,9,2,0,2,0,1,0,0,1,0,0,3,0,7_paranoa_1-2-2-2_agregado.xls,PPV(mensal)2018
Paranoá,07,2018,4. PRODUTIVIDADE POLICIAL,OCORRENCIA,LOCALIZAÇÃO DE VEICULO FURTADO OU ROUBADO,130,12,14,14,12,19,6,6,11,6,12,13,5,7_paranoa_1-2-2-2_agregado.xls,PPV(mensal)2018
Paranoá,07,2018,4. PRODUTIVIDADE POLICIAL,OCORRENCIA,POSSE/PORTE DE ARMA,58,2,6,4,5,5,7,2,3,4,6,6,8,7_paranoa_1-2-2-2_agregado.xls,PPV(mensal)2018
Paranoá,07,2018,4. PRODUTIVIDADE POLICIAL,OCORRENCIA,TRÁFICO DE DROGAS,70,6,3,6,5,10,5,2,7,9,7,6,4,7_paranoa_1-2-2-2_agregado.xls,PPV(mensal)2018
Paranoá,07,2018,4. PRODUTIVIDADE POLICIAL,OCORRENCIA,USO E PORTE DE DROGAS,125,12,7,12,11,9,11,10,16,11,9,11,6,7_paranoa_1-2-2-2_agregado.xls,PPV(mensal)2018
Paranoá,07,2026,1. C.V.L.I. - CRIMES VIOLENTOS LETAIS INTENCIONAIS,OCORRENCIA,HOMICÍDIO,1,0,0,0,0,0,0,0,1,0,0,0,0,07_PARANOA (4)_2026.xlsx,mensal
Paranoá,07,2026,1. C.V.L.I. - CRIMES VIOLENTOS LETAIS INTENCIONAIS,OCORRENCIA,LATROCÍNIO,0,0,0,0,0,0,0,0,0,0,0,0,0,07_PARANOA (4)_2026.xlsx,mensal
Paranoá,07,2026,1. C.V.L.I. - CRIMES VIOLENTOS LETAIS INTENCIONAIS,OCORRENCIA,LESÃO CORPORAL SEG. DE MORTE,1,0,0,0,0,0,1,0,0,0,0,0,0,07_PARANOA (4)_2026.xlsx,mensal
Paranoá,07,2026,2. C.C.P. -                                                      CRIMES CONTRA O PATRIMÔNIO,OCORRENCIA,FURTO EM VEÍCULO,15,0,4,1,0,5,3,0,2,0,0,0,0,07_PARANOA (4)_2026.xlsx,mensal
Paranoá,07,2026,2. C.C.P. -                                                      CRIMES CONTRA O PATRIMÔNIO,OCORRENCIA,ROUBO A TRANSEUNTE,152,16,20,15,14,17,23,27,20,0,0,0,0,07_PARANOA (4)_2026.xlsx,mensal
Paranoá,07,2026,2. C.C.P. -                                                      CRIMES CONTRA O PATRIMÔNIO,OCORRENCIA,ROUBO DE VEÍCULO,2,0,1,0,0,0,0,1,0,0,0,0,0,07_PARANOA (4)_2026.xlsx,mensal
Paranoá,07,2026,2. C.C.P. -                                                      CRIMES CONTRA O PATRIMÔNIO,OCORRENCIA,ROUBO EM COLETIVO,1,0,0,0,0,0,1,0,0,0,0,0,0,07_PARANOA (4)_2026.xlsx,mensal
Paranoá,07,2026,2. C.C.P. -                                                      CRIMES CONTRA O PATRIMÔNIO,OCORRENCIA,ROUBO EM COMÉRCIO *,3,0,0,0,1,0,1,1,0,0,0,0,0,07_PARANOA (4)_2026.xlsx,mensal
Paranoá,07,2026,2. C.C.P. -                                                      CRIMES CONTRA O PATRIMÔNIO,OCORRENCIA,ROUBO EM RESIDÊNCIA,1,0,0,0,1,0,0,0,0,0,0,0,0,07_PARANOA (4)_2026.xlsx,mensal
Paranoá,07,2026,3. OUTROS CRIMES,OCORRENCIA,ESTUPRO,4,0,0,1,1,1,1,0,0,0,0,0,0,07_PARANOA (4)_2026.xlsx,mensal
Paranoá,07,2026,3. OUTROS CRIMES,OCORRENCIA,ESTUPRO DE VULNERÁVEL,24,1,1,4,5,5,1,3,4,0,0,0,0,07_PARANOA (4)_2026.xlsx,mensal
Paranoá,07,2026,3. OUTROS CRIMES,OCORRENCIA,TENTATIVA DE HOMICÍDIO,12,2,0,1,3,3,0,2,1,0,0,0,0,07_PARANOA (4)_2026.xlsx,mensal
Paranoá,07,2026,3. OUTROS CRIMES,OCORRENCIA,TENTATIVA DE LATROCÍNIO,2,0,1,0,0,0,0,1,0,0,0,0,0,07_PARANOA (4)_2026.xlsx,mensal
Paranoá,07,2026,4. PRODUTIVIDADE POLICIAL,OCORRENCIA,LOCALIZAÇÃO DE VEICULO FURTADO OU ROUBADO,34,1,3,2,4,9,7,1,7,0,0,0,0,07_PARANOA (4)_2026.xlsx,mensal
Paranoá,07,2026,4. PRODUTIVIDADE POLICIAL,OCORRENCIA,POSSE/PORTE DE ARMA,31,2,5,5,2,6,5,4,2,0,0,0,0,07_PARANOA (4)_2026.xlsx,mensal
Paranoá,07,2026,4. PRODUTIVIDADE POLICIAL,OCORRENCIA,TRÁFICO DE DROGAS,107,27,8,9,8,13,9,14,19,0,0,0,0,07_PARANOA (4)_2026.xlsx,mensal
Paranoá,07,2026,4. PRODUTIVIDADE POLICIAL,OCORRENCIA,USO E PORTE DE DROGAS,47,6,4,6,5,4,3,7,12,0,0,0,0,07_PARANOA (4)_2026.xlsx,mensal
Park Way,24,2026,1. C.V.L.I. - CRIMES VIOLENTOS LETAIS INTENCIONAIS,OCORRENCIA,HOMICÍDIO,0,0,0,0,0,0,0,0,0,0,0,0,0,24_PARK WAY (4)_2026.xlsx,mensal
Park Way,24,2026,1. C.V.L.I. - CRIMES VIOLENTOS LETAIS INTENCIONAIS,OCORRENCIA,LATROCÍNIO,0,0,0,0,0,0,0,0,0,0,0,0,0,24_PARK WAY (4)_2026.xlsx,mensal
Park Way,24,2026,1. C.V.L.I. - CRIMES VIOLENTOS LETAIS INTENCIONAIS,OCORRENCIA,LESÃO CORPORAL SEG. DE MORTE,0,0,0,0,0,0,0,0,0,0,0,0,0,24_PARK WAY (4)_2026.xlsx,mensal
Park Way,24,2026,2. C.C.P. -                                                      CRIMES CONTRA O PATRIMÔNIO,OCORRENCIA,FURTO EM VEÍCULO,5,1,1,0,1,0,0,2,0,0,0,0,0,24_PARK WAY (4)_2026.xlsx,mensal
Park Way,24,2026,2. C.C.P. -                                                      CRIMES CONTRA O PATRIMÔNIO,OCORRENCIA,ROUBO A TRANSEUNTE,6,0,0,1,1,2,1,0,1,0,0,0,0,24_PARK WAY (4)_2026.xlsx,mensal
Park Way,24,2026,2. C.C.P. -                                                      CRIMES CONTRA O PATRIMÔNIO,OCORRENCIA,ROUBO DE VEÍCULO,1,0,0,0,0,1,0,0,0,0,0,0,0,24_PARK WAY (4)_2026.xlsx,mensal
Park Way,24,2026,2. C.C.P. -                                                      CRIMES CONTRA O PATRIMÔNIO,OCORRENCIA,ROUBO EM COLETIVO,0,0,0,0,0,0,0,0,0,0,0,0,0,24_PARK WAY (4)_2026.xlsx,mensal
Park Way,24,2026,2. C.C.P. -                                                      CRIMES CONTRA O PATRIMÔNIO,OCORRENCIA,ROUBO EM COMÉRCIO *,1,0,0,0,0,0,1,0,0,0,0,0,0,24_PARK WAY (4)_2026.xlsx,mensal
Park Way,24,2026,2. C.C.P. -                                                      CRIMES CONTRA O PATRIMÔNIO,OCORRENCIA,ROUBO EM RESIDÊNCIA,1,0,0,0,0,1,0,0,0,0,0,0,0,24_PARK WAY (4)_2026.xlsx,mensal
Park Way,24,2026,3. OUTROS CRIMES,OCORRENCIA,ESTUPRO,2,1,0,0,0,0,0,1,0,0,0,0,0,24_PARK WAY (4)_2026.xlsx,mensal
Park Way,24,2026,3. OUTROS CRIMES,OCORRENCIA,ESTUPRO DE VULNERÁVEL,4,1,0,0,1,0,0,1,1,0,0,0,0,24_PARK WAY (4)_2026.xlsx,mensal
Park Way,24,2026,3. OUTROS CRIMES,OCORRENCIA,TENTATIVA DE HOMICÍDIO,0,0,0,0,0,0,0,0,0,0,0,0,0,24_PARK WAY (4)_2026.xlsx,mensal
Park Way,24,2026,3. OUTROS CRIMES,OCORRENCIA,TENTATIVA DE LATROCÍNIO,0,0,0,0,0,0,0,0,0,0,0,0,0,24_PARK WAY (4)_2026.xlsx,mensal
Park Way,24,2026,4. PRODUTIVIDADE POLICIAL,OCORRENCIA,LOCALIZAÇÃO DE VEICULO FURTADO OU ROUBADO,16,4,2,0,2,1,2,1,4,0,0,0,0,24_PARK WAY (4)_2026.xlsx,mensal
Park Way,24,2026,4. PRODUTIVIDADE POLICIAL,OCORRENCIA,POSSE/PORTE DE ARMA,3,1,0,0,0,1,0,0,1,0,0,0,0,24_PARK WAY (4)_2026.xlsx,mensal
Park Way,24,2026,4. PRODUTIVIDADE POLICIAL,OCORRENCIA,TRÁFICO DE DROGAS,7,2,1,2,0,2,0,0,0,0,0,0,0,24_PARK WAY (4)_2026.xlsx,mensal
Park Way,24,2026,4. PRODUTIVIDADE POLICIAL,OCORRENCIA,USO E PORTE DE DROGAS,4,0,1,0,0,1,0,2,0,0,0,0,0,24_PARK WAY (4)_2026.xlsx,mensal
Planaltina,06,2014,1. C.V.L.I. - CRIMES VIOLENTOS LETAIS INTENCIONAIS,OCORRENCIA,HOMICÍDIO,62,12,4,8,6,2,4,11,3,4,2,5,1,6_planaltina_1-2-1-2_agregado.xls,PPV (mensal)2014
Planaltina,06,2014,1. C.V.L.I. - CRIMES VIOLENTOS LETAIS INTENCIONAIS,OCORRENCIA,LATROCÍNIO,5,1,1,0,1,2,0,0,0,0,0,0,0,6_planaltina_1-2-1-2_agregado.xls,PPV (mensal)2014
Planaltina,06,2014,1. C.V.L.I. - CRIMES VIOLENTOS LETAIS INTENCIONAIS,OCORRENCIA,LESÃO CORPORAL SEG. DE MORTE,0,0,0,0,0,0,0,0,0,0,0,0,0,6_planaltina_1-2-1-2_agregado.xls,PPV (mensal)2014
Planaltina,06,2014,2. C.C.P. -                                                      CRIMES CONTRA O PATRIMÔNIO,OCORRENCIA,FURTO EM VEÍCULO,250,14,23,34,17,26,30,18,19,25,12,11,21,6_planaltina_1-2-1-2_agregado.xls,PPV (mensal)2014
Planaltina,06,2014,2. C.C.P. -                                                      CRIMES CONTRA O PATRIMÔNIO,OCORRENCIA,ROUBO A TRANSEUNTE,1955,125,166,166,163,160,138,172,223,196,165,140,141,6_planaltina_1-2-1-2_agregado.xls,PPV (mensal)2014
Planaltina,06,2014,2. C.C.P. -                                                      CRIMES CONTRA O PATRIMÔNIO,OCORRENCIA,ROUBO DE VEÍCULO,223,24,18,14,20,19,12,22,16,21,19,22,16,6_planaltina_1-2-1-2_agregado.xls,PPV (mensal)2014
Planaltina,06,2014,2. C.C.P. -                                                      CRIMES CONTRA O PATRIMÔNIO,OCORRENCIA,ROUBO EM COLETIVO,186,17,19,10,14,13,23,23,16,9,11,18,13,6_planaltina_1-2-1-2_agregado.xls,PPV (mensal)2014
Planaltina,06,2014,2. C.C.P. -                                                      CRIMES CONTRA O PATRIMÔNIO,OCORRENCIA,ROUBO EM COMÉRCIO *,230,37,20,12,23,11,22,25,15,14,23,19,9,6_planaltina_1-2-1-2_agregado.xls,PPV (mensal)2014
Planaltina,06,2014,3. OUTROS CRIMES,OCORRENCIA,ESTUPRO,72,6,1,8,12,4,6,7,2,11,5,7,3,6_planaltina_1-2-1-2_agregado.xls,PPV (mensal)2014
Planaltina,06,2014,3. OUTROS CRIMES,OCORRENCIA,FURTO A TRANSEUNTE,165,12,8,8,19,10,15,15,25,17,12,12,12,6_planaltina_1-2-1-2_agregado.xls,PPV (mensal)2014
Planaltina,06,2014,3. OUTROS CRIMES,OCORRENCIA,ROUBO EM RESIDÊNCIA,40,7,2,4,1,2,7,0,2,5,5,4,1,6_planaltina_1-2-1-2_agregado.xls,PPV (mensal)2014
Planaltina,06,2014,3. OUTROS CRIMES,OCORRENCIA,TENTATIVA DE HOMICÍDIO,142,17,17,14,6,6,5,20,13,11,10,11,12,6_planaltina_1-2-1-2_agregado.xls,PPV (mensal)2014
Planaltina,06,2014,4. PRODUTIVIDADE POLICIAL,OCORRENCIA,LOCALIZAÇÃO DE VEICULO FURTADO OU ROUBADO,415,45,33,32,47,31,30,27,28,32,34,47,29,6_planaltina_1-2-1-2_agregado.xls,PPV (mensal)2014
Planaltina,06,2014,4. PRODUTIVIDADE POLICIAL,OCORRENCIA,POSSE/PORTE DE ARMA,169,16,14,17,12,12,9,18,13,13,17,19,9,6_planaltina_1-2-1-2_agregado.xls,PPV (mensal)2014
Planaltina,06,2014,4. PRODUTIVIDADE POLICIAL,OCORRENCIA,TRÁFICO DE DROGAS,150,11,13,13,11,16,11,9,10,19,15,14,8,6_planaltina_1-2-1-2_agregado.xls,PPV (mensal)2014
Planaltina,06,2014,4. PRODUTIVIDADE POLICIAL,OCORRENCIA,USO E PORTE DE DROGAS,290,14,20,19,18,16,19,19,36,43,35,22,29,6_planaltina_1-2-1-2_agregado.xls,PPV (mensal)2014
Planaltina,06,2015,1. C.V.L.I. - CRIMES VIOLENTOS LETAIS INTENCIONAIS,OCORRENCIA,HOMICÍDIO,56,4,4,2,5,2,9,6,4,4,8,1,7,6_planaltina_1-2-1-2_agregado.xls,PPV (mensal)2015
Planaltina,06,2015,1. C.V.L.I. - CRIMES VIOLENTOS LETAIS INTENCIONAIS,OCORRENCIA,LATROCÍNIO,4,1,0,1,0,0,0,0,0,2,0,0,0,6_planaltina_1-2-1-2_agregado.xls,PPV (mensal)2015
Planaltina,06,2015,1. C.V.L.I. - CRIMES VIOLENTOS LETAIS INTENCIONAIS,OCORRENCIA,LESÃO CORPORAL SEG. DE MORTE,2,1,0,0,0,0,1,0,0,0,0,0,0,6_planaltina_1-2-1-2_agregado.xls,PPV (mensal)2015
Planaltina,06,2015,2. C.C.P. -                                                      CRIMES CONTRA O PATRIMÔNIO,OCORRENCIA,FURTO EM VEÍCULO,277,26,17,17,33,26,21,30,28,5,25,18,31,6_planaltina_1-2-1-2_agregado.xls,PPV (mensal)2015
Planaltina,06,2015,2. C.C.P. -                                                      CRIMES CONTRA O PATRIMÔNIO,OCORRENCIA,ROUBO A TRANSEUNTE,1969,226,153,187,221,185,149,157,141,82,149,156,163,6_planaltina_1-2-1-2_agregado.xls,PPV (mensal)2015
Planaltina,06,2015,2. C.C.P. -                                                      CRIMES CONTRA O PATRIMÔNIO,OCORRENCIA,ROUBO DE VEÍCULO,232,24,19,15,12,25,23,17,16,15,17,23,26,6_planaltina_1-2-1-2_agregado.xls,PPV (mensal)2015
Planaltina,06,2015,2. C.C.P. -                                                      CRIMES CONTRA O PATRIMÔNIO,OCORRENCIA,ROUBO EM COLETIVO,149,8,3,16,18,8,13,9,14,14,22,14,10,6_planaltina_1-2-1-2_agregado.xls,PPV (mensal)2015
Planaltina,06,2015,2. C.C.P. -                                                      CRIMES CONTRA O PATRIMÔNIO,OCORRENCIA,ROUBO EM COMÉRCIO *,130,22,8,15,5,7,7,14,6,5,13,11,17,6_planaltina_1-2-1-2_agregado.xls,PPV (mensal)2015
Planaltina,06,2015,3. OUTROS CRIMES,OCORRENCIA,ESTUPRO,61,3,7,4,2,7,3,4,3,8,8,5,7,6_planaltina_1-2-1-2_agregado.xls,PPV (mensal)2015
Planaltina,06,2015,3. OUTROS CRIMES,OCORRENCIA,FURTO A TRANSEUNTE,133,8,13,14,11,12,14,9,13,7,11,13,8,6_planaltina_1-2-1-2_agregado.xls,PPV (mensal)2015
Planaltina,06,2015,3. OUTROS CRIMES,OCORRENCIA,ROUBO EM RESIDÊNCIA,50,4,6,4,2,2,3,3,6,2,8,3,7,6_planaltina_1-2-1-2_agregado.xls,PPV (mensal)2015
Planaltina,06,2015,3. OUTROS CRIMES,OCORRENCIA,TENTATIVA DE HOMICÍDIO,110,17,4,14,8,6,5,11,7,4,16,9,9,6_planaltina_1-2-1-2_agregado.xls,PPV (mensal)2015
Planaltina,06,2015,4. PRODUTIVIDADE POLICIAL,OCORRENCIA,LOCALIZAÇÃO DE VEICULO FURTADO OU ROUBADO,462,43,31,41,23,48,36,51,42,23,40,39,45,6_planaltina_1-2-1-2_agregado.xls,PPV (mensal)2015
Planaltina,06,2015,4. PRODUTIVIDADE POLICIAL,OCORRENCIA,POSSE/PORTE DE ARMA,197,15,19,25,20,21,20,9,18,14,11,15,10,6_planaltina_1-2-1-2_agregado.xls,PPV (mensal)2015
Planaltina,06,2015,4. PRODUTIVIDADE POLICIAL,OCORRENCIA,TRÁFICO DE DROGAS,171,19,11,19,18,14,19,10,13,10,20,5,13,6_planaltina_1-2-1-2_agregado.xls,PPV (mensal)2015
Planaltina,06,2015,4. PRODUTIVIDADE POLICIAL,OCORRENCIA,USO E PORTE DE DROGAS,439,21,35,40,36,29,33,32,45,36,44,37,51,6_planaltina_1-2-1-2_agregado.xls,PPV (mensal)2015
Planaltina,06,2016,1. C.V.L.I. - CRIMES VIOLENTOS LETAIS INTENCIONAIS,OCORRENCIA,HOMICÍDIO,63,11,3,5,5,4,4,1,6,8,5,4,7,6_planaltina_1-2-1-2_agregado.xls,PPV(mensal) 2016
Planaltina,06,2016,1. C.V.L.I. - CRIMES VIOLENTOS LETAIS INTENCIONAIS,OCORRENCIA,LATROCÍNIO,1,0,0,0,0,0,0,0,0,0,1,0,0,6_planaltina_1-2-1-2_agregado.xls,PPV(mensal) 2016
Planaltina,06,2016,1. C.V.L.I. - CRIMES VIOLENTOS LETAIS INTENCIONAIS,OCORRENCIA,LESÃO CORPORAL SEG. DE MORTE,1,0,0,0,1,0,0,0,0,0,0,0,0,6_planaltina_1-2-1-2_agregado.xls,PPV(mensal) 2016
Planaltina,06,2016,2. C.C.P. -                                                      CRIMES CONTRA O PATRIMÔNIO,OCORRENCIA,FURTO EM VEÍCULO,327,25,22,31,28,37,28,23,26,33,24,22,28,6_planaltina_1-2-1-2_agregado.xls,PPV(mensal) 2016
Planaltina,06,2016,2. C.C.P. -                                                      CRIMES CONTRA O PATRIMÔNIO,OCORRENCIA,ROUBO A TRANSEUNTE,2622,239,191,274,249,215,196,151,206,181,223,236,261,6_planaltina_1-2-1-2_agregado.xls,PPV(mensal) 2016
Planaltina,06,2016,2. C.C.P. -                                                      CRIMES CONTRA O PATRIMÔNIO,OCORRENCIA,ROUBO DE VEÍCULO,273,20,22,19,22,16,17,18,31,34,27,26,21,6_planaltina_1-2-1-2_agregado.xls,PPV(mensal) 2016
Planaltina,06,2016,2. C.C.P. -                                                      CRIMES CONTRA O PATRIMÔNIO,OCORRENCIA,ROUBO EM COLETIVO,227,21,21,18,29,16,9,18,18,16,22,14,25,6_planaltina_1-2-1-2_agregado.xls,PPV(mensal) 2016
Planaltina,06,2016,2. C.C.P. -                                                      CRIMES CONTRA O PATRIMÔNIO,OCORRENCIA,ROUBO EM COMÉRCIO *,158,19,7,19,12,14,13,10,9,11,17,14,13,6_planaltina_1-2-1-2_agregado.xls,PPV(mensal) 2016
Planaltina,06,2016,2. C.C.P. -                                                      CRIMES CONTRA O PATRIMÔNIO,OCORRENCIA,ROUBO EM RESIDÊNCIA,85,6,3,7,7,11,4,10,8,7,7,9,6,6_planaltina_1-2-1-2_agregado.xls,PPV(mensal) 2016
Planaltina,06,2016,3. OUTROS CRIMES,OCORRENCIA,ESTUPRO,58,2,3,7,5,5,3,8,4,8,3,2,8,6_planaltina_1-2-1-2_agregado.xls,PPV(mensal) 2016
Planaltina,06,2016,3. OUTROS CRIMES,OCORRENCIA,FURTO A TRANSEUNTE,169,16,9,16,10,14,10,15,17,16,13,14,19,6_planaltina_1-2-1-2_agregado.xls,PPV(mensal) 2016
Planaltina,06,2016,3. OUTROS CRIMES,OCORRENCIA,TENTATIVA DE HOMICÍDIO,119,12,6,14,16,5,7,3,7,6,13,16,14,6_planaltina_1-2-1-2_agregado.xls,PPV(mensal) 2016
Planaltina,06,2016,3. OUTROS CRIMES,OCORRENCIA,TENTATIVA DE LATROCÍNIO,16,1,1,1,0,1,0,1,0,1,4,4,2,6_planaltina_1-2-1-2_agregado.xls,PPV(mensal) 2016
Planaltina,06,2016,4. PRODUTIVIDADE POLICIAL,OCORRENCIA,LOCALIZAÇÃO DE VEICULO FURTADO OU ROUBADO,609,48,41,41,44,70,48,42,59,54,43,54,65,6_planaltina_1-2-1-2_agregado.xls,PPV(mensal) 2016
Planaltina,06,2016,4. PRODUTIVIDADE POLICIAL,OCORRENCIA,POSSE/PORTE DE ARMA,180,16,22,15,19,20,14,12,7,11,19,10,15,6_planaltina_1-2-1-2_agregado.xls,PPV(mensal) 2016
Planaltina,06,2016,4. PRODUTIVIDADE POLICIAL,OCORRENCIA,TRÁFICO DE DROGAS,111,8,12,14,10,11,11,12,5,7,5,11,5,6_planaltina_1-2-1-2_agregado.xls,PPV(mensal) 2016
Planaltina,06,2016,4. PRODUTIVIDADE POLICIAL,OCORRENCIA,USO E PORTE DE DROGAS,350,41,52,46,25,40,29,38,22,15,16,12,14,6_planaltina_1-2-1-2_agregado.xls,PPV(mensal) 2016
Planaltina,06,2017,1. C.V.L.I. - CRIMES VIOLENTOS LETAIS INTENCIONAIS,OCORRENCIA,HOMICÍDIO,59,4,9,4,5,3,4,4,2,5,5,11,3,6_planaltina_1-2-1-2_agregado.xls,PPV(mensal) 2017
Planaltina,06,2017,1. C.V.L.I. - CRIMES VIOLENTOS LETAIS INTENCIONAIS,OCORRENCIA,LATROCÍNIO,2,0,0,0,0,0,0,0,0,1,1,0,0,6_planaltina_1-2-1-2_agregado.xls,PPV(mensal) 2017
Planaltina,06,2017,1. C.V.L.I. - CRIMES VIOLENTOS LETAIS INTENCIONAIS,OCORRENCIA,LESÃO CORPORAL SEG. DE MORTE,1,0,0,0,0,0,0,1,0,0,0,0,0,6_planaltina_1-2-1-2_agregado.xls,PPV(mensal) 2017
Planaltina,06,2017,2. C.C.P. -                                                      CRIMES CONTRA O PATRIMÔNIO,OCORRENCIA,FURTO EM VEÍCULO,336,25,20,31,37,30,16,34,30,31,32,30,20,6_planaltina_1-2-1-2_agregado.xls,PPV(mensal) 2017
Planaltina,06,2017,2. C.C.P. -                                                      CRIMES CONTRA O PATRIMÔNIO,OCORRENCIA,ROUBO A TRANSEUNTE,2392,245,234,264,186,194,207,173,221,147,177,182,162,6_planaltina_1-2-1-2_agregado.xls,PPV(mensal) 2017
Planaltina,06,2017,2. C.C.P. -                                                      CRIMES CONTRA O PATRIMÔNIO,OCORRENCIA,ROUBO DE VEÍCULO,279,19,33,36,25,23,24,22,25,23,20,12,17,6_planaltina_1-2-1-2_agregado.xls,PPV(mensal) 2017
Planaltina,06,2017,2. C.C.P. -                                                      CRIMES CONTRA O PATRIMÔNIO,OCORRENCIA,ROUBO EM COLETIVO,121,12,8,10,9,6,12,9,26,12,5,7,5,6_planaltina_1-2-1-2_agregado.xls,PPV(mensal) 2017
Planaltina,06,2017,2. C.C.P. -                                                      CRIMES CONTRA O PATRIMÔNIO,OCORRENCIA,ROUBO EM COMÉRCIO *,131,6,5,11,7,4,17,20,9,12,27,6,7,6_planaltina_1-2-1-2_agregado.xls,PPV(mensal) 2017
Planaltina,06,2017,2. C.C.P. -                                                      CRIMES CONTRA O PATRIMÔNIO,OCORRENCIA,ROUBO EM RESIDÊNCIA,78,6,8,15,6,7,4,3,5,8,6,6,4,6_planaltina_1-2-1-2_agregado.xls,PPV(mensal) 2017
Planaltina,06,2017,3. OUTROS CRIMES,OCORRENCIA,ESTUPRO,71,1,5,7,8,8,3,2,7,7,8,6,9,6_planaltina_1-2-1-2_agregado.xls,PPV(mensal) 2017
Planaltina,06,2017,3. OUTROS CRIMES,OCORRENCIA,FURTO A TRANSEUNTE,167,28,15,15,8,18,13,9,9,19,16,9,8,6_planaltina_1-2-1-2_agregado.xls,PPV(mensal) 2017
Planaltina,06,2017,3. OUTROS CRIMES,OCORRENCIA,TENTATIVA DE HOMICÍDIO,115,10,16,10,11,11,8,10,7,5,8,13,6,6_planaltina_1-2-1-2_agregado.xls,PPV(mensal) 2017
Planaltina,06,2017,3. OUTROS CRIMES,OCORRENCIA,TENTATIVA DE LATROCÍNIO,30,1,1,5,4,2,1,1,2,4,3,3,3,6_planaltina_1-2-1-2_agregado.xls,PPV(mensal) 2017
Planaltina,06,2017,4. PRODUTIVIDADE POLICIAL,OCORRENCIA,LOCALIZAÇÃO DE VEICULO FURTADO OU ROUBADO,549,53,49,67,48,56,31,41,52,32,48,35,37,6_planaltina_1-2-1-2_agregado.xls,PPV(mensal) 2017
Planaltina,06,2017,4. PRODUTIVIDADE POLICIAL,OCORRENCIA,POSSE/PORTE DE ARMA,193,18,14,19,27,15,12,19,12,11,15,14,17,6_planaltina_1-2-1-2_agregado.xls,PPV(mensal) 2017
Planaltina,06,2017,4. PRODUTIVIDADE POLICIAL,OCORRENCIA,TRÁFICO DE DROGAS,151,13,8,7,11,21,10,9,24,14,13,10,11,6_planaltina_1-2-1-2_agregado.xls,PPV(mensal) 2017
Planaltina,06,2017,4. PRODUTIVIDADE POLICIAL,OCORRENCIA,USO E PORTE DE DROGAS,291,22,18,14,18,42,24,21,30,33,27,21,21,6_planaltina_1-2-1-2_agregado.xls,PPV(mensal) 2017
Planaltina,06,2018,1. C.V.L.I. - CRIMES VIOLENTOS LETAIS INTENCIONAIS,OCORRENCIA,HOMICÍDIO,48,5,6,3,5,7,5,1,3,3,5,2,3,6_planaltina_1-2-1-2_agregado.xls,PPV(mensal) 2018
Planaltina,06,2018,1. C.V.L.I. - CRIMES VIOLENTOS LETAIS INTENCIONAIS,OCORRENCIA,LATROCÍNIO,1,0,1,0,0,0,0,0,0,0,0,0,0,6_planaltina_1-2-1-2_agregado.xls,PPV(mensal) 2018
Planaltina,06,2018,1. C.V.L.I. - CRIMES VIOLENTOS LETAIS INTENCIONAIS,OCORRENCIA,LESÃO CORPORAL SEG. DE MORTE,4,1,0,1,0,1,0,0,0,0,0,1,0,6_planaltina_1-2-1-2_agregado.xls,PPV(mensal) 2018
Planaltina,06,2018,2. C.C.P. -                                                      CRIMES CONTRA O PATRIMÔNIO,OCORRENCIA,FURTO EM VEÍCULO,260,21,19,19,16,20,19,30,24,23,18,29,22,6_planaltina_1-2-1-2_agregado.xls,PPV(mensal) 2018
Planaltina,06,2018,2. C.C.P. -                                                      CRIMES CONTRA O PATRIMÔNIO,OCORRENCIA,ROUBO A TRANSEUNTE,2154,204,182,182,217,222,168,145,205,131,177,156,165,6_planaltina_1-2-1-2_agregado.xls,PPV(mensal) 2018
Planaltina,06,2018,2. C.C.P. -                                                      CRIMES CONTRA O PATRIMÔNIO,OCORRENCIA,ROUBO DE VEÍCULO,238,24,24,15,24,16,13,17,15,25,20,26,19,6_planaltina_1-2-1-2_agregado.xls,PPV(mensal) 2018
Planaltina,06,2018,2. C.C.P. -                                                      CRIMES CONTRA O PATRIMÔNIO,OCORRENCIA,ROUBO EM COLETIVO,70,4,11,1,13,6,9,18,5,1,1,1,0,6_planaltina_1-2-1-2_agregado.xls,PPV(mensal) 2018
Planaltina,06,2018,2. C.C.P. -                                                      CRIMES CONTRA O PATRIMÔNIO,OCORRENCIA,ROUBO EM COMÉRCIO *,119,13,13,6,11,12,15,8,9,6,9,12,5,6_planaltina_1-2-1-2_agregado.xls,PPV(mensal) 2018
Planaltina,06,2018,2. C.C.P. -                                                      CRIMES CONTRA O PATRIMÔNIO,OCORRENCIA,ROUBO EM RESIDÊNCIA,53,2,2,9,9,7,2,6,1,7,1,5,2,6_planaltina_1-2-1-2_agregado.xls,PPV(mensal) 2018
Planaltina,06,2018,3. OUTROS CRIMES,OCORRENCIA,ESTUPRO,75,4,8,3,7,6,3,14,8,7,5,5,5,6_planaltina_1-2-1-2_agregado.xls,PPV(mensal) 2018
Planaltina,06,2018,3. OUTROS CRIMES,OCORRENCIA,FURTO A TRANSEUNTE,150,15,8,9,12,11,11,16,11,12,18,14,13,6_planaltina_1-2-1-2_agregado.xls,PPV(mensal) 2018
Planaltina,06,2018,3. OUTROS CRIMES,OCORRENCIA,TENTATIVA DE HOMICÍDIO,79,5,9,12,13,4,8,3,1,4,11,2,7,6_planaltina_1-2-1-2_agregado.xls,PPV(mensal) 2018
Planaltina,06,2018,3. OUTROS CRIMES,OCORRENCIA,TENTATIVA DE LATROCÍNIO,16,5,1,0,1,2,0,0,1,0,2,1,3,6_planaltina_1-2-1-2_agregado.xls,PPV(mensal) 2018
Planaltina,06,2018,4. PRODUTIVIDADE POLICIAL,OCORRENCIA,LOCALIZAÇÃO DE VEICULO FURTADO OU ROUBADO,408,28,36,40,40,30,34,37,30,26,38,35,34,6_planaltina_1-2-1-2_agregado.xls,PPV(mensal) 2018
Planaltina,06,2018,4. PRODUTIVIDADE POLICIAL,OCORRENCIA,POSSE/PORTE DE ARMA,141,9,12,12,16,8,10,15,15,12,10,13,9,6_planaltina_1-2-1-2_agregado.xls,PPV(mensal) 2018
Planaltina,06,2018,4. PRODUTIVIDADE POLICIAL,OCORRENCIA,TRÁFICO DE DROGAS,145,13,9,15,19,7,12,11,6,11,18,15,9,6_planaltina_1-2-1-2_agregado.xls,PPV(mensal) 2018
Planaltina,06,2018,4. PRODUTIVIDADE POLICIAL,OCORRENCIA,USO E PORTE DE DROGAS,318,34,23,51,35,25,26,21,21,20,20,17,25,6_planaltina_1-2-1-2_agregado.xls,PPV(mensal) 2018
Planaltina,06,2026,1. C.V.L.I. - CRIMES VIOLENTOS LETAIS INTENCIONAIS,OCORRENCIA,HOMICÍDIO,10,1,0,3,2,2,0,1,1,0,0,0,0,06_PLANALTINA (4)_2026.xlsx,mensal
Planaltina,06,2026,1. C.V.L.I. - CRIMES VIOLENTOS LETAIS INTENCIONAIS,OCORRENCIA,LATROCÍNIO,0,0,0,0,0,0,0,0,0,0,0,0,0,06_PLANALTINA (4)_2026.xlsx,mensal
Planaltina,06,2026,1. C.V.L.I. - CRIMES VIOLENTOS LETAIS INTENCIONAIS,OCORRENCIA,LESÃO CORPORAL SEG. DE MORTE,0,0,0,0,0,0,0,0,0,0,0,0,0,06_PLANALTINA (4)_2026.xlsx,mensal
Planaltina,06,2026,2. C.C.P. -                                                      CRIMES CONTRA O PATRIMÔNIO,OCORRENCIA,FURTO EM VEÍCULO,49,7,6,8,9,5,3,4,7,0,0,0,0,06_PLANALTINA (4)_2026.xlsx,mensal
Planaltina,06,2026,2. C.C.P. -                                                      CRIMES CONTRA O PATRIMÔNIO,OCORRENCIA,ROUBO A TRANSEUNTE,254,24,27,34,42,30,32,25,40,0,0,0,0,06_PLANALTINA (4)_2026.xlsx,mensal
Planaltina,06,2026,2. C.C.P. -                                                      CRIMES CONTRA O PATRIMÔNIO,OCORRENCIA,ROUBO DE VEÍCULO,33,2,3,3,3,7,9,4,2,0,0,0,0,06_PLANALTINA (4)_2026.xlsx,mensal
Planaltina,06,2026,2. C.C.P. -                                                      CRIMES CONTRA O PATRIMÔNIO,OCORRENCIA,ROUBO EM COLETIVO,3,0,0,0,1,1,1,0,0,0,0,0,0,06_PLANALTINA (4)_2026.xlsx,mensal
Planaltina,06,2026,2. C.C.P. -                                                      CRIMES CONTRA O PATRIMÔNIO,OCORRENCIA,ROUBO EM COMÉRCIO *,8,2,1,3,0,0,0,2,0,0,0,0,0,06_PLANALTINA (4)_2026.xlsx,mensal
Planaltina,06,2026,2. C.C.P. -                                                      CRIMES CONTRA O PATRIMÔNIO,OCORRENCIA,ROUBO EM RESIDÊNCIA,11,4,0,1,1,1,2,0,2,0,0,0,0,06_PLANALTINA (4)_2026.xlsx,mensal
Planaltina,06,2026,3. OUTROS CRIMES,OCORRENCIA,ESTUPRO,18,3,4,3,0,0,3,4,1,0,0,0,0,06_PLANALTINA (4)_2026.xlsx,mensal
Planaltina,06,2026,3. OUTROS CRIMES,OCORRENCIA,ESTUPRO DE VULNERÁVEL,27,5,4,2,3,1,6,2,4,0,0,0,0,06_PLANALTINA (4)_2026.xlsx,mensal
Planaltina,06,2026,3. OUTROS CRIMES,OCORRENCIA,TENTATIVA DE HOMICÍDIO,27,5,3,2,7,3,1,1,5,0,0,0,0,06_PLANALTINA (4)_2026.xlsx,mensal
Planaltina,06,2026,3. OUTROS CRIMES,OCORRENCIA,TENTATIVA DE LATROCÍNIO,0,0,0,0,0,0,0,0,0,0,0,0,0,06_PLANALTINA (4)_2026.xlsx,mensal
Planaltina,06,2026,4. PRODUTIVIDADE POLICIAL,OCORRENCIA,LOCALIZAÇÃO DE VEICULO FURTADO OU ROUBADO,85,13,4,9,7,22,11,13,6,0,0,0,0,06_PLANALTINA (4)_2026.xlsx,mensal
Planaltina,06,2026,4. PRODUTIVIDADE POLICIAL,OCORRENCIA,POSSE/PORTE DE ARMA,50,7,4,14,3,6,8,3,5,0,0,0,0,06_PLANALTINA (4)_2026.xlsx,mensal
Planaltina,06,2026,4. PRODUTIVIDADE POLICIAL,OCORRENCIA,TRÁFICO DE DROGAS,188,20,24,29,25,22,16,26,26,0,0,0,0,06_PLANALTINA (4)_2026.xlsx,mensal
Planaltina,06,2026,4. PRODUTIVIDADE POLICIAL,OCORRENCIA,USO E PORTE DE DROGAS,87,9,9,12,11,13,12,14,7,0,0,0,0,06_PLANALTINA (4)_2026.xlsx,mensal
Recanto Das Emas,15,2014,1. C.V.L.I. - CRIMES VIOLENTOS LETAIS INTENCIONAIS,OCORRENCIA,HOMICÍDIO,46,3,3,4,3,5,5,1,5,7,3,3,4,15_recanto-das-emas_1-2-2_agregado.xls,PPV (mensal)2014
Recanto Das Emas,15,2014,1. C.V.L.I. - CRIMES VIOLENTOS LETAIS INTENCIONAIS,OCORRENCIA,LATROCÍNIO,2,0,0,0,1,0,0,0,0,0,1,0,0,15_recanto-das-emas_1-2-2_agregado.xls,PPV (mensal)2014
Recanto Das Emas,15,2014,1. C.V.L.I. - CRIMES VIOLENTOS LETAIS INTENCIONAIS,OCORRENCIA,LESÃO CORPORAL SEG. DE MORTE,0,0,0,0,0,0,0,0,0,0,0,0,0,15_recanto-das-emas_1-2-2_agregado.xls,PPV (mensal)2014
Recanto Das Emas,15,2014,2. C.C.P. -                                                      CRIMES CONTRA O PATRIMÔNIO,OCORRENCIA,FURTO EM VEÍCULO,207,19,18,23,31,21,7,15,15,19,11,17,11,15_recanto-das-emas_1-2-2_agregado.xls,PPV (mensal)2014
Recanto Das Emas,15,2014,2. C.C.P. -                                                      CRIMES CONTRA O PATRIMÔNIO,OCORRENCIA,ROUBO A TRANSEUNTE,1704,135,155,191,159,157,136,109,129,136,143,128,126,15_recanto-das-emas_1-2-2_agregado.xls,PPV (mensal)2014
Recanto Das Emas,15,2014,2. C.C.P. -                                                      CRIMES CONTRA O PATRIMÔNIO,OCORRENCIA,ROUBO DE VEÍCULO,348,36,40,49,43,34,30,25,26,11,18,16,20,15_recanto-das-emas_1-2-2_agregado.xls,PPV (mensal)2014
Recanto Das Emas,15,2014,2. C.C.P. -                                                      CRIMES CONTRA O PATRIMÔNIO,OCORRENCIA,ROUBO EM COLETIVO,287,25,46,36,26,25,37,16,12,13,19,24,8,15_recanto-das-emas_1-2-2_agregado.xls,PPV (mensal)2014
Recanto Das Emas,15,2014,2. C.C.P. -                                                      CRIMES CONTRA O PATRIMÔNIO,OCORRENCIA,ROUBO EM COMÉRCIO *,221,49,33,38,27,17,11,11,5,5,8,5,12,15_recanto-das-emas_1-2-2_agregado.xls,PPV (mensal)2014
Recanto Das Emas,15,2014,3. OUTROS CRIMES,OCORRENCIA,ESTUPRO,33,7,1,2,3,2,4,2,2,3,1,5,1,15_recanto-das-emas_1-2-2_agregado.xls,PPV (mensal)2014
Recanto Das Emas,15,2014,3. OUTROS CRIMES,OCORRENCIA,FURTO A TRANSEUNTE,113,4,6,9,9,9,9,9,12,13,14,8,11,15_recanto-das-emas_1-2-2_agregado.xls,PPV (mensal)2014
Recanto Das Emas,15,2014,3. OUTROS CRIMES,OCORRENCIA,ROUBO EM RESIDÊNCIA,21,2,0,3,4,2,2,3,1,0,2,1,1,15_recanto-das-emas_1-2-2_agregado.xls,PPV (mensal)2014
Recanto Das Emas,15,2014,3. OUTROS CRIMES,OCORRENCIA,TENTATIVA DE HOMICÍDIO,46,7,5,5,2,3,4,4,5,2,2,3,4,15_recanto-das-emas_1-2-2_agregado.xls,PPV (mensal)2014
Recanto Das Emas,15,2014,4. PRODUTIVIDADE POLICIAL,OCORRENCIA,LOCALIZAÇÃO DE VEICULO FURTADO OU ROUBADO,594,74,78,73,63,52,47,43,35,33,35,35,26,15_recanto-das-emas_1-2-2_agregado.xls,PPV (mensal)2014
Recanto Das Emas,15,2014,4. PRODUTIVIDADE POLICIAL,OCORRENCIA,POSSE/PORTE DE ARMA,56,1,4,13,6,6,4,7,4,2,3,2,4,15_recanto-das-emas_1-2-2_agregado.xls,PPV (mensal)2014
Recanto Das Emas,15,2014,4. PRODUTIVIDADE POLICIAL,OCORRENCIA,TRÁFICO DE DROGAS,89,6,3,9,6,6,4,6,15,9,9,9,7,15_recanto-das-emas_1-2-2_agregado.xls,PPV (mensal)2014
Recanto Das Emas,15,2014,4. PRODUTIVIDADE POLICIAL,OCORRENCIA,USO E PORTE DE DROGAS,278,12,16,25,19,22,23,21,22,20,37,26,35,15_recanto-das-emas_1-2-2_agregado.xls,PPV (mensal)2014
Recanto Das Emas,15,2015,1. C.V.L.I. - CRIMES VIOLENTOS LETAIS INTENCIONAIS,OCORRENCIA,HOMICÍDIO,39,4,1,5,1,1,6,3,4,4,4,1,5,15_recanto-das-emas_1-2-2_agregado.xls,PPV (mensal)2015
Recanto Das Emas,15,2015,1. C.V.L.I. - CRIMES VIOLENTOS LETAIS INTENCIONAIS,OCORRENCIA,LATROCÍNIO,2,0,0,0,0,1,0,0,0,0,0,0,1,15_recanto-das-emas_1-2-2_agregado.xls,PPV (mensal)2015
Recanto Das Emas,15,2015,1. C.V.L.I. - CRIMES VIOLENTOS LETAIS INTENCIONAIS,OCORRENCIA,LESÃO CORPORAL SEG. DE MORTE,0,0,0,0,0,0,0,0,0,0,0,0,0,15_recanto-das-emas_1-2-2_agregado.xls,PPV (mensal)2015
Recanto Das Emas,15,2015,2. C.C.P. -                                                      CRIMES CONTRA O PATRIMÔNIO,OCORRENCIA,FURTO EM VEÍCULO,145,9,5,11,16,10,11,23,4,3,19,14,20,15_recanto-das-emas_1-2-2_agregado.xls,PPV (mensal)2015
Recanto Das Emas,15,2015,2. C.C.P. -                                                      CRIMES CONTRA O PATRIMÔNIO,OCORRENCIA,ROUBO A TRANSEUNTE,2069,167,148,189,164,189,171,173,179,135,178,171,205,15_recanto-das-emas_1-2-2_agregado.xls,PPV (mensal)2015
Recanto Das Emas,15,2015,2. C.C.P. -                                                      CRIMES CONTRA O PATRIMÔNIO,OCORRENCIA,ROUBO DE VEÍCULO,252,24,27,33,18,24,10,12,23,31,18,16,16,15_recanto-das-emas_1-2-2_agregado.xls,PPV (mensal)2015
Recanto Das Emas,15,2015,2. C.C.P. -                                                      CRIMES CONTRA O PATRIMÔNIO,OCORRENCIA,ROUBO EM COLETIVO,205,17,15,12,31,15,12,3,10,20,25,22,23,15_recanto-das-emas_1-2-2_agregado.xls,PPV (mensal)2015
Recanto Das Emas,15,2015,2. C.C.P. -                                                      CRIMES CONTRA O PATRIMÔNIO,OCORRENCIA,ROUBO EM COMÉRCIO *,174,16,10,12,17,13,10,8,24,11,23,13,17,15_recanto-das-emas_1-2-2_agregado.xls,PPV (mensal)2015
Recanto Das Emas,15,2015,3. OUTROS CRIMES,OCORRENCIA,ESTUPRO,40,5,2,5,2,4,2,3,4,0,7,4,2,15_recanto-das-emas_1-2-2_agregado.xls,PPV (mensal)2015
Recanto Das Emas,15,2015,3. OUTROS CRIMES,OCORRENCIA,FURTO A TRANSEUNTE,105,6,8,14,12,10,13,10,7,5,6,1,13,15_recanto-das-emas_1-2-2_agregado.xls,PPV (mensal)2015
Recanto Das Emas,15,2015,3. OUTROS CRIMES,OCORRENCIA,ROUBO EM RESIDÊNCIA,35,2,4,0,2,1,5,5,5,2,0,3,6,15_recanto-das-emas_1-2-2_agregado.xls,PPV (mensal)2015
Recanto Das Emas,15,2015,3. OUTROS CRIMES,OCORRENCIA,TENTATIVA DE HOMICÍDIO,45,1,2,5,3,3,2,4,9,3,5,3,5,15_recanto-das-emas_1-2-2_agregado.xls,PPV (mensal)2015
Recanto Das Emas,15,2015,4. PRODUTIVIDADE POLICIAL,OCORRENCIA,LOCALIZAÇÃO DE VEICULO FURTADO OU ROUBADO,371,27,40,33,48,33,17,31,32,22,32,27,29,15_recanto-das-emas_1-2-2_agregado.xls,PPV (mensal)2015
Recanto Das Emas,15,2015,4. PRODUTIVIDADE POLICIAL,OCORRENCIA,POSSE/PORTE DE ARMA,101,10,9,4,13,8,10,9,4,12,15,3,4,15_recanto-das-emas_1-2-2_agregado.xls,PPV (mensal)2015
Recanto Das Emas,15,2015,4. PRODUTIVIDADE POLICIAL,OCORRENCIA,TRÁFICO DE DROGAS,118,12,14,8,5,10,15,10,10,3,12,10,9,15_recanto-das-emas_1-2-2_agregado.xls,PPV (mensal)2015
Recanto Das Emas,15,2015,4. PRODUTIVIDADE POLICIAL,OCORRENCIA,USO E PORTE DE DROGAS,329,23,28,33,33,28,29,30,30,27,29,25,14,15_recanto-das-emas_1-2-2_agregado.xls,PPV (mensal)2015
Recanto Das Emas,15,2016,1. C.V.L.I. - CRIMES VIOLENTOS LETAIS INTENCIONAIS,OCORRENCIA,HOMICÍDIO,47,5,4,3,6,4,3,1,3,5,7,3,3,15_recanto-das-emas_1-2-2_agregado.xls,PPV(mensal)2016
Recanto Das Emas,15,2016,1. C.V.L.I. - CRIMES VIOLENTOS LETAIS INTENCIONAIS,OCORRENCIA,LATROCÍNIO,3,0,0,0,0,2,0,0,0,1,0,0,0,15_recanto-das-emas_1-2-2_agregado.xls,PPV(mensal)2016
Recanto Das Emas,15,2016,1. C.V.L.I. - CRIMES VIOLENTOS LETAIS INTENCIONAIS,OCORRENCIA,LESÃO CORPORAL SEG. DE MORTE,1,1,0,0,0,0,0,0,0,0,0,0,0,15_recanto-das-emas_1-2-2_agregado.xls,PPV(mensal)2016
Recanto Das Emas,15,2016,2. C.C.P. -                                                      CRIMES CONTRA O PATRIMÔNIO,OCORRENCIA,FURTO EM VEÍCULO,179,10,16,21,14,16,13,17,16,15,7,15,19,15_recanto-das-emas_1-2-2_agregado.xls,PPV(mensal)2016
Recanto Das Emas,15,2016,2. C.C.P. -                                                      CRIMES CONTRA O PATRIMÔNIO,OCORRENCIA,ROUBO A TRANSEUNTE,2666,226,220,271,271,227,215,205,263,170,172,214,212,15_recanto-das-emas_1-2-2_agregado.xls,PPV(mensal)2016
Recanto Das Emas,15,2016,2. C.C.P. -                                                      CRIMES CONTRA O PATRIMÔNIO,OCORRENCIA,ROUBO DE VEÍCULO,378,37,26,28,21,26,36,44,31,28,33,36,32,15_recanto-das-emas_1-2-2_agregado.xls,PPV(mensal)2016
Recanto Das Emas,15,2016,2. C.C.P. -                                                      CRIMES CONTRA O PATRIMÔNIO,OCORRENCIA,ROUBO EM COLETIVO,272,18,26,17,12,10,36,14,23,15,40,34,27,15_recanto-das-emas_1-2-2_agregado.xls,PPV(mensal)2016
Recanto Das Emas,15,2016,2. C.C.P. -                                                      CRIMES CONTRA O PATRIMÔNIO,OCORRENCIA,ROUBO EM COMÉRCIO *,236,24,8,21,28,15,9,20,35,22,11,26,17,15_recanto-das-emas_1-2-2_agregado.xls,PPV(mensal)2016
Recanto Das Emas,15,2016,2. C.C.P. -                                                      CRIMES CONTRA O PATRIMÔNIO,OCORRENCIA,ROUBO EM RESIDÊNCIA,56,5,4,6,2,6,4,8,4,3,3,6,5,15_recanto-das-emas_1-2-2_agregado.xls,PPV(mensal)2016
Recanto Das Emas,15,2016,3. OUTROS CRIMES,OCORRENCIA,ESTUPRO,28,3,0,4,0,2,3,1,3,3,5,3,1,15_recanto-das-emas_1-2-2_agregado.xls,PPV(mensal)2016
Recanto Das Emas,15,2016,3. OUTROS CRIMES,OCORRENCIA,FURTO A TRANSEUNTE,123,10,11,10,11,14,7,13,6,10,6,13,12,15_recanto-das-emas_1-2-2_agregado.xls,PPV(mensal)2016
Recanto Das Emas,15,2016,3. OUTROS CRIMES,OCORRENCIA,TENTATIVA DE HOMICÍDIO,46,5,5,3,1,5,4,2,7,2,4,2,6,15_recanto-das-emas_1-2-2_agregado.xls,PPV(mensal)2016
Recanto Das Emas,15,2016,3. OUTROS CRIMES,OCORRENCIA,TENTATIVA DE LATROCÍNIO,11,0,0,1,0,0,1,0,4,0,2,2,1,15_recanto-das-emas_1-2-2_agregado.xls,PPV(mensal)2016
Recanto Das Emas,15,2016,4. PRODUTIVIDADE POLICIAL,OCORRENCIA,LOCALIZAÇÃO DE VEICULO FURTADO OU ROUBADO,452,47,30,37,34,46,37,36,36,36,42,38,33,15_recanto-das-emas_1-2-2_agregado.xls,PPV(mensal)2016
Recanto Das Emas,15,2016,4. PRODUTIVIDADE POLICIAL,OCORRENCIA,POSSE/PORTE DE ARMA,71,7,2,6,4,2,8,7,8,5,4,9,9,15_recanto-das-emas_1-2-2_agregado.xls,PPV(mensal)2016
Recanto Das Emas,15,2016,4. PRODUTIVIDADE POLICIAL,OCORRENCIA,TRÁFICO DE DROGAS,59,5,8,4,4,12,11,5,3,2,1,2,2,15_recanto-das-emas_1-2-2_agregado.xls,PPV(mensal)2016
Recanto Das Emas,15,2016,4. PRODUTIVIDADE POLICIAL,OCORRENCIA,USO E PORTE DE DROGAS,283,19,31,18,15,30,43,34,17,14,13,32,17,15_recanto-das-emas_1-2-2_agregado.xls,PPV(mensal)2016
Recanto Das Emas,15,2017,1. C.V.L.I. - CRIMES VIOLENTOS LETAIS INTENCIONAIS,OCORRENCIA,HOMICÍDIO,19,1,4,2,2,0,1,3,1,1,1,1,2,15_recanto-das-emas_1-2-2_agregado.xls,PPV(mensal)2017
Recanto Das Emas,15,2017,1. C.V.L.I. - CRIMES VIOLENTOS LETAIS INTENCIONAIS,OCORRENCIA,LATROCÍNIO,1,0,0,0,0,0,0,0,0,0,1,0,0,15_recanto-das-emas_1-2-2_agregado.xls,PPV(mensal)2017
Recanto Das Emas,15,2017,1. C.V.L.I. - CRIMES VIOLENTOS LETAIS INTENCIONAIS,OCORRENCIA,LESÃO CORPORAL SEG. DE MORTE,0,0,0,0,0,0,0,0,0,0,0,0,0,15_recanto-das-emas_1-2-2_agregado.xls,PPV(mensal)2017
Recanto Das Emas,15,2017,2. C.C.P. -                                                      CRIMES CONTRA O PATRIMÔNIO,OCORRENCIA,FURTO EM VEÍCULO,183,16,14,18,19,16,11,13,12,12,15,18,19,15_recanto-das-emas_1-2-2_agregado.xls,PPV(mensal)2017
Recanto Das Emas,15,2017,2. C.C.P. -                                                      CRIMES CONTRA O PATRIMÔNIO,OCORRENCIA,ROUBO A TRANSEUNTE,2633,252,237,290,199,230,221,197,231,186,219,201,170,15_recanto-das-emas_1-2-2_agregado.xls,PPV(mensal)2017
Recanto Das Emas,15,2017,2. C.C.P. -                                                      CRIMES CONTRA O PATRIMÔNIO,OCORRENCIA,ROUBO DE VEÍCULO,316,42,31,33,32,16,26,26,25,17,14,22,32,15_recanto-das-emas_1-2-2_agregado.xls,PPV(mensal)2017
Recanto Das Emas,15,2017,2. C.C.P. -                                                      CRIMES CONTRA O PATRIMÔNIO,OCORRENCIA,ROUBO EM COLETIVO,316,28,26,25,21,22,12,25,38,36,17,48,18,15_recanto-das-emas_1-2-2_agregado.xls,PPV(mensal)2017
Recanto Das Emas,15,2017,2. C.C.P. -                                                      CRIMES CONTRA O PATRIMÔNIO,OCORRENCIA,ROUBO EM COMÉRCIO *,179,12,10,27,18,17,17,19,12,5,13,18,11,15_recanto-das-emas_1-2-2_agregado.xls,PPV(mensal)2017
Recanto Das Emas,15,2017,2. C.C.P. -                                                      CRIMES CONTRA O PATRIMÔNIO,OCORRENCIA,ROUBO EM RESIDÊNCIA,61,3,2,7,7,3,10,5,4,1,7,2,10,15_recanto-das-emas_1-2-2_agregado.xls,PPV(mensal)2017
Recanto Das Emas,15,2017,3. OUTROS CRIMES,OCORRENCIA,ESTUPRO,48,4,2,2,5,4,3,2,5,5,7,7,2,15_recanto-das-emas_1-2-2_agregado.xls,PPV(mensal)2017
Recanto Das Emas,15,2017,3. OUTROS CRIMES,OCORRENCIA,FURTO A TRANSEUNTE,91,8,11,14,7,11,10,6,4,8,1,3,8,15_recanto-das-emas_1-2-2_agregado.xls,PPV(mensal)2017
Recanto Das Emas,15,2017,3. OUTROS CRIMES,OCORRENCIA,TENTATIVA DE HOMICÍDIO,40,2,6,3,7,3,0,4,3,2,7,2,1,15_recanto-das-emas_1-2-2_agregado.xls,PPV(mensal)2017
Recanto Das Emas,15,2017,3. OUTROS CRIMES,OCORRENCIA,TENTATIVA DE LATROCÍNIO,22,1,2,1,0,1,4,4,2,1,2,1,3,15_recanto-das-emas_1-2-2_agregado.xls,PPV(mensal)2017
Recanto Das Emas,15,2017,4. PRODUTIVIDADE POLICIAL,OCORRENCIA,LOCALIZAÇÃO DE VEICULO FURTADO OU ROUBADO,427,45,37,35,49,51,44,21,36,24,23,26,36,15_recanto-das-emas_1-2-2_agregado.xls,PPV(mensal)2017
Recanto Das Emas,15,2017,4. PRODUTIVIDADE POLICIAL,OCORRENCIA,POSSE/PORTE DE ARMA,53,5,6,2,5,6,6,6,4,3,2,4,4,15_recanto-das-emas_1-2-2_agregado.xls,PPV(mensal)2017
Recanto Das Emas,15,2017,4. PRODUTIVIDADE POLICIAL,OCORRENCIA,TRÁFICO DE DROGAS,95,2,5,4,7,6,10,10,7,10,10,9,15,15_recanto-das-emas_1-2-2_agregado.xls,PPV(mensal)2017
Recanto Das Emas,15,2017,4. PRODUTIVIDADE POLICIAL,OCORRENCIA,USO E PORTE DE DROGAS,321,25,17,17,14,25,24,31,43,23,27,40,35,15_recanto-das-emas_1-2-2_agregado.xls,PPV(mensal)2017
Recanto Das Emas,15,2018,1. C.V.L.I. - CRIMES VIOLENTOS LETAIS INTENCIONAIS,OCORRENCIA,HOMICÍDIO,22,0,1,4,2,2,5,1,1,1,2,2,1,15_recanto-das-emas_1-2-2_agregado.xls,PPV(mensal)2018
Recanto Das Emas,15,2018,1. C.V.L.I. - CRIMES VIOLENTOS LETAIS INTENCIONAIS,OCORRENCIA,LATROCÍNIO,1,0,0,0,0,0,0,1,0,0,0,0,0,15_recanto-das-emas_1-2-2_agregado.xls,PPV(mensal)2018
Recanto Das Emas,15,2018,1. C.V.L.I. - CRIMES VIOLENTOS LETAIS INTENCIONAIS,OCORRENCIA,LESÃO CORPORAL SEG. DE MORTE,0,0,0,0,0,0,0,0,0,0,0,0,0,15_recanto-das-emas_1-2-2_agregado.xls,PPV(mensal)2018
Recanto Das Emas,15,2018,2. C.C.P. -                                                      CRIMES CONTRA O PATRIMÔNIO,OCORRENCIA,FURTO EM VEÍCULO,195,16,18,12,11,22,12,20,17,17,17,13,20,15_recanto-das-emas_1-2-2_agregado.xls,PPV(mensal)2018
Recanto Das Emas,15,2018,2. C.C.P. -                                                      CRIMES CONTRA O PATRIMÔNIO,OCORRENCIA,ROUBO A TRANSEUNTE,1923,183,119,176,141,162,145,170,165,176,189,156,141,15_recanto-das-emas_1-2-2_agregado.xls,PPV(mensal)2018
Recanto Das Emas,15,2018,2. C.C.P. -                                                      CRIMES CONTRA O PATRIMÔNIO,OCORRENCIA,ROUBO DE VEÍCULO,237,20,18,19,18,23,26,27,23,23,13,13,14,15_recanto-das-emas_1-2-2_agregado.xls,PPV(mensal)2018
Recanto Das Emas,15,2018,2. C.C.P. -                                                      CRIMES CONTRA O PATRIMÔNIO,OCORRENCIA,ROUBO EM COLETIVO,87,14,10,6,7,7,10,7,3,2,10,4,7,15_recanto-das-emas_1-2-2_agregado.xls,PPV(mensal)2018
Recanto Das Emas,15,2018,2. C.C.P. -                                                      CRIMES CONTRA O PATRIMÔNIO,OCORRENCIA,ROUBO EM COMÉRCIO *,108,5,7,10,12,14,9,8,7,9,10,11,6,15_recanto-das-emas_1-2-2_agregado.xls,PPV(mensal)2018
Recanto Das Emas,15,2018,2. C.C.P. -                                                      CRIMES CONTRA O PATRIMÔNIO,OCORRENCIA,ROUBO EM RESIDÊNCIA,35,5,0,4,3,4,2,3,2,2,3,4,3,15_recanto-das-emas_1-2-2_agregado.xls,PPV(mensal)2018
Recanto Das Emas,15,2018,3. OUTROS CRIMES,OCORRENCIA,ESTUPRO,47,4,3,3,1,3,3,4,7,3,4,6,6,15_recanto-das-emas_1-2-2_agregado.xls,PPV(mensal)2018
Recanto Das Emas,15,2018,3. OUTROS CRIMES,OCORRENCIA,FURTO A TRANSEUNTE,88,3,5,12,10,8,4,9,8,5,13,3,8,15_recanto-das-emas_1-2-2_agregado.xls,PPV(mensal)2018
Recanto Das Emas,15,2018,3. OUTROS CRIMES,OCORRENCIA,TENTATIVA DE HOMICÍDIO,35,4,4,3,3,1,5,3,3,2,2,2,3,15_recanto-das-emas_1-2-2_agregado.xls,PPV(mensal)2018
Recanto Das Emas,15,2018,3. OUTROS CRIMES,OCORRENCIA,TENTATIVA DE LATROCÍNIO,18,2,2,0,0,0,1,4,4,1,3,1,0,15_recanto-das-emas_1-2-2_agregado.xls,PPV(mensal)2018
Recanto Das Emas,15,2018,4. PRODUTIVIDADE POLICIAL,OCORRENCIA,LOCALIZAÇÃO DE VEICULO FURTADO OU ROUBADO,350,23,19,27,42,27,34,20,42,38,35,20,23,15_recanto-das-emas_1-2-2_agregado.xls,PPV(mensal)2018
Recanto Das Emas,15,2018,4. PRODUTIVIDADE POLICIAL,OCORRENCIA,POSSE/PORTE DE ARMA,61,6,8,1,7,3,8,5,5,5,2,6,5,15_recanto-das-emas_1-2-2_agregado.xls,PPV(mensal)2018
Recanto Das Emas,15,2018,4. PRODUTIVIDADE POLICIAL,OCORRENCIA,TRÁFICO DE DROGAS,140,12,20,8,6,14,8,10,14,14,15,9,10,15_recanto-das-emas_1-2-2_agregado.xls,PPV(mensal)2018
Recanto Das Emas,15,2018,4. PRODUTIVIDADE POLICIAL,OCORRENCIA,USO E PORTE DE DROGAS,305,20,36,33,26,17,25,28,16,24,27,31,22,15_recanto-das-emas_1-2-2_agregado.xls,PPV(mensal)2018
Recanto Das Emas,15,2026,1. C.V.L.I. - CRIMES VIOLENTOS LETAIS INTENCIONAIS,OCORRENCIA,HOMICÍDIO,9,2,0,0,0,0,6,0,1,0,0,0,0,15_RECANTO DAS EMAS (4)_2026.xlsx,mensal
Recanto Das Emas,15,2026,1. C.V.L.I. - CRIMES VIOLENTOS LETAIS INTENCIONAIS,OCORRENCIA,LATROCÍNIO,0,0,0,0,0,0,0,0,0,0,0,0,0,15_RECANTO DAS EMAS (4)_2026.xlsx,mensal
Recanto Das Emas,15,2026,1. C.V.L.I. - CRIMES VIOLENTOS LETAIS INTENCIONAIS,OCORRENCIA,LESÃO CORPORAL SEG. DE MORTE,0,0,0,0,0,0,0,0,0,0,0,0,0,15_RECANTO DAS EMAS (4)_2026.xlsx,mensal
Recanto Das Emas,15,2026,2. C.C.P. -                                                      CRIMES CONTRA O PATRIMÔNIO,OCORRENCIA,FURTO EM VEÍCULO,34,5,8,3,5,4,2,3,4,0,0,0,0,15_RECANTO DAS EMAS (4)_2026.xlsx,mensal
Recanto Das Emas,15,2026,2. C.C.P. -                                                      CRIMES CONTRA O PATRIMÔNIO,OCORRENCIA,ROUBO A TRANSEUNTE,249,37,26,40,27,38,32,29,20,0,0,0,0,15_RECANTO DAS EMAS (4)_2026.xlsx,mensal
Recanto Das Emas,15,2026,2. C.C.P. -                                                      CRIMES CONTRA O PATRIMÔNIO,OCORRENCIA,ROUBO DE VEÍCULO,21,2,6,5,0,1,2,1,4,0,0,0,0,15_RECANTO DAS EMAS (4)_2026.xlsx,mensal
Recanto Das Emas,15,2026,2. C.C.P. -                                                      CRIMES CONTRA O PATRIMÔNIO,OCORRENCIA,ROUBO EM COLETIVO,12,6,3,0,1,1,1,0,0,0,0,0,0,15_RECANTO DAS EMAS (4)_2026.xlsx,mensal
Recanto Das Emas,15,2026,2. C.C.P. -                                                      CRIMES CONTRA O PATRIMÔNIO,OCORRENCIA,ROUBO EM COMÉRCIO *,14,0,1,0,1,3,1,6,2,0,0,0,0,15_RECANTO DAS EMAS (4)_2026.xlsx,mensal
Recanto Das Emas,15,2026,2. C.C.P. -                                                      CRIMES CONTRA O PATRIMÔNIO,OCORRENCIA,ROUBO EM RESIDÊNCIA,1,1,0,0,0,0,0,0,0,0,0,0,0,15_RECANTO DAS EMAS (4)_2026.xlsx,mensal
Recanto Das Emas,15,2026,3. OUTROS CRIMES,OCORRENCIA,ESTUPRO,14,2,3,2,0,2,0,4,1,0,0,0,0,15_RECANTO DAS EMAS (4)_2026.xlsx,mensal
Recanto Das Emas,15,2026,3. OUTROS CRIMES,OCORRENCIA,ESTUPRO DE VULNERÁVEL,21,5,1,1,2,2,0,5,5,0,0,0,0,15_RECANTO DAS EMAS (4)_2026.xlsx,mensal
Recanto Das Emas,15,2026,3. OUTROS CRIMES,OCORRENCIA,TENTATIVA DE HOMICÍDIO,31,3,2,3,3,5,6,7,2,0,0,0,0,15_RECANTO DAS EMAS (4)_2026.xlsx,mensal
Recanto Das Emas,15,2026,3. OUTROS CRIMES,OCORRENCIA,TENTATIVA DE LATROCÍNIO,0,0,0,0,0,0,0,0,0,0,0,0,0,15_RECANTO DAS EMAS (4)_2026.xlsx,mensal
Recanto Das Emas,15,2026,4. PRODUTIVIDADE POLICIAL,OCORRENCIA,LOCALIZAÇÃO DE VEICULO FURTADO OU ROUBADO,107,24,19,21,5,4,17,7,10,0,0,0,0,15_RECANTO DAS EMAS (4)_2026.xlsx,mensal
Recanto Das Emas,15,2026,4. PRODUTIVIDADE POLICIAL,OCORRENCIA,POSSE/PORTE DE ARMA,36,6,3,5,3,6,7,4,2,0,0,0,0,15_RECANTO DAS EMAS (4)_2026.xlsx,mensal
Recanto Das Emas,15,2026,4. PRODUTIVIDADE POLICIAL,OCORRENCIA,TRÁFICO DE DROGAS,119,13,22,16,18,13,19,6,12,0,0,0,0,15_RECANTO DAS EMAS (4)_2026.xlsx,mensal
Recanto Das Emas,15,2026,4. PRODUTIVIDADE POLICIAL,OCORRENCIA,USO E PORTE DE DROGAS,22,2,3,1,3,3,4,2,4,0,0,0,0,15_RECANTO DAS EMAS (4)_2026.xlsx,mensal
Riacho Fundo,17,2014,1. C.V.L.I. - CRIMES VIOLENTOS LETAIS INTENCIONAIS,OCORRENCIA,HOMICÍDIO,3,1,0,1,0,0,0,0,0,0,0,1,0,17_riacho-fundo_1-2_agregado.xls,PPV (mensal)2014
Riacho Fundo,17,2014,1. C.V.L.I. - CRIMES VIOLENTOS LETAIS INTENCIONAIS,OCORRENCIA,LATROCÍNIO,1,0,0,0,1,0,0,0,0,0,0,0,0,17_riacho-fundo_1-2_agregado.xls,PPV (mensal)2014
Riacho Fundo,17,2014,1. C.V.L.I. - CRIMES VIOLENTOS LETAIS INTENCIONAIS,OCORRENCIA,LESÃO CORPORAL SEG. DE MORTE,0,0,0,0,0,0,0,0,0,0,0,0,0,17_riacho-fundo_1-2_agregado.xls,PPV (mensal)2014
Riacho Fundo,17,2014,2. C.C.P. -                                                      CRIMES CONTRA O PATRIMÔNIO,OCORRENCIA,FURTO EM VEÍCULO,147,19,19,6,19,10,8,19,9,11,3,9,15,17_riacho-fundo_1-2_agregado.xls,PPV (mensal)2014
Riacho Fundo,17,2014,2. C.C.P. -                                                      CRIMES CONTRA O PATRIMÔNIO,OCORRENCIA,ROUBO A TRANSEUNTE,287,30,23,17,25,28,16,23,31,18,38,20,18,17_riacho-fundo_1-2_agregado.xls,PPV (mensal)2014
Riacho Fundo,17,2014,2. C.C.P. -                                                      CRIMES CONTRA O PATRIMÔNIO,OCORRENCIA,ROUBO DE VEÍCULO,76,7,7,6,12,6,3,3,8,8,7,6,3,17_riacho-fundo_1-2_agregado.xls,PPV (mensal)2014
Riacho Fundo,17,2014,2. C.C.P. -                                                      CRIMES CONTRA O PATRIMÔNIO,OCORRENCIA,ROUBO EM COLETIVO,12,1,0,0,1,1,0,2,4,0,2,1,0,17_riacho-fundo_1-2_agregado.xls,PPV (mensal)2014
Riacho Fundo,17,2014,2. C.C.P. -                                                      CRIMES CONTRA O PATRIMÔNIO,OCORRENCIA,ROUBO EM COMÉRCIO *,34,6,3,2,6,3,3,4,2,1,1,1,2,17_riacho-fundo_1-2_agregado.xls,PPV (mensal)2014
Riacho Fundo,17,2014,3. OUTROS CRIMES,OCORRENCIA,ESTUPRO,10,0,1,0,2,2,2,1,0,0,1,1,0,17_riacho-fundo_1-2_agregado.xls,PPV (mensal)2014
Riacho Fundo,17,2014,3. OUTROS CRIMES,OCORRENCIA,FURTO A TRANSEUNTE,31,5,2,3,3,5,1,5,1,0,0,4,2,17_riacho-fundo_1-2_agregado.xls,PPV (mensal)2014
Riacho Fundo,17,2014,3. OUTROS CRIMES,OCORRENCIA,ROUBO EM RESIDÊNCIA,7,0,4,0,0,1,1,1,0,0,0,0,0,17_riacho-fundo_1-2_agregado.xls,PPV (mensal)2014
Riacho Fundo,17,2014,3. OUTROS CRIMES,OCORRENCIA,TENTATIVA DE HOMICÍDIO,9,1,3,0,2,0,0,0,1,1,0,0,1,17_riacho-fundo_1-2_agregado.xls,PPV (mensal)2014
Riacho Fundo,17,2014,4. PRODUTIVIDADE POLICIAL,OCORRENCIA,LOCALIZAÇÃO DE VEICULO FURTADO OU ROUBADO,174,17,14,19,19,23,13,9,12,10,15,14,9,17_riacho-fundo_1-2_agregado.xls,PPV (mensal)2014
Riacho Fundo,17,2014,4. PRODUTIVIDADE POLICIAL,OCORRENCIA,POSSE/PORTE DE ARMA,19,2,3,2,1,2,3,1,3,0,0,2,0,17_riacho-fundo_1-2_agregado.xls,PPV (mensal)2014
Riacho Fundo,17,2014,4. PRODUTIVIDADE POLICIAL,OCORRENCIA,TRÁFICO DE DROGAS,33,2,1,0,2,4,1,5,4,6,2,3,3,17_riacho-fundo_1-2_agregado.xls,PPV (mensal)2014
Riacho Fundo,17,2014,4. PRODUTIVIDADE POLICIAL,OCORRENCIA,USO E PORTE DE DROGAS,249,17,14,7,23,36,18,19,43,24,25,16,7,17_riacho-fundo_1-2_agregado.xls,PPV (mensal)2014
Riacho Fundo,17,2015,1. C.V.L.I. - CRIMES VIOLENTOS LETAIS INTENCIONAIS,OCORRENCIA,HOMICÍDIO,5,0,0,1,0,0,1,0,0,0,1,0,2,17_riacho-fundo_1-2_agregado.xls,PPV (mensal)2015
Riacho Fundo,17,2015,1. C.V.L.I. - CRIMES VIOLENTOS LETAIS INTENCIONAIS,OCORRENCIA,LATROCÍNIO,0,0,0,0,0,0,0,0,0,0,0,0,0,17_riacho-fundo_1-2_agregado.xls,PPV (mensal)2015
Riacho Fundo,17,2015,1. C.V.L.I. - CRIMES VIOLENTOS LETAIS INTENCIONAIS,OCORRENCIA,LESÃO CORPORAL SEG. DE MORTE,0,0,0,0,0,0,0,0,0,0,0,0,0,17_riacho-fundo_1-2_agregado.xls,PPV (mensal)2015
Riacho Fundo,17,2015,2. C.C.P. -                                                      CRIMES CONTRA O PATRIMÔNIO,OCORRENCIA,FURTO EM VEÍCULO,136,18,19,13,16,15,6,6,12,2,10,9,10,17_riacho-fundo_1-2_agregado.xls,PPV (mensal)2015
Riacho Fundo,17,2015,2. C.C.P. -                                                      CRIMES CONTRA O PATRIMÔNIO,OCORRENCIA,ROUBO A TRANSEUNTE,300,29,30,33,26,15,28,21,27,11,28,22,30,17_riacho-fundo_1-2_agregado.xls,PPV (mensal)2015
Riacho Fundo,17,2015,2. C.C.P. -                                                      CRIMES CONTRA O PATRIMÔNIO,OCORRENCIA,ROUBO DE VEÍCULO,29,2,4,1,6,2,2,3,0,4,1,1,3,17_riacho-fundo_1-2_agregado.xls,PPV (mensal)2015
Riacho Fundo,17,2015,2. C.C.P. -                                                      CRIMES CONTRA O PATRIMÔNIO,OCORRENCIA,ROUBO EM COLETIVO,10,0,2,2,0,0,0,1,2,1,1,1,0,17_riacho-fundo_1-2_agregado.xls,PPV (mensal)2015
Riacho Fundo,17,2015,2. C.C.P. -                                                      CRIMES CONTRA O PATRIMÔNIO,OCORRENCIA,ROUBO EM COMÉRCIO *,30,1,1,1,2,5,3,1,0,2,1,4,9,17_riacho-fundo_1-2_agregado.xls,PPV (mensal)2015
Riacho Fundo,17,2015,3. OUTROS CRIMES,OCORRENCIA,ESTUPRO,8,2,0,3,0,0,0,0,0,0,1,2,0,17_riacho-fundo_1-2_agregado.xls,PPV (mensal)2015
Riacho Fundo,17,2015,3. OUTROS CRIMES,OCORRENCIA,FURTO A TRANSEUNTE,18,1,1,2,1,1,5,0,1,1,1,3,1,17_riacho-fundo_1-2_agregado.xls,PPV (mensal)2015
Riacho Fundo,17,2015,3. OUTROS CRIMES,OCORRENCIA,ROUBO EM RESIDÊNCIA,1,0,0,0,0,0,0,0,0,0,0,0,1,17_riacho-fundo_1-2_agregado.xls,PPV (mensal)2015
Riacho Fundo,17,2015,3. OUTROS CRIMES,OCORRENCIA,TENTATIVA DE HOMICÍDIO,12,1,1,2,1,1,0,0,3,0,2,0,1,17_riacho-fundo_1-2_agregado.xls,PPV (mensal)2015
Riacho Fundo,17,2015,4. PRODUTIVIDADE POLICIAL,OCORRENCIA,LOCALIZAÇÃO DE VEICULO FURTADO OU ROUBADO,82,6,6,15,10,3,7,8,6,2,6,7,6,17_riacho-fundo_1-2_agregado.xls,PPV (mensal)2015
Riacho Fundo,17,2015,4. PRODUTIVIDADE POLICIAL,OCORRENCIA,POSSE/PORTE DE ARMA,15,1,1,0,1,1,2,1,1,1,1,3,2,17_riacho-fundo_1-2_agregado.xls,PPV (mensal)2015
Riacho Fundo,17,2015,4. PRODUTIVIDADE POLICIAL,OCORRENCIA,TRÁFICO DE DROGAS,18,0,1,1,2,2,3,3,1,1,2,1,1,17_riacho-fundo_1-2_agregado.xls,PPV (mensal)2015
Riacho Fundo,17,2015,4. PRODUTIVIDADE POLICIAL,OCORRENCIA,USO E PORTE DE DROGAS,146,11,14,16,15,14,19,12,15,7,10,10,3,17_riacho-fundo_1-2_agregado.xls,PPV (mensal)2015
Riacho Fundo,17,2016,1. C.V.L.I. - CRIMES VIOLENTOS LETAIS INTENCIONAIS,OCORRENCIA,HOMICÍDIO,3,0,0,0,1,0,0,0,0,1,1,0,0,17_riacho-fundo_1-2_agregado.xls,PPV(mensal)2016
Riacho Fundo,17,2016,1. C.V.L.I. - CRIMES VIOLENTOS LETAIS INTENCIONAIS,OCORRENCIA,LATROCÍNIO,0,0,0,0,0,0,0,0,0,0,0,0,0,17_riacho-fundo_1-2_agregado.xls,PPV(mensal)2016
Riacho Fundo,17,2016,1. C.V.L.I. - CRIMES VIOLENTOS LETAIS INTENCIONAIS,OCORRENCIA,LESÃO CORPORAL SEG. DE MORTE,0,0,0,0,0,0,0,0,0,0,0,0,0,17_riacho-fundo_1-2_agregado.xls,PPV(mensal)2016
Riacho Fundo,17,2016,2. C.C.P. -                                                      CRIMES CONTRA O PATRIMÔNIO,OCORRENCIA,FURTO EM VEÍCULO,160,7,18,13,18,14,20,12,15,10,7,10,16,17_riacho-fundo_1-2_agregado.xls,PPV(mensal)2016
Riacho Fundo,17,2016,2. C.C.P. -                                                      CRIMES CONTRA O PATRIMÔNIO,OCORRENCIA,ROUBO A TRANSEUNTE,438,42,33,29,39,43,29,42,42,51,35,16,37,17_riacho-fundo_1-2_agregado.xls,PPV(mensal)2016
Riacho Fundo,17,2016,2. C.C.P. -                                                      CRIMES CONTRA O PATRIMÔNIO,OCORRENCIA,ROUBO DE VEÍCULO,45,0,2,2,5,6,6,5,4,6,7,2,0,17_riacho-fundo_1-2_agregado.xls,PPV(mensal)2016
Riacho Fundo,17,2016,2. C.C.P. -                                                      CRIMES CONTRA O PATRIMÔNIO,OCORRENCIA,ROUBO EM COLETIVO,12,0,1,1,0,0,4,2,1,0,0,0,3,17_riacho-fundo_1-2_agregado.xls,PPV(mensal)2016
Riacho Fundo,17,2016,2. C.C.P. -                                                      CRIMES CONTRA O PATRIMÔNIO,OCORRENCIA,ROUBO EM COMÉRCIO *,24,2,1,1,2,3,2,3,4,2,1,1,2,17_riacho-fundo_1-2_agregado.xls,PPV(mensal)2016
Riacho Fundo,17,2016,2. C.C.P. -                                                      CRIMES CONTRA O PATRIMÔNIO,OCORRENCIA,ROUBO EM RESIDÊNCIA,6,0,0,1,1,1,2,0,0,0,1,0,0,17_riacho-fundo_1-2_agregado.xls,PPV(mensal)2016
Riacho Fundo,17,2016,3. OUTROS CRIMES,OCORRENCIA,ESTUPRO,8,0,0,0,1,1,1,0,2,1,0,2,0,17_riacho-fundo_1-2_agregado.xls,PPV(mensal)2016
Riacho Fundo,17,2016,3. OUTROS CRIMES,OCORRENCIA,FURTO A TRANSEUNTE,30,4,0,4,1,2,3,2,4,7,1,1,1,17_riacho-fundo_1-2_agregado.xls,PPV(mensal)2016
Riacho Fundo,17,2016,3. OUTROS CRIMES,OCORRENCIA,TENTATIVA DE HOMICÍDIO,5,0,0,0,0,0,0,1,0,0,1,2,1,17_riacho-fundo_1-2_agregado.xls,PPV(mensal)2016
Riacho Fundo,17,2016,3. OUTROS CRIMES,OCORRENCIA,TENTATIVA DE LATROCÍNIO,0,0,0,0,0,0,0,0,0,0,0,0,0,17_riacho-fundo_1-2_agregado.xls,PPV(mensal)2016
Riacho Fundo,17,2016,4. PRODUTIVIDADE POLICIAL,OCORRENCIA,LOCALIZAÇÃO DE VEICULO FURTADO OU ROUBADO,72,4,4,5,8,12,4,10,7,5,5,4,4,17_riacho-fundo_1-2_agregado.xls,PPV(mensal)2016
Riacho Fundo,17,2016,4. PRODUTIVIDADE POLICIAL,OCORRENCIA,POSSE/PORTE DE ARMA,16,0,3,0,3,0,1,0,3,3,1,1,1,17_riacho-fundo_1-2_agregado.xls,PPV(mensal)2016
Riacho Fundo,17,2016,4. PRODUTIVIDADE POLICIAL,OCORRENCIA,TRÁFICO DE DROGAS,14,2,1,3,0,0,1,2,1,1,0,0,3,17_riacho-fundo_1-2_agregado.xls,PPV(mensal)2016
Riacho Fundo,17,2016,4. PRODUTIVIDADE POLICIAL,OCORRENCIA,USO E PORTE DE DROGAS,79,14,8,3,6,6,11,9,8,4,3,3,4,17_riacho-fundo_1-2_agregado.xls,PPV(mensal)2016
Riacho Fundo,17,2017,1. C.V.L.I. - CRIMES VIOLENTOS LETAIS INTENCIONAIS,OCORRENCIA,HOMICÍDIO,5,1,1,1,0,0,1,1,0,0,0,0,0,17_riacho-fundo_1-2_agregado.xls,PPV(mensal)2017
Riacho Fundo,17,2017,1. C.V.L.I. - CRIMES VIOLENTOS LETAIS INTENCIONAIS,OCORRENCIA,LATROCÍNIO,0,0,0,0,0,0,0,0,0,0,0,0,0,17_riacho-fundo_1-2_agregado.xls,PPV(mensal)2017
Riacho Fundo,17,2017,1. C.V.L.I. - CRIMES VIOLENTOS LETAIS INTENCIONAIS,OCORRENCIA,LESÃO CORPORAL SEG. DE MORTE,0,0,0,0,0,0,0,0,0,0,0,0,0,17_riacho-fundo_1-2_agregado.xls,PPV(mensal)2017
Riacho Fundo,17,2017,2. C.C.P. -                                                      CRIMES CONTRA O PATRIMÔNIO,OCORRENCIA,FURTO EM VEÍCULO,113,15,11,16,12,17,10,8,5,4,6,4,5,17_riacho-fundo_1-2_agregado.xls,PPV(mensal)2017
Riacho Fundo,17,2017,2. C.C.P. -                                                      CRIMES CONTRA O PATRIMÔNIO,OCORRENCIA,ROUBO A TRANSEUNTE,418,45,34,36,42,46,29,31,27,30,35,27,36,17_riacho-fundo_1-2_agregado.xls,PPV(mensal)2017
Riacho Fundo,17,2017,2. C.C.P. -                                                      CRIMES CONTRA O PATRIMÔNIO,OCORRENCIA,ROUBO DE VEÍCULO,24,0,7,4,3,1,3,1,0,0,2,1,2,17_riacho-fundo_1-2_agregado.xls,PPV(mensal)2017
Riacho Fundo,17,2017,2. C.C.P. -                                                      CRIMES CONTRA O PATRIMÔNIO,OCORRENCIA,ROUBO EM COLETIVO,15,6,0,0,2,2,0,0,1,1,0,1,2,17_riacho-fundo_1-2_agregado.xls,PPV(mensal)2017
Riacho Fundo,17,2017,2. C.C.P. -                                                      CRIMES CONTRA O PATRIMÔNIO,OCORRENCIA,ROUBO EM COMÉRCIO *,20,2,0,3,1,1,2,6,2,0,1,0,2,17_riacho-fundo_1-2_agregado.xls,PPV(mensal)2017
Riacho Fundo,17,2017,2. C.C.P. -                                                      CRIMES CONTRA O PATRIMÔNIO,OCORRENCIA,ROUBO EM RESIDÊNCIA,14,1,3,3,1,1,0,1,1,1,2,0,0,17_riacho-fundo_1-2_agregado.xls,PPV(mensal)2017
Riacho Fundo,17,2017,3. OUTROS CRIMES,OCORRENCIA,ESTUPRO,14,1,2,3,0,0,2,1,1,0,2,1,1,17_riacho-fundo_1-2_agregado.xls,PPV(mensal)2017
Riacho Fundo,17,2017,3. OUTROS CRIMES,OCORRENCIA,FURTO A TRANSEUNTE,16,1,3,2,2,4,1,0,0,2,0,0,1,17_riacho-fundo_1-2_agregado.xls,PPV(mensal)2017
Riacho Fundo,17,2017,3. OUTROS CRIMES,OCORRENCIA,TENTATIVA DE HOMICÍDIO,14,1,2,2,3,1,1,0,2,0,1,1,0,17_riacho-fundo_1-2_agregado.xls,PPV(mensal)2017
Riacho Fundo,17,2017,3. OUTROS CRIMES,OCORRENCIA,TENTATIVA DE LATROCÍNIO,1,0,0,0,0,0,1,0,0,0,0,0,0,17_riacho-fundo_1-2_agregado.xls,PPV(mensal)2017
Riacho Fundo,17,2017,4. PRODUTIVIDADE POLICIAL,OCORRENCIA,LOCALIZAÇÃO DE VEICULO FURTADO OU ROUBADO,57,5,14,1,7,4,7,5,2,4,2,3,3,17_riacho-fundo_1-2_agregado.xls,PPV(mensal)2017
Riacho Fundo,17,2017,4. PRODUTIVIDADE POLICIAL,OCORRENCIA,POSSE/PORTE DE ARMA,8,0,0,1,0,0,2,2,0,0,2,1,0,17_riacho-fundo_1-2_agregado.xls,PPV(mensal)2017
Riacho Fundo,17,2017,4. PRODUTIVIDADE POLICIAL,OCORRENCIA,TRÁFICO DE DROGAS,34,5,2,2,1,4,4,3,3,0,1,3,6,17_riacho-fundo_1-2_agregado.xls,PPV(mensal)2017
Riacho Fundo,17,2017,4. PRODUTIVIDADE POLICIAL,OCORRENCIA,USO E PORTE DE DROGAS,78,7,7,6,4,12,10,9,9,5,6,0,3,17_riacho-fundo_1-2_agregado.xls,PPV(mensal)2017
Riacho Fundo,17,2018,1. C.V.L.I. - CRIMES VIOLENTOS LETAIS INTENCIONAIS,OCORRENCIA,HOMICÍDIO,4,1,1,0,0,0,0,0,0,0,1,1,0,17_riacho-fundo_1-2_agregado.xls,PPV(mensal)2018
Riacho Fundo,17,2018,1. C.V.L.I. - CRIMES VIOLENTOS LETAIS INTENCIONAIS,OCORRENCIA,LATROCÍNIO,0,0,0,0,0,0,0,0,0,0,0,0,0,17_riacho-fundo_1-2_agregado.xls,PPV(mensal)2018
Riacho Fundo,17,2018,1. C.V.L.I. - CRIMES VIOLENTOS LETAIS INTENCIONAIS,OCORRENCIA,LESÃO CORPORAL SEG. DE MORTE,0,0,0,0,0,0,0,0,0,0,0,0,0,17_riacho-fundo_1-2_agregado.xls,PPV(mensal)2018
Riacho Fundo,17,2018,2. C.C.P. -                                                      CRIMES CONTRA O PATRIMÔNIO,OCORRENCIA,FURTO EM VEÍCULO,91,5,1,6,6,6,3,6,12,15,14,10,7,17_riacho-fundo_1-2_agregado.xls,PPV(mensal)2018
Riacho Fundo,17,2018,2. C.C.P. -                                                      CRIMES CONTRA O PATRIMÔNIO,OCORRENCIA,ROUBO A TRANSEUNTE,400,41,30,37,39,33,42,40,35,30,26,23,24,17_riacho-fundo_1-2_agregado.xls,PPV(mensal)2018
Riacho Fundo,17,2018,2. C.C.P. -                                                      CRIMES CONTRA O PATRIMÔNIO,OCORRENCIA,ROUBO DE VEÍCULO,22,1,3,3,0,3,1,4,2,0,3,0,2,17_riacho-fundo_1-2_agregado.xls,PPV(mensal)2018
Riacho Fundo,17,2018,2. C.C.P. -                                                      CRIMES CONTRA O PATRIMÔNIO,OCORRENCIA,ROUBO EM COLETIVO,4,0,1,0,0,0,0,1,0,0,0,1,1,17_riacho-fundo_1-2_agregado.xls,PPV(mensal)2018
Riacho Fundo,17,2018,2. C.C.P. -                                                      CRIMES CONTRA O PATRIMÔNIO,OCORRENCIA,ROUBO EM COMÉRCIO *,14,2,1,1,1,2,1,1,1,0,2,0,2,17_riacho-fundo_1-2_agregado.xls,PPV(mensal)2018
Riacho Fundo,17,2018,2. C.C.P. -                                                      CRIMES CONTRA O PATRIMÔNIO,OCORRENCIA,ROUBO EM RESIDÊNCIA,5,0,0,1,0,1,0,2,0,0,1,0,0,17_riacho-fundo_1-2_agregado.xls,PPV(mensal)2018
Riacho Fundo,17,2018,3. OUTROS CRIMES,OCORRENCIA,ESTUPRO,16,1,1,0,1,0,1,1,2,4,0,2,3,17_riacho-fundo_1-2_agregado.xls,PPV(mensal)2018
Riacho Fundo,17,2018,3. OUTROS CRIMES,OCORRENCIA,FURTO A TRANSEUNTE,35,2,2,1,6,3,4,1,1,2,7,2,4,17_riacho-fundo_1-2_agregado.xls,PPV(mensal)2018
Riacho Fundo,17,2018,3. OUTROS CRIMES,OCORRENCIA,TENTATIVA DE HOMICÍDIO,9,0,0,1,0,0,3,0,0,2,2,1,0,17_riacho-fundo_1-2_agregado.xls,PPV(mensal)2018
Riacho Fundo,17,2018,3. OUTROS CRIMES,OCORRENCIA,TENTATIVA DE LATROCÍNIO,3,0,0,0,1,0,0,0,0,1,0,0,1,17_riacho-fundo_1-2_agregado.xls,PPV(mensal)2018
Riacho Fundo,17,2018,4. PRODUTIVIDADE POLICIAL,OCORRENCIA,LOCALIZAÇÃO DE VEICULO FURTADO OU ROUBADO,65,8,5,7,2,6,4,10,5,9,4,2,3,17_riacho-fundo_1-2_agregado.xls,PPV(mensal)2018
Riacho Fundo,17,2018,4. PRODUTIVIDADE POLICIAL,OCORRENCIA,POSSE/PORTE DE ARMA,12,1,1,1,1,1,0,1,1,2,0,3,0,17_riacho-fundo_1-2_agregado.xls,PPV(mensal)2018
Riacho Fundo,17,2018,4. PRODUTIVIDADE POLICIAL,OCORRENCIA,TRÁFICO DE DROGAS,18,1,0,2,4,0,0,2,2,0,2,4,1,17_riacho-fundo_1-2_agregado.xls,PPV(mensal)2018
Riacho Fundo,17,2018,4. PRODUTIVIDADE POLICIAL,OCORRENCIA,USO E PORTE DE DROGAS,57,8,7,5,6,4,4,5,7,5,2,1,3,17_riacho-fundo_1-2_agregado.xls,PPV(mensal)2018
Riacho Fundo,17,2026,1. C.V.L.I. - CRIMES VIOLENTOS LETAIS INTENCIONAIS,OCORRENCIA,HOMICÍDIO,0,0,0,0,0,0,0,0,0,0,0,0,0,17_RIACHO FUNDO (4)_2026.xlsx,mensal
Riacho Fundo,17,2026,1. C.V.L.I. - CRIMES VIOLENTOS LETAIS INTENCIONAIS,OCORRENCIA,LATROCÍNIO,0,0,0,0,0,0,0,0,0,0,0,0,0,17_RIACHO FUNDO (4)_2026.xlsx,mensal
Riacho Fundo,17,2026,1. C.V.L.I. - CRIMES VIOLENTOS LETAIS INTENCIONAIS,OCORRENCIA,LESÃO CORPORAL SEG. DE MORTE,0,0,0,0,0,0,0,0,0,0,0,0,0,17_RIACHO FUNDO (4)_2026.xlsx,mensal
Riacho Fundo,17,2026,2. C.C.P. -                                                      CRIMES CONTRA O PATRIMÔNIO,OCORRENCIA,FURTO EM VEÍCULO,16,2,1,1,2,3,1,1,5,0,0,0,0,17_RIACHO FUNDO (4)_2026.xlsx,mensal
Riacho Fundo,17,2026,2. C.C.P. -                                                      CRIMES CONTRA O PATRIMÔNIO,OCORRENCIA,ROUBO A TRANSEUNTE,39,6,6,1,3,7,7,4,5,0,0,0,0,17_RIACHO FUNDO (4)_2026.xlsx,mensal
Riacho Fundo,17,2026,2. C.C.P. -                                                      CRIMES CONTRA O PATRIMÔNIO,OCORRENCIA,ROUBO DE VEÍCULO,1,1,0,0,0,0,0,0,0,0,0,0,0,17_RIACHO FUNDO (4)_2026.xlsx,mensal
Riacho Fundo,17,2026,2. C.C.P. -                                                      CRIMES CONTRA O PATRIMÔNIO,OCORRENCIA,ROUBO EM COLETIVO,0,0,0,0,0,0,0,0,0,0,0,0,0,17_RIACHO FUNDO (4)_2026.xlsx,mensal
Riacho Fundo,17,2026,2. C.C.P. -                                                      CRIMES CONTRA O PATRIMÔNIO,OCORRENCIA,ROUBO EM COMÉRCIO *,0,0,0,0,0,0,0,0,0,0,0,0,0,17_RIACHO FUNDO (4)_2026.xlsx,mensal
Riacho Fundo,17,2026,2. C.C.P. -                                                      CRIMES CONTRA O PATRIMÔNIO,OCORRENCIA,ROUBO EM RESIDÊNCIA,0,0,0,0,0,0,0,0,0,0,0,0,0,17_RIACHO FUNDO (4)_2026.xlsx,mensal
Riacho Fundo,17,2026,3. OUTROS CRIMES,OCORRENCIA,ESTUPRO,5,1,0,0,2,0,1,1,0,0,0,0,0,17_RIACHO FUNDO (4)_2026.xlsx,mensal
Riacho Fundo,17,2026,3. OUTROS CRIMES,OCORRENCIA,ESTUPRO DE VULNERÁVEL,3,2,0,0,0,0,1,0,0,0,0,0,0,17_RIACHO FUNDO (4)_2026.xlsx,mensal
Riacho Fundo,17,2026,3. OUTROS CRIMES,OCORRENCIA,TENTATIVA DE HOMICÍDIO,1,0,1,0,0,0,0,0,0,0,0,0,0,17_RIACHO FUNDO (4)_2026.xlsx,mensal
Riacho Fundo,17,2026,3. OUTROS CRIMES,OCORRENCIA,TENTATIVA DE LATROCÍNIO,1,0,0,0,0,1,0,0,0,0,0,0,0,17_RIACHO FUNDO (4)_2026.xlsx,mensal
Riacho Fundo,17,2026,4. PRODUTIVIDADE POLICIAL,OCORRENCIA,LOCALIZAÇÃO DE VEICULO FURTADO OU ROUBADO,21,3,7,3,4,0,3,1,0,0,0,0,0,17_RIACHO FUNDO (4)_2026.xlsx,mensal
Riacho Fundo,17,2026,4. PRODUTIVIDADE POLICIAL,OCORRENCIA,POSSE/PORTE DE ARMA,4,0,1,0,0,2,0,1,0,0,0,0,0,17_RIACHO FUNDO (4)_2026.xlsx,mensal
Riacho Fundo,17,2026,4. PRODUTIVIDADE POLICIAL,OCORRENCIA,TRÁFICO DE DROGAS,56,9,10,10,5,5,6,3,8,0,0,0,0,17_RIACHO FUNDO (4)_2026.xlsx,mensal
Riacho Fundo,17,2026,4. PRODUTIVIDADE POLICIAL,OCORRENCIA,USO E PORTE DE DROGAS,9,0,2,0,1,1,2,0,3,0,0,0,0,17_RIACHO FUNDO (4)_2026.xlsx,mensal
Riacho Fundo Ii,21,2014,1. C.V.L.I. - CRIMES VIOLENTOS LETAIS INTENCIONAIS,OCORRENCIA,HOMICÍDIO,11,0,1,3,1,0,0,1,0,1,1,0,3,21_riacho-fundo-ii_1-2-2_agregado.xls,PPV (mensal)2014
Riacho Fundo Ii,21,2014,1. C.V.L.I. - CRIMES VIOLENTOS LETAIS INTENCIONAIS,OCORRENCIA,LATROCÍNIO,0,0,0,0,0,0,0,0,0,0,0,0,0,21_riacho-fundo-ii_1-2-2_agregado.xls,PPV (mensal)2014
Riacho Fundo Ii,21,2014,1. C.V.L.I. - CRIMES VIOLENTOS LETAIS INTENCIONAIS,OCORRENCIA,LESÃO CORPORAL SEG. DE MORTE,0,0,0,0,0,0,0,0,0,0,0,0,0,21_riacho-fundo-ii_1-2-2_agregado.xls,PPV (mensal)2014
Riacho Fundo Ii,21,2014,2. C.C.P. -                                                      CRIMES CONTRA O PATRIMÔNIO,OCORRENCIA,FURTO EM VEÍCULO,59,6,7,12,4,7,5,5,2,3,4,3,1,21_riacho-fundo-ii_1-2-2_agregado.xls,PPV (mensal)2014
Riacho Fundo Ii,21,2014,2. C.C.P. -                                                      CRIMES CONTRA O PATRIMÔNIO,OCORRENCIA,ROUBO A TRANSEUNTE,370,23,36,46,32,41,19,20,38,45,20,25,25,21_riacho-fundo-ii_1-2-2_agregado.xls,PPV (mensal)2014
Riacho Fundo Ii,21,2014,2. C.C.P. -                                                      CRIMES CONTRA O PATRIMÔNIO,OCORRENCIA,ROUBO DE VEÍCULO,97,12,12,9,18,13,6,6,10,1,0,5,5,21_riacho-fundo-ii_1-2-2_agregado.xls,PPV (mensal)2014
Riacho Fundo Ii,21,2014,2. C.C.P. -                                                      CRIMES CONTRA O PATRIMÔNIO,OCORRENCIA,ROUBO EM COLETIVO,121,3,14,24,17,9,14,6,7,6,7,10,4,21_riacho-fundo-ii_1-2-2_agregado.xls,PPV (mensal)2014
Riacho Fundo Ii,21,2014,2. C.C.P. -                                                      CRIMES CONTRA O PATRIMÔNIO,OCORRENCIA,ROUBO EM COMÉRCIO *,45,8,4,2,5,7,3,3,3,1,0,6,3,21_riacho-fundo-ii_1-2-2_agregado.xls,PPV (mensal)2014
Riacho Fundo Ii,21,2014,3. OUTROS CRIMES,OCORRENCIA,ESTUPRO,18,1,1,2,0,1,1,1,3,2,2,2,2,21_riacho-fundo-ii_1-2-2_agregado.xls,PPV (mensal)2014
Riacho Fundo Ii,21,2014,3. OUTROS CRIMES,OCORRENCIA,FURTO A TRANSEUNTE,14,1,0,0,3,1,1,2,2,1,0,3,0,21_riacho-fundo-ii_1-2-2_agregado.xls,PPV (mensal)2014
Riacho Fundo Ii,21,2014,3. OUTROS CRIMES,OCORRENCIA,ROUBO EM RESIDÊNCIA,7,1,0,1,0,0,0,1,0,0,4,0,0,21_riacho-fundo-ii_1-2-2_agregado.xls,PPV (mensal)2014
Riacho Fundo Ii,21,2014,3. OUTROS CRIMES,OCORRENCIA,TENTATIVA DE HOMICÍDIO,14,1,3,1,1,0,2,0,1,0,2,2,1,21_riacho-fundo-ii_1-2-2_agregado.xls,PPV (mensal)2014
Riacho Fundo Ii,21,2014,4. PRODUTIVIDADE POLICIAL,OCORRENCIA,LOCALIZAÇÃO DE VEICULO FURTADO OU ROUBADO,163,22,20,14,18,18,18,11,8,15,2,7,10,21_riacho-fundo-ii_1-2-2_agregado.xls,PPV (mensal)2014
Riacho Fundo Ii,21,2014,4. PRODUTIVIDADE POLICIAL,OCORRENCIA,POSSE/PORTE DE ARMA,19,2,0,2,0,2,3,2,2,1,2,1,2,21_riacho-fundo-ii_1-2-2_agregado.xls,PPV (mensal)2014
Riacho Fundo Ii,21,2014,4. PRODUTIVIDADE POLICIAL,OCORRENCIA,TRÁFICO DE DROGAS,27,1,0,1,2,4,2,3,3,3,3,2,3,21_riacho-fundo-ii_1-2-2_agregado.xls,PPV (mensal)2014
Riacho Fundo Ii,21,2014,4. PRODUTIVIDADE POLICIAL,OCORRENCIA,USO E PORTE DE DROGAS,118,7,6,9,7,9,13,18,8,13,12,3,13,21_riacho-fundo-ii_1-2-2_agregado.xls,PPV (mensal)2014
Riacho Fundo Ii,21,2015,1. C.V.L.I. - CRIMES VIOLENTOS LETAIS INTENCIONAIS,OCORRENCIA,HOMICÍDIO,5,0,1,0,1,1,0,1,0,0,0,1,0,21_riacho-fundo-ii_1-2-2_agregado.xls,PPV (mensal)2015
Riacho Fundo Ii,21,2015,1. C.V.L.I. - CRIMES VIOLENTOS LETAIS INTENCIONAIS,OCORRENCIA,LATROCÍNIO,0,0,0,0,0,0,0,0,0,0,0,0,0,21_riacho-fundo-ii_1-2-2_agregado.xls,PPV (mensal)2015
Riacho Fundo Ii,21,2015,1. C.V.L.I. - CRIMES VIOLENTOS LETAIS INTENCIONAIS,OCORRENCIA,LESÃO CORPORAL SEG. DE MORTE,0,0,0,0,0,0,0,0,0,0,0,0,0,21_riacho-fundo-ii_1-2-2_agregado.xls,PPV (mensal)2015
Riacho Fundo Ii,21,2015,2. C.C.P. -                                                      CRIMES CONTRA O PATRIMÔNIO,OCORRENCIA,FURTO EM VEÍCULO,37,2,2,4,2,2,3,2,2,1,3,7,7,21_riacho-fundo-ii_1-2-2_agregado.xls,PPV (mensal)2015
Riacho Fundo Ii,21,2015,2. C.C.P. -                                                      CRIMES CONTRA O PATRIMÔNIO,OCORRENCIA,ROUBO A TRANSEUNTE,344,32,26,24,26,30,29,31,34,21,25,26,40,21_riacho-fundo-ii_1-2-2_agregado.xls,PPV (mensal)2015
Riacho Fundo Ii,21,2015,2. C.C.P. -                                                      CRIMES CONTRA O PATRIMÔNIO,OCORRENCIA,ROUBO DE VEÍCULO,69,9,8,4,3,8,3,6,9,5,3,7,4,21_riacho-fundo-ii_1-2-2_agregado.xls,PPV (mensal)2015
Riacho Fundo Ii,21,2015,2. C.C.P. -                                                      CRIMES CONTRA O PATRIMÔNIO,OCORRENCIA,ROUBO EM COLETIVO,53,13,2,2,5,7,6,0,4,0,6,4,4,21_riacho-fundo-ii_1-2-2_agregado.xls,PPV (mensal)2015
Riacho Fundo Ii,21,2015,2. C.C.P. -                                                      CRIMES CONTRA O PATRIMÔNIO,OCORRENCIA,ROUBO EM COMÉRCIO *,21,1,3,2,1,0,2,2,2,0,4,2,2,21_riacho-fundo-ii_1-2-2_agregado.xls,PPV (mensal)2015
Riacho Fundo Ii,21,2015,3. OUTROS CRIMES,OCORRENCIA,ESTUPRO,7,0,1,0,0,1,0,0,2,0,0,1,2,21_riacho-fundo-ii_1-2-2_agregado.xls,PPV (mensal)2015
Riacho Fundo Ii,21,2015,3. OUTROS CRIMES,OCORRENCIA,FURTO A TRANSEUNTE,10,0,2,1,1,1,1,1,1,0,1,0,1,21_riacho-fundo-ii_1-2-2_agregado.xls,PPV (mensal)2015
Riacho Fundo Ii,21,2015,3. OUTROS CRIMES,OCORRENCIA,ROUBO EM RESIDÊNCIA,14,0,1,4,0,1,0,1,0,1,0,4,2,21_riacho-fundo-ii_1-2-2_agregado.xls,PPV (mensal)2015
Riacho Fundo Ii,21,2015,3. OUTROS CRIMES,OCORRENCIA,TENTATIVA DE HOMICÍDIO,12,2,2,0,4,0,1,1,0,0,1,1,0,21_riacho-fundo-ii_1-2-2_agregado.xls,PPV (mensal)2015
Riacho Fundo Ii,21,2015,4. PRODUTIVIDADE POLICIAL,OCORRENCIA,LOCALIZAÇÃO DE VEICULO FURTADO OU ROUBADO,84,9,7,6,9,5,3,6,9,1,12,9,8,21_riacho-fundo-ii_1-2-2_agregado.xls,PPV (mensal)2015
Riacho Fundo Ii,21,2015,4. PRODUTIVIDADE POLICIAL,OCORRENCIA,POSSE/PORTE DE ARMA,21,4,1,3,0,1,3,1,1,1,2,2,2,21_riacho-fundo-ii_1-2-2_agregado.xls,PPV (mensal)2015
Riacho Fundo Ii,21,2015,4. PRODUTIVIDADE POLICIAL,OCORRENCIA,TRÁFICO DE DROGAS,21,3,2,1,2,2,3,2,1,2,0,2,1,21_riacho-fundo-ii_1-2-2_agregado.xls,PPV (mensal)2015
Riacho Fundo Ii,21,2015,4. PRODUTIVIDADE POLICIAL,OCORRENCIA,USO E PORTE DE DROGAS,75,11,11,7,7,5,3,4,3,12,8,3,1,21_riacho-fundo-ii_1-2-2_agregado.xls,PPV (mensal)2015
Riacho Fundo Ii,21,2016,1. C.V.L.I. - CRIMES VIOLENTOS LETAIS INTENCIONAIS,OCORRENCIA,HOMICÍDIO,12,0,0,0,1,1,1,1,3,0,2,1,2,21_riacho-fundo-ii_1-2-2_agregado.xls,PPV(mensal)2016
Riacho Fundo Ii,21,2016,1. C.V.L.I. - CRIMES VIOLENTOS LETAIS INTENCIONAIS,OCORRENCIA,LATROCÍNIO,0,0,0,0,0,0,0,0,0,0,0,0,0,21_riacho-fundo-ii_1-2-2_agregado.xls,PPV(mensal)2016
Riacho Fundo Ii,21,2016,1. C.V.L.I. - CRIMES VIOLENTOS LETAIS INTENCIONAIS,OCORRENCIA,LESÃO CORPORAL SEG. DE MORTE,0,0,0,0,0,0,0,0,0,0,0,0,0,21_riacho-fundo-ii_1-2-2_agregado.xls,PPV(mensal)2016
Riacho Fundo Ii,21,2016,2. C.C.P. -                                                      CRIMES CONTRA O PATRIMÔNIO,OCORRENCIA,FURTO EM VEÍCULO,48,3,6,5,3,2,5,7,2,3,3,5,4,21_riacho-fundo-ii_1-2-2_agregado.xls,PPV(mensal)2016
Riacho Fundo Ii,21,2016,2. C.C.P. -                                                      CRIMES CONTRA O PATRIMÔNIO,OCORRENCIA,ROUBO A TRANSEUNTE,536,30,37,54,44,48,42,59,43,47,40,44,48,21_riacho-fundo-ii_1-2-2_agregado.xls,PPV(mensal)2016
Riacho Fundo Ii,21,2016,2. C.C.P. -                                                      CRIMES CONTRA O PATRIMÔNIO,OCORRENCIA,ROUBO DE VEÍCULO,80,4,7,4,10,8,3,2,11,5,13,8,5,21_riacho-fundo-ii_1-2-2_agregado.xls,PPV(mensal)2016
Riacho Fundo Ii,21,2016,2. C.C.P. -                                                      CRIMES CONTRA O PATRIMÔNIO,OCORRENCIA,ROUBO EM COLETIVO,48,3,3,0,0,0,2,2,7,6,5,10,10,21_riacho-fundo-ii_1-2-2_agregado.xls,PPV(mensal)2016
Riacho Fundo Ii,21,2016,2. C.C.P. -                                                      CRIMES CONTRA O PATRIMÔNIO,OCORRENCIA,ROUBO EM COMÉRCIO *,41,6,2,2,2,1,7,4,2,9,2,1,3,21_riacho-fundo-ii_1-2-2_agregado.xls,PPV(mensal)2016
Riacho Fundo Ii,21,2016,2. C.C.P. -                                                      CRIMES CONTRA O PATRIMÔNIO,OCORRENCIA,ROUBO EM RESIDÊNCIA,14,0,1,1,2,4,0,0,2,1,2,1,0,21_riacho-fundo-ii_1-2-2_agregado.xls,PPV(mensal)2016
Riacho Fundo Ii,21,2016,3. OUTROS CRIMES,OCORRENCIA,ESTUPRO,9,1,1,1,2,0,0,2,1,1,0,0,0,21_riacho-fundo-ii_1-2-2_agregado.xls,PPV(mensal)2016
Riacho Fundo Ii,21,2016,3. OUTROS CRIMES,OCORRENCIA,FURTO A TRANSEUNTE,11,0,0,3,1,0,2,1,1,0,1,1,1,21_riacho-fundo-ii_1-2-2_agregado.xls,PPV(mensal)2016
Riacho Fundo Ii,21,2016,3. OUTROS CRIMES,OCORRENCIA,TENTATIVA DE HOMICÍDIO,18,3,2,1,3,0,2,0,0,1,2,3,1,21_riacho-fundo-ii_1-2-2_agregado.xls,PPV(mensal)2016
Riacho Fundo Ii,21,2016,3. OUTROS CRIMES,OCORRENCIA,TENTATIVA DE LATROCINIO,1,0,0,0,0,0,0,0,0,0,1,0,0,21_riacho-fundo-ii_1-2-2_agregado.xls,PPV(mensal)2016
Riacho Fundo Ii,21,2016,4. PRODUTIVIDADE POLICIAL,OCORRENCIA,LOCALIZAÇÃO DE VEICULO FURTADO OU ROUBADO,137,10,9,15,9,9,11,9,18,11,9,12,15,21_riacho-fundo-ii_1-2-2_agregado.xls,PPV(mensal)2016
Riacho Fundo Ii,21,2016,4. PRODUTIVIDADE POLICIAL,OCORRENCIA,POSSE/PORTE DE ARMA,17,1,2,1,0,2,2,1,2,2,1,2,1,21_riacho-fundo-ii_1-2-2_agregado.xls,PPV(mensal)2016
Riacho Fundo Ii,21,2016,4. PRODUTIVIDADE POLICIAL,OCORRENCIA,TRÁFICO DE DROGAS,22,3,1,2,2,2,1,4,1,2,0,3,1,21_riacho-fundo-ii_1-2-2_agregado.xls,PPV(mensal)2016
Riacho Fundo Ii,21,2016,4. PRODUTIVIDADE POLICIAL,OCORRENCIA,USO E PORTE DE DROGAS,56,3,3,6,6,9,5,5,7,2,3,2,5,21_riacho-fundo-ii_1-2-2_agregado.xls,PPV(mensal)2016
Riacho Fundo Ii,21,2017,1. C.V.L.I. - CRIMES VIOLENTOS LETAIS INTENCIONAIS,OCORRENCIA,HOMICÍDIO,7,0,1,0,0,1,0,0,1,1,3,0,0,21_riacho-fundo-ii_1-2-2_agregado.xls,PPV(mensal)2017
Riacho Fundo Ii,21,2017,1. C.V.L.I. - CRIMES VIOLENTOS LETAIS INTENCIONAIS,OCORRENCIA,LATROCÍNIO,0,0,0,0,0,0,0,0,0,0,0,0,0,21_riacho-fundo-ii_1-2-2_agregado.xls,PPV(mensal)2017
Riacho Fundo Ii,21,2017,1. C.V.L.I. - CRIMES VIOLENTOS LETAIS INTENCIONAIS,OCORRENCIA,LESÃO CORPORAL SEG. DE MORTE,0,0,0,0,0,0,0,0,0,0,0,0,0,21_riacho-fundo-ii_1-2-2_agregado.xls,PPV(mensal)2017
Riacho Fundo Ii,21,2017,2. C.C.P. -                                                      CRIMES CONTRA O PATRIMÔNIO,OCORRENCIA,FURTO EM VEÍCULO,50,4,6,5,3,1,0,6,5,2,7,6,5,21_riacho-fundo-ii_1-2-2_agregado.xls,PPV(mensal)2017
Riacho Fundo Ii,21,2017,2. C.C.P. -                                                      CRIMES CONTRA O PATRIMÔNIO,OCORRENCIA,ROUBO A TRANSEUNTE,653,48,47,59,49,65,58,52,62,44,58,66,45,21_riacho-fundo-ii_1-2-2_agregado.xls,PPV(mensal)2017
Riacho Fundo Ii,21,2017,2. C.C.P. -                                                      CRIMES CONTRA O PATRIMÔNIO,OCORRENCIA,ROUBO DE VEÍCULO,59,6,6,7,6,5,5,7,2,2,6,3,4,21_riacho-fundo-ii_1-2-2_agregado.xls,PPV(mensal)2017
Riacho Fundo Ii,21,2017,2. C.C.P. -                                                      CRIMES CONTRA O PATRIMÔNIO,OCORRENCIA,ROUBO EM COLETIVO,50,6,5,7,7,7,2,1,3,3,3,6,0,21_riacho-fundo-ii_1-2-2_agregado.xls,PPV(mensal)2017
Riacho Fundo Ii,21,2017,2. C.C.P. -                                                      CRIMES CONTRA O PATRIMÔNIO,OCORRENCIA,ROUBO EM COMÉRCIO *,33,2,3,1,3,4,6,2,4,1,1,5,1,21_riacho-fundo-ii_1-2-2_agregado.xls,PPV(mensal)2017
Riacho Fundo Ii,21,2017,2. C.C.P. -                                                      CRIMES CONTRA O PATRIMÔNIO,OCORRENCIA,ROUBO EM RESIDÊNCIA,12,2,1,1,0,2,1,0,1,3,0,0,1,21_riacho-fundo-ii_1-2-2_agregado.xls,PPV(mensal)2017
Riacho Fundo Ii,21,2017,3. OUTROS CRIMES,OCORRENCIA,ESTUPRO,13,0,0,1,0,4,1,0,2,2,1,0,2,21_riacho-fundo-ii_1-2-2_agregado.xls,PPV(mensal)2017
Riacho Fundo Ii,21,2017,3. OUTROS CRIMES,OCORRENCIA,FURTO A TRANSEUNTE,12,1,1,2,2,2,0,0,0,0,2,1,1,21_riacho-fundo-ii_1-2-2_agregado.xls,PPV(mensal)2017
Riacho Fundo Ii,21,2017,3. OUTROS CRIMES,OCORRENCIA,TENTATIVA DE HOMICÍDIO,14,2,1,0,1,0,2,1,1,4,0,2,0,21_riacho-fundo-ii_1-2-2_agregado.xls,PPV(mensal)2017
Riacho Fundo Ii,21,2017,3. OUTROS CRIMES,OCORRENCIA,TENTATIVA DE LATROCINIO,3,0,0,0,1,0,0,1,0,0,0,0,1,21_riacho-fundo-ii_1-2-2_agregado.xls,PPV(mensal)2017
Riacho Fundo Ii,21,2017,4. PRODUTIVIDADE POLICIAL,OCORRENCIA,LOCALIZAÇÃO DE VEICULO FURTADO OU ROUBADO,128,12,11,14,10,8,5,9,8,14,7,12,18,21_riacho-fundo-ii_1-2-2_agregado.xls,PPV(mensal)2017
Riacho Fundo Ii,21,2017,4. PRODUTIVIDADE POLICIAL,OCORRENCIA,POSSE/PORTE DE ARMA,24,2,1,2,3,3,2,2,3,0,3,2,1,21_riacho-fundo-ii_1-2-2_agregado.xls,PPV(mensal)2017
Riacho Fundo Ii,21,2017,4. PRODUTIVIDADE POLICIAL,OCORRENCIA,TRÁFICO DE DROGAS,25,2,2,2,0,4,4,4,1,1,2,2,1,21_riacho-fundo-ii_1-2-2_agregado.xls,PPV(mensal)2017
Riacho Fundo Ii,21,2017,4. PRODUTIVIDADE POLICIAL,OCORRENCIA,USO E PORTE DE DROGAS,63,4,6,7,0,6,6,5,6,9,5,6,3,21_riacho-fundo-ii_1-2-2_agregado.xls,PPV(mensal)2017
Riacho Fundo Ii,21,2018,1. C.V.L.I. - CRIMES VIOLENTOS LETAIS INTENCIONAIS,OCORRENCIA,HOMICÍDIO,7,0,1,1,0,1,1,0,1,0,0,1,1,21_riacho-fundo-ii_1-2-2_agregado.xls,PPV(mensal)2018
Riacho Fundo Ii,21,2018,1. C.V.L.I. - CRIMES VIOLENTOS LETAIS INTENCIONAIS,OCORRENCIA,LATROCÍNIO,0,0,0,0,0,0,0,0,0,0,0,0,0,21_riacho-fundo-ii_1-2-2_agregado.xls,PPV(mensal)2018
Riacho Fundo Ii,21,2018,1. C.V.L.I. - CRIMES VIOLENTOS LETAIS INTENCIONAIS,OCORRENCIA,LESÃO CORPORAL SEG. DE MORTE,0,0,0,0,0,0,0,0,0,0,0,0,0,21_riacho-fundo-ii_1-2-2_agregado.xls,PPV(mensal)2018
Riacho Fundo Ii,21,2018,2. C.C.P. -                                                      CRIMES CONTRA O PATRIMÔNIO,OCORRENCIA,FURTO EM VEÍCULO,50,2,5,7,5,4,4,2,7,4,2,5,3,21_riacho-fundo-ii_1-2-2_agregado.xls,PPV(mensal)2018
Riacho Fundo Ii,21,2018,2. C.C.P. -                                                      CRIMES CONTRA O PATRIMÔNIO,OCORRENCIA,ROUBO A TRANSEUNTE,603,62,43,55,46,59,64,43,62,64,37,39,29,21_riacho-fundo-ii_1-2-2_agregado.xls,PPV(mensal)2018
Riacho Fundo Ii,21,2018,2. C.C.P. -                                                      CRIMES CONTRA O PATRIMÔNIO,OCORRENCIA,ROUBO DE VEÍCULO,64,6,4,7,4,4,1,10,10,6,4,3,5,21_riacho-fundo-ii_1-2-2_agregado.xls,PPV(mensal)2018
Riacho Fundo Ii,21,2018,2. C.C.P. -                                                      CRIMES CONTRA O PATRIMÔNIO,OCORRENCIA,ROUBO EM COLETIVO,19,4,5,5,1,2,1,0,0,0,0,0,1,21_riacho-fundo-ii_1-2-2_agregado.xls,PPV(mensal)2018
Riacho Fundo Ii,21,2018,2. C.C.P. -                                                      CRIMES CONTRA O PATRIMÔNIO,OCORRENCIA,ROUBO EM COMÉRCIO *,20,1,1,3,2,3,0,5,1,1,1,2,0,21_riacho-fundo-ii_1-2-2_agregado.xls,PPV(mensal)2018
Riacho Fundo Ii,21,2018,2. C.C.P. -                                                      CRIMES CONTRA O PATRIMÔNIO,OCORRENCIA,ROUBO EM RESIDÊNCIA,15,3,1,0,1,1,0,1,1,1,2,3,1,21_riacho-fundo-ii_1-2-2_agregado.xls,PPV(mensal)2018
Riacho Fundo Ii,21,2018,3. OUTROS CRIMES,OCORRENCIA,ESTUPRO,20,1,1,2,1,1,2,2,3,1,2,2,2,21_riacho-fundo-ii_1-2-2_agregado.xls,PPV(mensal)2018
Riacho Fundo Ii,21,2018,3. OUTROS CRIMES,OCORRENCIA,FURTO A TRANSEUNTE,22,1,1,0,3,2,1,2,2,1,3,1,5,21_riacho-fundo-ii_1-2-2_agregado.xls,PPV(mensal)2018
Riacho Fundo Ii,21,2018,3. OUTROS CRIMES,OCORRENCIA,TENTATIVA DE HOMICÍDIO,20,4,0,2,1,1,0,4,3,3,0,0,2,21_riacho-fundo-ii_1-2-2_agregado.xls,PPV(mensal)2018
Riacho Fundo Ii,21,2018,3. OUTROS CRIMES,OCORRENCIA,TENTATIVA DE LATROCINIO,3,0,1,0,0,0,0,1,1,0,0,0,0,21_riacho-fundo-ii_1-2-2_agregado.xls,PPV(mensal)2018
Riacho Fundo Ii,21,2018,4. PRODUTIVIDADE POLICIAL,OCORRENCIA,LOCALIZAÇÃO DE VEICULO FURTADO OU ROUBADO,111,6,7,13,9,14,14,9,13,8,7,6,5,21_riacho-fundo-ii_1-2-2_agregado.xls,PPV(mensal)2018
Riacho Fundo Ii,21,2018,4. PRODUTIVIDADE POLICIAL,OCORRENCIA,POSSE/PORTE DE ARMA,16,2,2,1,0,2,0,2,1,2,0,2,2,21_riacho-fundo-ii_1-2-2_agregado.xls,PPV(mensal)2018
Riacho Fundo Ii,21,2018,4. PRODUTIVIDADE POLICIAL,OCORRENCIA,TRÁFICO DE DROGAS,26,0,3,3,2,5,0,2,3,3,0,2,3,21_riacho-fundo-ii_1-2-2_agregado.xls,PPV(mensal)2018
Riacho Fundo Ii,21,2018,4. PRODUTIVIDADE POLICIAL,OCORRENCIA,USO E PORTE DE DROGAS,74,5,12,8,11,7,1,6,5,3,5,6,5,21_riacho-fundo-ii_1-2-2_agregado.xls,PPV(mensal)2018
Riacho Fundo Ii,21,2026,1. C.V.L.I. - CRIMES VIOLENTOS LETAIS INTENCIONAIS,OCORRENCIA,HOMICÍDIO,2,0,0,0,1,0,0,0,1,0,0,0,0,21_RIACHO FUNDO II (4)_2026.xlsx,mensal
Riacho Fundo Ii,21,2026,1. C.V.L.I. - CRIMES VIOLENTOS LETAIS INTENCIONAIS,OCORRENCIA,LATROCÍNIO,0,0,0,0,0,0,0,0,0,0,0,0,0,21_RIACHO FUNDO II (4)_2026.xlsx,mensal
Riacho Fundo Ii,21,2026,1. C.V.L.I. - CRIMES VIOLENTOS LETAIS INTENCIONAIS,OCORRENCIA,LESÃO CORPORAL SEG. DE MORTE,0,0,0,0,0,0,0,0,0,0,0,0,0,21_RIACHO FUNDO II (4)_2026.xlsx,mensal
Riacho Fundo Ii,21,2026,2. C.C.P. -                                                      CRIMES CONTRA O PATRIMÔNIO,OCORRENCIA,FURTO EM VEÍCULO,14,0,3,0,2,4,0,1,4,0,0,0,0,21_RIACHO FUNDO II (4)_2026.xlsx,mensal
Riacho Fundo Ii,21,2026,2. C.C.P. -                                                      CRIMES CONTRA O PATRIMÔNIO,OCORRENCIA,ROUBO A TRANSEUNTE,74,9,9,11,12,17,6,3,7,0,0,0,0,21_RIACHO FUNDO II (4)_2026.xlsx,mensal
Riacho Fundo Ii,21,2026,2. C.C.P. -                                                      CRIMES CONTRA O PATRIMÔNIO,OCORRENCIA,ROUBO DE VEÍCULO,11,2,1,1,2,1,1,2,1,0,0,0,0,21_RIACHO FUNDO II (4)_2026.xlsx,mensal
Riacho Fundo Ii,21,2026,2. C.C.P. -                                                      CRIMES CONTRA O PATRIMÔNIO,OCORRENCIA,ROUBO EM COLETIVO,1,0,0,0,0,0,1,0,0,0,0,0,0,21_RIACHO FUNDO II (4)_2026.xlsx,mensal
Riacho Fundo Ii,21,2026,2. C.C.P. -                                                      CRIMES CONTRA O PATRIMÔNIO,OCORRENCIA,ROUBO EM COMÉRCIO *,2,0,0,0,2,0,0,0,0,0,0,0,0,21_RIACHO FUNDO II (4)_2026.xlsx,mensal
Riacho Fundo Ii,21,2026,2. C.C.P. -                                                      CRIMES CONTRA O PATRIMÔNIO,OCORRENCIA,ROUBO EM RESIDÊNCIA,1,1,0,0,0,0,0,0,0,0,0,0,0,21_RIACHO FUNDO II (4)_2026.xlsx,mensal
Riacho Fundo Ii,21,2026,3. OUTROS CRIMES,OCORRENCIA,ESTUPRO,7,2,0,1,0,1,0,2,1,0,0,0,0,21_RIACHO FUNDO II (4)_2026.xlsx,mensal
Riacho Fundo Ii,21,2026,3. OUTROS CRIMES,OCORRENCIA,ESTUPRO DE VULNERÁVEL,10,1,1,2,1,1,1,1,2,0,0,0,0,21_RIACHO FUNDO II (4)_2026.xlsx,mensal
Riacho Fundo Ii,21,2026,3. OUTROS CRIMES,OCORRENCIA,TENTATIVA DE HOMICÍDIO,6,1,2,0,2,1,0,0,0,0,0,0,0,21_RIACHO FUNDO II (4)_2026.xlsx,mensal
Riacho Fundo Ii,21,2026,3. OUTROS CRIMES,OCORRENCIA,TENTATIVA DE LATROCINIO,0,0,0,0,0,0,0,0,0,0,0,0,0,21_RIACHO FUNDO II (4)_2026.xlsx,mensal
Riacho Fundo Ii,21,2026,4. PRODUTIVIDADE POLICIAL,OCORRENCIA,LOCALIZAÇÃO DE VEICULO FURTADO OU ROUBADO,22,6,0,5,4,2,2,3,0,0,0,0,0,21_RIACHO FUNDO II (4)_2026.xlsx,mensal
Riacho Fundo Ii,21,2026,4. PRODUTIVIDADE POLICIAL,OCORRENCIA,POSSE/PORTE DE ARMA,2,0,0,1,0,0,1,0,0,0,0,0,0,21_RIACHO FUNDO II (4)_2026.xlsx,mensal
Riacho Fundo Ii,21,2026,4. PRODUTIVIDADE POLICIAL,OCORRENCIA,TRÁFICO DE DROGAS,39,5,6,8,4,7,2,3,4,0,0,0,0,21_RIACHO FUNDO II (4)_2026.xlsx,mensal
Riacho Fundo Ii,21,2026,4. PRODUTIVIDADE POLICIAL,OCORRENCIA,USO E PORTE DE DROGAS,8,1,2,0,2,1,0,2,0,0,0,0,0,21_RIACHO FUNDO II (4)_2026.xlsx,mensal
S.I.A.,29,2014,1. C.V.L.I. - CRIMES VIOLENTOS LETAIS INTENCIONAIS,OCORRENCIA,HOMICÍDIO,7,0,1,1,0,0,1,0,2,1,1,0,0,29_s.i.a_1-1-2_agregado.xls,PPV (mensal)2014
S.I.A.,29,2014,1. C.V.L.I. - CRIMES VIOLENTOS LETAIS INTENCIONAIS,OCORRENCIA,LATROCÍNIO,0,0,0,0,0,0,0,0,0,0,0,0,0,29_s.i.a_1-1-2_agregado.xls,PPV (mensal)2014
S.I.A.,29,2014,1. C.V.L.I. - CRIMES VIOLENTOS LETAIS INTENCIONAIS,OCORRENCIA,LESÃO CORPORAL SEG. DE MORTE,0,0,0,0,0,0,0,0,0,0,0,0,0,29_s.i.a_1-1-2_agregado.xls,PPV (mensal)2014
S.I.A.,29,2014,2. C.C.P. -                                                      CRIMES CONTRA O PATRIMÔNIO,OCORRENCIA,FURTO EM VEÍCULO,528,50,44,42,45,47,43,44,28,40,46,45,54,29_s.i.a_1-1-2_agregado.xls,PPV (mensal)2014
S.I.A.,29,2014,2. C.C.P. -                                                      CRIMES CONTRA O PATRIMÔNIO,OCORRENCIA,ROUBO A TRANSEUNTE,121,4,14,15,7,9,8,11,6,12,15,12,8,29_s.i.a_1-1-2_agregado.xls,PPV (mensal)2014
S.I.A.,29,2014,2. C.C.P. -                                                      CRIMES CONTRA O PATRIMÔNIO,OCORRENCIA,ROUBO DE VEÍCULO,39,5,2,3,7,2,3,4,3,2,3,3,2,29_s.i.a_1-1-2_agregado.xls,PPV (mensal)2014
S.I.A.,29,2014,2. C.C.P. -                                                      CRIMES CONTRA O PATRIMÔNIO,OCORRENCIA,ROUBO EM COLETIVO,15,0,0,1,1,0,2,1,4,0,0,6,0,29_s.i.a_1-1-2_agregado.xls,PPV (mensal)2014
S.I.A.,29,2014,2. C.C.P. -                                                      CRIMES CONTRA O PATRIMÔNIO,OCORRENCIA,ROUBO EM COMÉRCIO *,27,1,2,1,4,5,3,0,2,3,3,2,1,29_s.i.a_1-1-2_agregado.xls,PPV (mensal)2014
S.I.A.,29,2014,3. OUTROS CRIMES,OCORRENCIA,ESTUPRO,0,0,0,0,0,0,0,0,0,0,0,0,0,29_s.i.a_1-1-2_agregado.xls,PPV (mensal)2014
S.I.A.,29,2014,3. OUTROS CRIMES,OCORRENCIA,FURTO A TRANSEUNTE,25,2,5,0,0,1,0,1,2,3,4,3,4,29_s.i.a_1-1-2_agregado.xls,PPV (mensal)2014
S.I.A.,29,2014,3. OUTROS CRIMES,OCORRENCIA,ROUBO EM RESIDÊNCIA,0,0,0,0,0,0,0,0,0,0,0,0,0,29_s.i.a_1-1-2_agregado.xls,PPV (mensal)2014
S.I.A.,29,2014,3. OUTROS CRIMES,OCORRENCIA,TENTATIVA DE HOMICÍDIO,6,0,0,0,0,1,1,0,1,2,1,0,0,29_s.i.a_1-1-2_agregado.xls,PPV (mensal)2014
S.I.A.,29,2014,4. PRODUTIVIDADE POLICIAL,OCORRENCIA,LOCALIZAÇÃO DE VEICULO FURTADO OU ROUBADO,81,18,8,5,5,3,10,4,4,4,8,6,6,29_s.i.a_1-1-2_agregado.xls,PPV (mensal)2014
S.I.A.,29,2014,4. PRODUTIVIDADE POLICIAL,OCORRENCIA,POSSE/PORTE DE ARMA,8,2,0,5,0,0,0,0,0,0,1,0,0,29_s.i.a_1-1-2_agregado.xls,PPV (mensal)2014
S.I.A.,29,2014,4. PRODUTIVIDADE POLICIAL,OCORRENCIA,TRÁFICO DE DROGAS,20,2,0,3,0,2,1,6,0,2,1,2,1,29_s.i.a_1-1-2_agregado.xls,PPV (mensal)2014
S.I.A.,29,2014,4. PRODUTIVIDADE POLICIAL,OCORRENCIA,USO E PORTE DE DROGAS,48,4,2,8,3,5,4,7,3,1,5,2,4,29_s.i.a_1-1-2_agregado.xls,PPV (mensal)2014
S.I.A.,29,2015,1. C.V.L.I. - CRIMES VIOLENTOS LETAIS INTENCIONAIS,OCORRENCIA,HOMICÍDIO,1,0,0,0,0,0,0,0,0,0,1,0,0,29_s.i.a_1-1-2_agregado.xls,PPV (mensal)2015
S.I.A.,29,2015,1. C.V.L.I. - CRIMES VIOLENTOS LETAIS INTENCIONAIS,OCORRENCIA,LATROCÍNIO,0,0,0,0,0,0,0,0,0,0,0,0,0,29_s.i.a_1-1-2_agregado.xls,PPV (mensal)2015
S.I.A.,29,2015,1. C.V.L.I. - CRIMES VIOLENTOS LETAIS INTENCIONAIS,OCORRENCIA,LESÃO CORPORAL SEG. DE MORTE,0,0,0,0,0,0,0,0,0,0,0,0,0,29_s.i.a_1-1-2_agregado.xls,PPV (mensal)2015
S.I.A.,29,2015,2. C.C.P. -                                                      CRIMES CONTRA O PATRIMÔNIO,OCORRENCIA,FURTO EM VEÍCULO,288,43,20,23,35,20,21,24,22,11,35,11,23,29_s.i.a_1-1-2_agregado.xls,PPV (mensal)2015
S.I.A.,29,2015,2. C.C.P. -                                                      CRIMES CONTRA O PATRIMÔNIO,OCORRENCIA,ROUBO A TRANSEUNTE,114,13,9,11,15,8,11,8,7,4,15,7,6,29_s.i.a_1-1-2_agregado.xls,PPV (mensal)2015
S.I.A.,29,2015,2. C.C.P. -                                                      CRIMES CONTRA O PATRIMÔNIO,OCORRENCIA,ROUBO DE VEÍCULO,36,7,1,3,7,6,2,0,2,2,5,0,1,29_s.i.a_1-1-2_agregado.xls,PPV (mensal)2015
S.I.A.,29,2015,2. C.C.P. -                                                      CRIMES CONTRA O PATRIMÔNIO,OCORRENCIA,ROUBO EM COLETIVO,18,1,0,1,4,0,0,1,0,2,5,4,0,29_s.i.a_1-1-2_agregado.xls,PPV (mensal)2015
S.I.A.,29,2015,2. C.C.P. -                                                      CRIMES CONTRA O PATRIMÔNIO,OCORRENCIA,ROUBO EM COMÉRCIO *,25,8,1,3,4,0,2,0,1,1,1,2,2,29_s.i.a_1-1-2_agregado.xls,PPV (mensal)2015
S.I.A.,29,2015,3. OUTROS CRIMES,OCORRENCIA,ESTUPRO,3,0,0,0,1,0,1,0,0,0,0,0,1,29_s.i.a_1-1-2_agregado.xls,PPV (mensal)2015
S.I.A.,29,2015,3. OUTROS CRIMES,OCORRENCIA,FURTO A TRANSEUNTE,29,6,3,3,3,2,2,3,3,0,1,1,2,29_s.i.a_1-1-2_agregado.xls,PPV (mensal)2015
S.I.A.,29,2015,3. OUTROS CRIMES,OCORRENCIA,ROUBO EM RESIDÊNCIA,0,0,0,0,0,0,0,0,0,0,0,0,0,29_s.i.a_1-1-2_agregado.xls,PPV (mensal)2015
S.I.A.,29,2015,3. OUTROS CRIMES,OCORRENCIA,TENTATIVA DE HOMICÍDIO,4,1,0,2,0,0,0,0,0,0,1,0,0,29_s.i.a_1-1-2_agregado.xls,PPV (mensal)2015
S.I.A.,29,2015,4. PRODUTIVIDADE POLICIAL,OCORRENCIA,LOCALIZAÇÃO DE VEICULO FURTADO OU ROUBADO,62,9,1,9,3,4,4,6,5,2,7,6,6,29_s.i.a_1-1-2_agregado.xls,PPV (mensal)2015
S.I.A.,29,2015,4. PRODUTIVIDADE POLICIAL,OCORRENCIA,POSSE/PORTE DE ARMA,5,1,0,3,0,0,0,0,0,0,0,0,1,29_s.i.a_1-1-2_agregado.xls,PPV (mensal)2015
S.I.A.,29,2015,4. PRODUTIVIDADE POLICIAL,OCORRENCIA,TRÁFICO DE DROGAS,19,1,1,0,4,1,2,1,1,1,1,3,3,29_s.i.a_1-1-2_agregado.xls,PPV (mensal)2015
S.I.A.,29,2015,4. PRODUTIVIDADE POLICIAL,OCORRENCIA,USO E PORTE DE DROGAS,69,3,8,3,10,10,5,1,2,4,6,8,9,29_s.i.a_1-1-2_agregado.xls,PPV (mensal)2015
S.I.A.,29,2016,1. C.V.L.I. - CRIMES VIOLENTOS LETAIS INTENCIONAIS,OCORRENCIA,HOMICÍDIO,3,0,0,0,0,2,0,0,0,0,1,0,0,29_s.i.a_1-1-2_agregado.xls,PPV(mensal)2016
S.I.A.,29,2016,1. C.V.L.I. - CRIMES VIOLENTOS LETAIS INTENCIONAIS,OCORRENCIA,LATROCÍNIO,0,0,0,0,0,0,0,0,0,0,0,0,0,29_s.i.a_1-1-2_agregado.xls,PPV(mensal)2016
S.I.A.,29,2016,1. C.V.L.I. - CRIMES VIOLENTOS LETAIS INTENCIONAIS,OCORRENCIA,LESÃO CORPORAL SEG. DE MORTE,0,0,0,0,0,0,0,0,0,0,0,0,0,29_s.i.a_1-1-2_agregado.xls,PPV(mensal)2016
S.I.A.,29,2016,2. C.C.P. -                                                      CRIMES CONTRA O PATRIMÔNIO,OCORRENCIA,FURTO EM VEÍCULO,332,10,22,25,39,27,45,38,43,26,23,15,19,29_s.i.a_1-1-2_agregado.xls,PPV(mensal)2016
S.I.A.,29,2016,2. C.C.P. -                                                      CRIMES CONTRA O PATRIMÔNIO,OCORRENCIA,ROUBO A TRANSEUNTE,126,11,13,15,9,6,8,17,14,9,9,5,9,29_s.i.a_1-1-2_agregado.xls,PPV(mensal)2016
S.I.A.,29,2016,2. C.C.P. -                                                      CRIMES CONTRA O PATRIMÔNIO,OCORRENCIA,ROUBO DE VEÍCULO,37,5,2,6,1,4,3,2,1,0,3,5,5,29_s.i.a_1-1-2_agregado.xls,PPV(mensal)2016
S.I.A.,29,2016,2. C.C.P. -                                                      CRIMES CONTRA O PATRIMÔNIO,OCORRENCIA,ROUBO EM COLETIVO,5,0,0,0,0,0,0,0,1,1,1,2,0,29_s.i.a_1-1-2_agregado.xls,PPV(mensal)2016
S.I.A.,29,2016,2. C.C.P. -                                                      CRIMES CONTRA O PATRIMÔNIO,OCORRENCIA,ROUBO EM COMÉRCIO *,13,3,2,0,3,2,1,0,1,1,0,0,0,29_s.i.a_1-1-2_agregado.xls,PPV(mensal)2016
S.I.A.,29,2016,2. C.C.P. -                                                      CRIMES CONTRA O PATRIMÔNIO,OCORRENCIA,ROUBO EM RESIDÊNCIA,2,0,0,0,0,0,0,1,0,0,0,0,1,29_s.i.a_1-1-2_agregado.xls,PPV(mensal)2016
S.I.A.,29,2016,3. OUTROS CRIMES,OCORRENCIA,ESTUPRO,2,0,0,0,0,1,0,1,0,0,0,0,0,29_s.i.a_1-1-2_agregado.xls,PPV(mensal)2016
S.I.A.,29,2016,3. OUTROS CRIMES,OCORRENCIA,FURTO A TRANSEUNTE,18,2,1,1,4,2,1,2,1,1,0,0,3,29_s.i.a_1-1-2_agregado.xls,PPV(mensal)2016
S.I.A.,29,2016,3. OUTROS CRIMES,OCORRENCIA,TENTATIVA DE HOMICÍDIO,4,0,0,1,0,0,0,1,0,1,1,0,0,29_s.i.a_1-1-2_agregado.xls,PPV(mensal)2016
S.I.A.,29,2016,3. OUTROS CRIMES,OCORRENCIA,TENTATIVA DE LATROCÍNIO,0,0,0,0,0,0,0,0,0,0,0,0,0,29_s.i.a_1-1-2_agregado.xls,PPV(mensal)2016
S.I.A.,29,2016,4. PRODUTIVIDADE POLICIAL,OCORRENCIA,LOCALIZAÇÃO DE VEICULO FURTADO OU ROUBADO,64,7,2,15,6,7,2,1,9,5,4,3,3,29_s.i.a_1-1-2_agregado.xls,PPV(mensal)2016
S.I.A.,29,2016,4. PRODUTIVIDADE POLICIAL,OCORRENCIA,POSSE/PORTE DE ARMA,6,0,1,1,0,1,0,0,0,2,0,0,1,29_s.i.a_1-1-2_agregado.xls,PPV(mensal)2016
S.I.A.,29,2016,4. PRODUTIVIDADE POLICIAL,OCORRENCIA,TRÁFICO DE DROGAS,15,1,2,1,1,3,1,1,2,1,0,2,0,29_s.i.a_1-1-2_agregado.xls,PPV(mensal)2016
S.I.A.,29,2016,4. PRODUTIVIDADE POLICIAL,OCORRENCIA,USO E PORTE DE DROGAS,37,0,5,6,4,2,6,2,1,4,3,1,3,29_s.i.a_1-1-2_agregado.xls,PPV(mensal)2016
S.I.A.,29,2017,1. C.V.L.I. - CRIMES VIOLENTOS LETAIS INTENCIONAIS,OCORRENCIA,HOMICÍDIO,4,0,0,0,0,1,0,0,0,0,1,1,1,29_s.i.a_1-1-2_agregado.xls,PPV(mensal)2017
S.I.A.,29,2017,1. C.V.L.I. - CRIMES VIOLENTOS LETAIS INTENCIONAIS,OCORRENCIA,LATROCÍNIO,0,0,0,0,0,0,0,0,0,0,0,0,0,29_s.i.a_1-1-2_agregado.xls,PPV(mensal)2017
S.I.A.,29,2017,1. C.V.L.I. - CRIMES VIOLENTOS LETAIS INTENCIONAIS,OCORRENCIA,LESÃO CORPORAL SEG. DE MORTE,0,0,0,0,0,0,0,0,0,0,0,0,0,29_s.i.a_1-1-2_agregado.xls,PPV(mensal)2017
S.I.A.,29,2017,2. C.C.P. -                                                      CRIMES CONTRA O PATRIMÔNIO,OCORRENCIA,FURTO EM VEÍCULO,275,25,22,31,23,12,30,21,23,19,20,22,27,29_s.i.a_1-1-2_agregado.xls,PPV(mensal)2017
S.I.A.,29,2017,2. C.C.P. -                                                      CRIMES CONTRA O PATRIMÔNIO,OCORRENCIA,ROUBO A TRANSEUNTE,137,12,15,12,13,17,14,7,11,10,4,6,16,29_s.i.a_1-1-2_agregado.xls,PPV(mensal)2017
S.I.A.,29,2017,2. C.C.P. -                                                      CRIMES CONTRA O PATRIMÔNIO,OCORRENCIA,ROUBO DE VEÍCULO,29,5,3,4,2,4,4,1,1,3,0,2,0,29_s.i.a_1-1-2_agregado.xls,PPV(mensal)2017
S.I.A.,29,2017,2. C.C.P. -                                                      CRIMES CONTRA O PATRIMÔNIO,OCORRENCIA,ROUBO EM COLETIVO,9,2,0,0,0,4,0,0,0,1,1,1,0,29_s.i.a_1-1-2_agregado.xls,PPV(mensal)2017
S.I.A.,29,2017,2. C.C.P. -                                                      CRIMES CONTRA O PATRIMÔNIO,OCORRENCIA,ROUBO EM COMÉRCIO *,9,0,2,0,1,0,2,1,2,0,0,1,0,29_s.i.a_1-1-2_agregado.xls,PPV(mensal)2017
S.I.A.,29,2017,2. C.C.P. -                                                      CRIMES CONTRA O PATRIMÔNIO,OCORRENCIA,ROUBO EM RESIDÊNCIA,0,0,0,0,0,0,0,0,0,0,0,0,0,29_s.i.a_1-1-2_agregado.xls,PPV(mensal)2017
S.I.A.,29,2017,3. OUTROS CRIMES,OCORRENCIA,ESTUPRO,1,0,0,0,1,0,0,0,0,0,0,0,0,29_s.i.a_1-1-2_agregado.xls,PPV(mensal)2017
S.I.A.,29,2017,3. OUTROS CRIMES,OCORRENCIA,FURTO A TRANSEUNTE,27,4,2,3,1,1,3,1,1,3,2,3,3,29_s.i.a_1-1-2_agregado.xls,PPV(mensal)2017
S.I.A.,29,2017,3. OUTROS CRIMES,OCORRENCIA,TENTATIVA DE HOMICÍDIO,8,1,2,0,0,0,0,3,1,0,0,1,0,29_s.i.a_1-1-2_agregado.xls,PPV(mensal)2017
S.I.A.,29,2017,3. OUTROS CRIMES,OCORRENCIA,TENTATIVA DE LATROCÍNIO,1,0,0,0,0,0,0,0,1,0,0,0,0,29_s.i.a_1-1-2_agregado.xls,PPV(mensal)2017
S.I.A.,29,2017,4. PRODUTIVIDADE POLICIAL,OCORRENCIA,LOCALIZAÇÃO DE VEICULO FURTADO OU ROUBADO,49,2,2,6,7,4,7,5,2,5,1,3,5,29_s.i.a_1-1-2_agregado.xls,PPV(mensal)2017
S.I.A.,29,2017,4. PRODUTIVIDADE POLICIAL,OCORRENCIA,POSSE/PORTE DE ARMA,4,2,0,0,0,0,0,1,0,0,0,0,1,29_s.i.a_1-1-2_agregado.xls,PPV(mensal)2017
S.I.A.,29,2017,4. PRODUTIVIDADE POLICIAL,OCORRENCIA,TRÁFICO DE DROGAS,27,3,3,1,1,2,3,4,6,0,0,2,2,29_s.i.a_1-1-2_agregado.xls,PPV(mensal)2017
S.I.A.,29,2017,4. PRODUTIVIDADE POLICIAL,OCORRENCIA,USO E PORTE DE DROGAS,53,5,3,2,2,8,5,6,7,4,3,3,5,29_s.i.a_1-1-2_agregado.xls,PPV(mensal)2017
S.I.A.,29,2018,1. C.V.L.I. - CRIMES VIOLENTOS LETAIS INTENCIONAIS,OCORRENCIA,HOMICÍDIO,4,0,0,0,0,0,1,0,0,1,1,1,0,29_s.i.a_1-1-2_agregado.xls,PPV(mensal)2018
S.I.A.,29,2018,1. C.V.L.I. - CRIMES VIOLENTOS LETAIS INTENCIONAIS,OCORRENCIA,LATROCÍNIO,0,0,0,0,0,0,0,0,0,0,0,0,0,29_s.i.a_1-1-2_agregado.xls,PPV(mensal)2018
S.I.A.,29,2018,1. C.V.L.I. - CRIMES VIOLENTOS LETAIS INTENCIONAIS,OCORRENCIA,LESÃO CORPORAL SEG. DE MORTE,0,0,0,0,0,0,0,0,0,0,0,0,0,29_s.i.a_1-1-2_agregado.xls,PPV(mensal)2018
S.I.A.,29,2018,2. C.C.P. -                                                      CRIMES CONTRA O PATRIMÔNIO,OCORRENCIA,FURTO EM VEÍCULO,291,27,19,21,31,20,21,22,24,24,29,34,19,29_s.i.a_1-1-2_agregado.xls,PPV(mensal)2018
S.I.A.,29,2018,2. C.C.P. -                                                      CRIMES CONTRA O PATRIMÔNIO,OCORRENCIA,ROUBO A TRANSEUNTE,122,17,9,7,11,11,10,8,9,11,13,6,10,29_s.i.a_1-1-2_agregado.xls,PPV(mensal)2018
S.I.A.,29,2018,2. C.C.P. -                                                      CRIMES CONTRA O PATRIMÔNIO,OCORRENCIA,ROUBO DE VEÍCULO,24,3,3,1,4,4,1,0,0,2,5,0,1,29_s.i.a_1-1-2_agregado.xls,PPV(mensal)2018
S.I.A.,29,2018,2. C.C.P. -                                                      CRIMES CONTRA O PATRIMÔNIO,OCORRENCIA,ROUBO EM COLETIVO,21,0,3,7,1,2,5,1,0,0,0,2,0,29_s.i.a_1-1-2_agregado.xls,PPV(mensal)2018
S.I.A.,29,2018,2. C.C.P. -                                                      CRIMES CONTRA O PATRIMÔNIO,OCORRENCIA,ROUBO EM COMÉRCIO *,11,1,0,1,1,0,0,0,1,2,4,1,0,29_s.i.a_1-1-2_agregado.xls,PPV(mensal)2018
S.I.A.,29,2018,2. C.C.P. -                                                      CRIMES CONTRA O PATRIMÔNIO,OCORRENCIA,ROUBO EM RESIDÊNCIA,2,0,0,0,0,0,0,0,0,1,1,0,0,29_s.i.a_1-1-2_agregado.xls,PPV(mensal)2018
S.I.A.,29,2018,3. OUTROS CRIMES,OCORRENCIA,ESTUPRO,2,0,0,0,0,0,0,0,1,0,1,0,0,29_s.i.a_1-1-2_agregado.xls,PPV(mensal)2018
S.I.A.,29,2018,3. OUTROS CRIMES,OCORRENCIA,FURTO A TRANSEUNTE,28,1,3,2,2,4,0,0,3,4,3,3,3,29_s.i.a_1-1-2_agregado.xls,PPV(mensal)2018
S.I.A.,29,2018,3. OUTROS CRIMES,OCORRENCIA,TENTATIVA DE HOMICÍDIO,3,1,0,0,0,0,0,0,1,0,0,0,1,29_s.i.a_1-1-2_agregado.xls,PPV(mensal)2018
S.I.A.,29,2018,3. OUTROS CRIMES,OCORRENCIA,TENTATIVA DE LATROCÍNIO,0,0,0,0,0,0,0,0,0,0,0,0,0,29_s.i.a_1-1-2_agregado.xls,PPV(mensal)2018
S.I.A.,29,2018,4. PRODUTIVIDADE POLICIAL,OCORRENCIA,LOCALIZAÇÃO DE VEICULO FURTADO OU ROUBADO,47,4,5,1,4,5,0,3,4,1,2,7,11,29_s.i.a_1-1-2_agregado.xls,PPV(mensal)2018
S.I.A.,29,2018,4. PRODUTIVIDADE POLICIAL,OCORRENCIA,POSSE/PORTE DE ARMA,5,1,1,0,0,1,0,1,0,0,0,1,0,29_s.i.a_1-1-2_agregado.xls,PPV(mensal)2018
S.I.A.,29,2018,4. PRODUTIVIDADE POLICIAL,OCORRENCIA,TRÁFICO DE DROGAS,23,2,0,4,3,2,1,1,2,1,2,2,3,29_s.i.a_1-1-2_agregado.xls,PPV(mensal)2018
S.I.A.,29,2018,4. PRODUTIVIDADE POLICIAL,OCORRENCIA,USO E PORTE DE DROGAS,59,3,8,8,3,4,7,6,3,5,1,4,7,29_s.i.a_1-1-2_agregado.xls,PPV(mensal)2018
S.I.A.,29,2026,1. C.V.L.I. - CRIMES VIOLENTOS LETAIS INTENCIONAIS,OCORRENCIA,HOMICÍDIO,0,0,0,0,0,0,0,0,0,0,0,0,0,29_SIA (4)_2026.xlsx,mensal
S.I.A.,29,2026,1. C.V.L.I. - CRIMES VIOLENTOS LETAIS INTENCIONAIS,OCORRENCIA,LATROCÍNIO,0,0,0,0,0,0,0,0,0,0,0,0,0,29_SIA (4)_2026.xlsx,mensal
S.I.A.,29,2026,1. C.V.L.I. - CRIMES VIOLENTOS LETAIS INTENCIONAIS,OCORRENCIA,LESÃO CORPORAL SEG. DE MORTE,0,0,0,0,0,0,0,0,0,0,0,0,0,29_SIA (4)_2026.xlsx,mensal
S.I.A.,29,2026,2. C.C.P. -                                                      CRIMES CONTRA O PATRIMÔNIO,OCORRENCIA,FURTO EM VEÍCULO,48,14,4,8,6,7,3,2,4,0,0,0,0,29_SIA (4)_2026.xlsx,mensal
S.I.A.,29,2026,2. C.C.P. -                                                      CRIMES CONTRA O PATRIMÔNIO,OCORRENCIA,ROUBO A TRANSEUNTE,25,4,2,0,3,3,0,8,5,0,0,0,0,29_SIA (4)_2026.xlsx,mensal
S.I.A.,29,2026,2. C.C.P. -                                                      CRIMES CONTRA O PATRIMÔNIO,OCORRENCIA,ROUBO DE VEÍCULO,1,0,0,0,0,0,0,1,0,0,0,0,0,29_SIA (4)_2026.xlsx,mensal
S.I.A.,29,2026,2. C.C.P. -                                                      CRIMES CONTRA O PATRIMÔNIO,OCORRENCIA,ROUBO EM COLETIVO,0,0,0,0,0,0,0,0,0,0,0,0,0,29_SIA (4)_2026.xlsx,mensal
S.I.A.,29,2026,2. C.C.P. -                                                      CRIMES CONTRA O PATRIMÔNIO,OCORRENCIA,ROUBO EM COMÉRCIO *,0,0,0,0,0,0,0,0,0,0,0,0,0,29_SIA (4)_2026.xlsx,mensal
S.I.A.,29,2026,2. C.C.P. -                                                      CRIMES CONTRA O PATRIMÔNIO,OCORRENCIA,ROUBO EM RESIDÊNCIA,0,0,0,0,0,0,0,0,0,0,0,0,0,29_SIA (4)_2026.xlsx,mensal
S.I.A.,29,2026,3. OUTROS CRIMES,OCORRENCIA,ESTUPRO,2,0,0,1,1,0,0,0,0,0,0,0,0,29_SIA (4)_2026.xlsx,mensal
S.I.A.,29,2026,3. OUTROS CRIMES,OCORRENCIA,ESTUPRO DE VULNERÁVEL,0,0,0,0,0,0,0,0,0,0,0,0,0,29_SIA (4)_2026.xlsx,mensal
S.I.A.,29,2026,3. OUTROS CRIMES,OCORRENCIA,TENTATIVA DE HOMICÍDIO,0,0,0,0,0,0,0,0,0,0,0,0,0,29_SIA (4)_2026.xlsx,mensal
S.I.A.,29,2026,3. OUTROS CRIMES,OCORRENCIA,TENTATIVA DE LATROCÍNIO,0,0,0,0,0,0,0,0,0,0,0,0,0,29_SIA (4)_2026.xlsx,mensal
S.I.A.,29,2026,4. PRODUTIVIDADE POLICIAL,OCORRENCIA,LOCALIZAÇÃO DE VEICULO FURTADO OU ROUBADO,16,3,2,3,1,0,3,3,1,0,0,0,0,29_SIA (4)_2026.xlsx,mensal
S.I.A.,29,2026,4. PRODUTIVIDADE POLICIAL,OCORRENCIA,POSSE/PORTE DE ARMA,7,1,0,0,1,0,3,0,2,0,0,0,0,29_SIA (4)_2026.xlsx,mensal
S.I.A.,29,2026,4. PRODUTIVIDADE POLICIAL,OCORRENCIA,TRÁFICO DE DROGAS,24,5,2,4,1,3,5,3,1,0,0,0,0,29_SIA (4)_2026.xlsx,mensal
S.I.A.,29,2026,4. PRODUTIVIDADE POLICIAL,OCORRENCIA,USO E PORTE DE DROGAS,20,4,1,2,3,6,1,2,1,0,0,0,0,29_SIA (4)_2026.xlsx,mensal
Samambaia,12,2014,1. C.V.L.I. - CRIMES VIOLENTOS LETAIS INTENCIONAIS,OCORRENCIA,HOMICÍDIO,66,9,3,5,7,8,2,9,3,4,7,6,3,12_samambaia_1-1-2_agregado.xls,PPV (mensal)2014
Samambaia,12,2014,1. C.V.L.I. - CRIMES VIOLENTOS LETAIS INTENCIONAIS,OCORRENCIA,LATROCÍNIO,1,0,0,1,0,0,0,0,0,0,0,0,0,12_samambaia_1-1-2_agregado.xls,PPV (mensal)2014
Samambaia,12,2014,1. C.V.L.I. - CRIMES VIOLENTOS LETAIS INTENCIONAIS,OCORRENCIA,LESÃO CORPORAL SEG. DE MORTE,0,0,0,0,0,0,0,0,0,0,0,0,0,12_samambaia_1-1-2_agregado.xls,PPV (mensal)2014
Samambaia,12,2014,2. C.C.P. -                                                      CRIMES CONTRA O PATRIMÔNIO,OCORRENCIA,FURTO EM VEÍCULO,654,57,60,56,57,52,65,60,45,54,52,50,46,12_samambaia_1-1-2_agregado.xls,PPV (mensal)2014
Samambaia,12,2014,2. C.C.P. -                                                      CRIMES CONTRA O PATRIMÔNIO,OCORRENCIA,ROUBO A TRANSEUNTE,3518,259,266,365,297,308,237,276,280,305,347,263,315,12_samambaia_1-1-2_agregado.xls,PPV (mensal)2014
Samambaia,12,2014,2. C.C.P. -                                                      CRIMES CONTRA O PATRIMÔNIO,OCORRENCIA,ROUBO DE VEÍCULO,913,111,80,103,112,74,52,57,41,59,64,77,83,12_samambaia_1-1-2_agregado.xls,PPV (mensal)2014
Samambaia,12,2014,2. C.C.P. -                                                      CRIMES CONTRA O PATRIMÔNIO,OCORRENCIA,ROUBO EM COLETIVO,448,34,42,49,30,35,45,55,42,29,35,31,21,12_samambaia_1-1-2_agregado.xls,PPV (mensal)2014
Samambaia,12,2014,2. C.C.P. -                                                      CRIMES CONTRA O PATRIMÔNIO,OCORRENCIA,ROUBO EM COMÉRCIO *,607,106,77,100,72,56,29,36,27,28,20,21,35,12_samambaia_1-1-2_agregado.xls,PPV (mensal)2014
Samambaia,12,2014,3. OUTROS CRIMES,OCORRENCIA,ESTUPRO,60,6,4,6,4,10,2,5,5,6,4,4,4,12_samambaia_1-1-2_agregado.xls,PPV (mensal)2014
Samambaia,12,2014,3. OUTROS CRIMES,OCORRENCIA,FURTO A TRANSEUNTE,85,7,5,7,6,10,12,6,6,10,5,6,5,12_samambaia_1-1-2_agregado.xls,PPV (mensal)2014
Samambaia,12,2014,3. OUTROS CRIMES,OCORRENCIA,ROUBO EM RESIDÊNCIA,61,10,7,7,5,3,5,5,0,1,2,7,9,12_samambaia_1-1-2_agregado.xls,PPV (mensal)2014
Samambaia,12,2014,3. OUTROS CRIMES,OCORRENCIA,TENTATIVA DE HOMICÍDIO,105,11,10,14,3,6,9,7,7,12,6,10,10,12_samambaia_1-1-2_agregado.xls,PPV (mensal)2014
Samambaia,12,2014,4. PRODUTIVIDADE POLICIAL,OCORRENCIA,LOCALIZAÇÃO DE VEICULO FURTADO OU ROUBADO,1220,153,119,118,121,111,59,88,73,101,61,109,107,12_samambaia_1-1-2_agregado.xls,PPV (mensal)2014
Samambaia,12,2014,4. PRODUTIVIDADE POLICIAL,OCORRENCIA,POSSE/PORTE DE ARMA,156,6,8,19,18,21,14,12,14,9,10,8,17,12_samambaia_1-1-2_agregado.xls,PPV (mensal)2014
Samambaia,12,2014,4. PRODUTIVIDADE POLICIAL,OCORRENCIA,TRÁFICO DE DROGAS,118,4,6,16,11,8,6,8,11,13,10,9,16,12_samambaia_1-1-2_agregado.xls,PPV (mensal)2014
Samambaia,12,2014,4. PRODUTIVIDADE POLICIAL,OCORRENCIA,USO E PORTE DE DROGAS,180,2,9,18,20,17,13,15,21,14,16,23,12,12_samambaia_1-1-2_agregado.xls,PPV (mensal)2014
Samambaia,12,2015,1. C.V.L.I. - CRIMES VIOLENTOS LETAIS INTENCIONAIS,OCORRENCIA,HOMICÍDIO,39,5,4,6,5,3,4,5,2,2,0,0,3,12_samambaia_1-1-2_agregado.xls,PPV (mensal)2015
Samambaia,12,2015,1. C.V.L.I. - CRIMES VIOLENTOS LETAIS INTENCIONAIS,OCORRENCIA,LATROCÍNIO,9,2,1,0,1,2,1,0,0,0,2,0,0,12_samambaia_1-1-2_agregado.xls,PPV (mensal)2015
Samambaia,12,2015,1. C.V.L.I. - CRIMES VIOLENTOS LETAIS INTENCIONAIS,OCORRENCIA,LESÃO CORPORAL SEG. DE MORTE,1,1,0,0,0,0,0,0,0,0,0,0,0,12_samambaia_1-1-2_agregado.xls,PPV (mensal)2015
Samambaia,12,2015,2. C.C.P. -                                                      CRIMES CONTRA O PATRIMÔNIO,OCORRENCIA,FURTO EM VEÍCULO,543,54,47,58,55,47,53,51,52,17,32,42,35,12_samambaia_1-1-2_agregado.xls,PPV (mensal)2015
Samambaia,12,2015,2. C.C.P. -                                                      CRIMES CONTRA O PATRIMÔNIO,OCORRENCIA,ROUBO A TRANSEUNTE,3646,317,288,390,296,271,272,289,281,185,386,355,316,12_samambaia_1-1-2_agregado.xls,PPV (mensal)2015
Samambaia,12,2015,2. C.C.P. -                                                      CRIMES CONTRA O PATRIMÔNIO,OCORRENCIA,ROUBO DE VEÍCULO,686,78,57,74,48,46,46,47,57,51,62,56,64,12_samambaia_1-1-2_agregado.xls,PPV (mensal)2015
Samambaia,12,2015,2. C.C.P. -                                                      CRIMES CONTRA O PATRIMÔNIO,OCORRENCIA,ROUBO EM COLETIVO,548,37,38,38,50,31,39,34,35,50,51,53,92,12_samambaia_1-1-2_agregado.xls,PPV (mensal)2015
Samambaia,12,2015,2. C.C.P. -                                                      CRIMES CONTRA O PATRIMÔNIO,OCORRENCIA,ROUBO EM COMÉRCIO *,305,35,41,20,24,23,21,21,12,20,34,27,27,12_samambaia_1-1-2_agregado.xls,PPV (mensal)2015
Samambaia,12,2015,3. OUTROS CRIMES,OCORRENCIA,ESTUPRO,49,5,4,7,8,4,1,4,2,3,1,7,3,12_samambaia_1-1-2_agregado.xls,PPV (mensal)2015
Samambaia,12,2015,3. OUTROS CRIMES,OCORRENCIA,FURTO A TRANSEUNTE,143,9,9,14,14,12,13,17,9,8,12,14,12,12_samambaia_1-1-2_agregado.xls,PPV (mensal)2015
Samambaia,12,2015,3. OUTROS CRIMES,OCORRENCIA,ROUBO EM RESIDÊNCIA,87,9,4,9,4,5,11,10,6,4,14,4,7,12_samambaia_1-1-2_agregado.xls,PPV (mensal)2015
Samambaia,12,2015,3. OUTROS CRIMES,OCORRENCIA,TENTATIVA DE HOMICÍDIO,61,7,3,10,10,5,3,0,4,4,5,2,8,12_samambaia_1-1-2_agregado.xls,PPV (mensal)2015
Samambaia,12,2015,4. PRODUTIVIDADE POLICIAL,OCORRENCIA,LOCALIZAÇÃO DE VEICULO FURTADO OU ROUBADO,966,92,66,103,97,77,85,72,76,56,83,85,74,12_samambaia_1-1-2_agregado.xls,PPV (mensal)2015
Samambaia,12,2015,4. PRODUTIVIDADE POLICIAL,OCORRENCIA,POSSE/PORTE DE ARMA,150,11,13,14,17,11,18,10,16,16,11,8,5,12_samambaia_1-1-2_agregado.xls,PPV (mensal)2015
Samambaia,12,2015,4. PRODUTIVIDADE POLICIAL,OCORRENCIA,TRÁFICO DE DROGAS,148,8,15,22,19,11,16,14,11,4,5,13,10,12_samambaia_1-1-2_agregado.xls,PPV (mensal)2015
Samambaia,12,2015,4. PRODUTIVIDADE POLICIAL,OCORRENCIA,USO E PORTE DE DROGAS,207,14,20,25,24,18,12,20,25,10,13,11,15,12_samambaia_1-1-2_agregado.xls,PPV (mensal)2015
Samambaia,12,2016,1. C.V.L.I. - CRIMES VIOLENTOS LETAIS INTENCIONAIS,OCORRENCIA,HOMICÍDIO,48,9,7,3,6,0,1,2,3,2,1,8,6,12_samambaia_1-1-2_agregado.xls,PPV(mensal)2016
Samambaia,12,2016,1. C.V.L.I. - CRIMES VIOLENTOS LETAIS INTENCIONAIS,OCORRENCIA,LATROCÍNIO,7,0,0,0,0,0,2,2,2,1,0,0,0,12_samambaia_1-1-2_agregado.xls,PPV(mensal)2016
Samambaia,12,2016,1. C.V.L.I. - CRIMES VIOLENTOS LETAIS INTENCIONAIS,OCORRENCIA,LESÃO CORPORAL SEG. DE MORTE,0,0,0,0,0,0,0,0,0,0,0,0,0,12_samambaia_1-1-2_agregado.xls,PPV(mensal)2016
Samambaia,12,2016,2. C.C.P. -                                                      CRIMES CONTRA O PATRIMÔNIO,OCORRENCIA,FURTO EM VEÍCULO,544,59,40,52,47,55,53,45,33,48,49,32,31,12_samambaia_1-1-2_agregado.xls,PPV(mensal)2016
Samambaia,12,2016,2. C.C.P. -                                                      CRIMES CONTRA O PATRIMÔNIO,OCORRENCIA,ROUBO A TRANSEUNTE,4954,390,360,433,452,417,505,460,469,396,315,391,366,12_samambaia_1-1-2_agregado.xls,PPV(mensal)2016
Samambaia,12,2016,2. C.C.P. -                                                      CRIMES CONTRA O PATRIMÔNIO,OCORRENCIA,ROUBO DE VEÍCULO,880,77,60,72,78,95,75,94,83,95,54,50,47,12_samambaia_1-1-2_agregado.xls,PPV(mensal)2016
Samambaia,12,2016,2. C.C.P. -                                                      CRIMES CONTRA O PATRIMÔNIO,OCORRENCIA,ROUBO EM COLETIVO,613,58,28,24,22,18,33,45,50,87,83,101,64,12_samambaia_1-1-2_agregado.xls,PPV(mensal)2016
Samambaia,12,2016,2. C.C.P. -                                                      CRIMES CONTRA O PATRIMÔNIO,OCORRENCIA,ROUBO EM COMÉRCIO *,314,38,24,30,21,25,29,29,24,29,19,24,22,12_samambaia_1-1-2_agregado.xls,PPV(mensal)2016
Samambaia,12,2016,2. C.C.P. -                                                      CRIMES CONTRA O PATRIMÔNIO,OCORRENCIA,ROUBO EM RESIDÊNCIA,142,12,20,21,17,8,7,9,15,9,6,7,11,12_samambaia_1-1-2_agregado.xls,PPV(mensal)2016
Samambaia,12,2016,3. OUTROS CRIMES,OCORRENCIA,ESTUPRO,48,6,2,1,2,7,7,6,3,4,3,2,5,12_samambaia_1-1-2_agregado.xls,PPV(mensal)2016
Samambaia,12,2016,3. OUTROS CRIMES,OCORRENCIA,FURTO A TRANSEUNTE,127,18,12,7,8,15,14,13,15,9,7,8,1,12_samambaia_1-1-2_agregado.xls,PPV(mensal)2016
Samambaia,12,2016,3. OUTROS CRIMES,OCORRENCIA,TENTATIVA DE HOMICÍDIO,75,7,7,7,10,7,4,4,5,6,9,2,7,12_samambaia_1-1-2_agregado.xls,PPV(mensal)2016
Samambaia,12,2016,3. OUTROS CRIMES,OCORRENCIA,TENTATIVA DE LATROCÍNIO,28,6,2,3,2,0,3,3,2,4,0,2,1,12_samambaia_1-1-2_agregado.xls,PPV(mensal)2016
Samambaia,12,2016,4. PRODUTIVIDADE POLICIAL,OCORRENCIA,LOCALIZAÇÃO DE VEICULO FURTADO OU ROUBADO,1212,116,97,107,119,101,102,103,104,91,96,88,88,12_samambaia_1-1-2_agregado.xls,PPV(mensal)2016
Samambaia,12,2016,4. PRODUTIVIDADE POLICIAL,OCORRENCIA,POSSE/PORTE DE ARMA,128,12,13,10,11,11,10,12,10,9,9,9,12,12_samambaia_1-1-2_agregado.xls,PPV(mensal)2016
Samambaia,12,2016,4. PRODUTIVIDADE POLICIAL,OCORRENCIA,TRÁFICO DE DROGAS,129,12,21,13,9,6,10,17,10,7,12,6,6,12_samambaia_1-1-2_agregado.xls,PPV(mensal)2016
Samambaia,12,2016,4. PRODUTIVIDADE POLICIAL,OCORRENCIA,USO E PORTE DE DROGAS,273,20,35,29,16,22,24,39,17,13,19,23,16,12_samambaia_1-1-2_agregado.xls,PPV(mensal)2016
Samambaia,12,2017,1. C.V.L.I. - CRIMES VIOLENTOS LETAIS INTENCIONAIS,OCORRENCIA,HOMICÍDIO,49,3,8,1,5,3,6,4,2,4,7,3,3,12_samambaia_1-1-2_agregado.xls,PPV(mensal)2017
Samambaia,12,2017,1. C.V.L.I. - CRIMES VIOLENTOS LETAIS INTENCIONAIS,OCORRENCIA,LATROCÍNIO,3,0,0,0,1,0,0,0,1,1,0,0,0,12_samambaia_1-1-2_agregado.xls,PPV(mensal)2017
Samambaia,12,2017,1. C.V.L.I. - CRIMES VIOLENTOS LETAIS INTENCIONAIS,OCORRENCIA,LESÃO CORPORAL SEG. DE MORTE,0,0,0,0,0,0,0,0,0,0,0,0,0,12_samambaia_1-1-2_agregado.xls,PPV(mensal)2017
Samambaia,12,2017,2. C.C.P. -                                                      CRIMES CONTRA O PATRIMÔNIO,OCORRENCIA,FURTO EM VEÍCULO,464,32,29,41,47,44,35,38,41,38,42,36,41,12_samambaia_1-1-2_agregado.xls,PPV(mensal)2017
Samambaia,12,2017,2. C.C.P. -                                                      CRIMES CONTRA O PATRIMÔNIO,OCORRENCIA,ROUBO A TRANSEUNTE,4534,382,415,415,376,437,377,285,341,331,347,475,353,12_samambaia_1-1-2_agregado.xls,PPV(mensal)2017
Samambaia,12,2017,2. C.C.P. -                                                      CRIMES CONTRA O PATRIMÔNIO,OCORRENCIA,ROUBO DE VEÍCULO,645,55,40,68,56,73,44,39,52,47,58,56,57,12_samambaia_1-1-2_agregado.xls,PPV(mensal)2017
Samambaia,12,2017,2. C.C.P. -                                                      CRIMES CONTRA O PATRIMÔNIO,OCORRENCIA,ROUBO EM COLETIVO,732,51,89,45,32,58,42,37,58,99,75,97,49,12_samambaia_1-1-2_agregado.xls,PPV(mensal)2017
Samambaia,12,2017,2. C.C.P. -                                                      CRIMES CONTRA O PATRIMÔNIO,OCORRENCIA,ROUBO EM COMÉRCIO *,194,20,19,12,18,22,12,10,18,6,19,14,24,12_samambaia_1-1-2_agregado.xls,PPV(mensal)2017
Samambaia,12,2017,2. C.C.P. -                                                      CRIMES CONTRA O PATRIMÔNIO,OCORRENCIA,ROUBO EM RESIDÊNCIA,106,11,6,8,14,12,5,4,9,8,3,7,19,12_samambaia_1-1-2_agregado.xls,PPV(mensal)2017
Samambaia,12,2017,3. OUTROS CRIMES,OCORRENCIA,ESTUPRO,83,4,3,8,7,5,9,8,9,5,14,5,6,12_samambaia_1-1-2_agregado.xls,PPV(mensal)2017
Samambaia,12,2017,3. OUTROS CRIMES,OCORRENCIA,FURTO A TRANSEUNTE,124,10,10,14,6,12,14,11,9,11,9,8,10,12_samambaia_1-1-2_agregado.xls,PPV(mensal)2017
Samambaia,12,2017,3. OUTROS CRIMES,OCORRENCIA,TENTATIVA DE HOMICÍDIO,82,12,5,6,5,2,6,8,4,11,6,9,8,12_samambaia_1-1-2_agregado.xls,PPV(mensal)2017
Samambaia,12,2017,3. OUTROS CRIMES,OCORRENCIA,TENTATIVA DE LATROCÍNIO,24,2,0,1,1,2,0,2,2,2,1,7,4,12_samambaia_1-1-2_agregado.xls,PPV(mensal)2017
Samambaia,12,2017,4. PRODUTIVIDADE POLICIAL,OCORRENCIA,LOCALIZAÇÃO DE VEICULO FURTADO OU ROUBADO,914,70,79,90,59,86,62,73,76,64,80,87,88,12_samambaia_1-1-2_agregado.xls,PPV(mensal)2017
Samambaia,12,2017,4. PRODUTIVIDADE POLICIAL,OCORRENCIA,POSSE/PORTE DE ARMA,123,14,12,10,8,12,3,6,17,10,9,12,10,12_samambaia_1-1-2_agregado.xls,PPV(mensal)2017
Samambaia,12,2017,4. PRODUTIVIDADE POLICIAL,OCORRENCIA,TRÁFICO DE DROGAS,179,8,8,14,21,10,13,11,28,13,23,14,16,12_samambaia_1-1-2_agregado.xls,PPV(mensal)2017
Samambaia,12,2017,4. PRODUTIVIDADE POLICIAL,OCORRENCIA,USO E PORTE DE DROGAS,348,29,14,21,22,27,42,18,32,26,39,37,41,12_samambaia_1-1-2_agregado.xls,PPV(mensal)2017
Samambaia,12,2018,1. C.V.L.I. - CRIMES VIOLENTOS LETAIS INTENCIONAIS,OCORRENCIA,HOMICÍDIO,32,4,2,3,3,3,3,1,3,0,4,4,2,12_samambaia_1-1-2_agregado.xls,PPV(mensal)2018
Samambaia,12,2018,1. C.V.L.I. - CRIMES VIOLENTOS LETAIS INTENCIONAIS,OCORRENCIA,LATROCÍNIO,2,0,0,0,0,0,0,0,0,0,1,1,0,12_samambaia_1-1-2_agregado.xls,PPV(mensal)2018
Samambaia,12,2018,1. C.V.L.I. - CRIMES VIOLENTOS LETAIS INTENCIONAIS,OCORRENCIA,LESÃO CORPORAL SEG. DE MORTE,0,0,0,0,0,0,0,0,0,0,0,0,0,12_samambaia_1-1-2_agregado.xls,PPV(mensal)2018
Samambaia,12,2018,2. C.C.P. -                                                      CRIMES CONTRA O PATRIMÔNIO,OCORRENCIA,FURTO EM VEÍCULO,408,46,32,46,23,25,31,45,34,19,27,47,33,12_samambaia_1-1-2_agregado.xls,PPV(mensal)2018
Samambaia,12,2018,2. C.C.P. -                                                      CRIMES CONTRA O PATRIMÔNIO,OCORRENCIA,ROUBO A TRANSEUNTE,3316,298,273,300,306,285,317,300,286,216,262,251,222,12_samambaia_1-1-2_agregado.xls,PPV(mensal)2018
Samambaia,12,2018,2. C.C.P. -                                                      CRIMES CONTRA O PATRIMÔNIO,OCORRENCIA,ROUBO DE VEÍCULO,497,27,48,58,54,47,32,46,44,33,29,41,38,12_samambaia_1-1-2_agregado.xls,PPV(mensal)2018
Samambaia,12,2018,2. C.C.P. -                                                      CRIMES CONTRA O PATRIMÔNIO,OCORRENCIA,ROUBO EM COLETIVO,539,55,54,76,56,58,59,42,39,23,29,23,25,12_samambaia_1-1-2_agregado.xls,PPV(mensal)2018
Samambaia,12,2018,2. C.C.P. -                                                      CRIMES CONTRA O PATRIMÔNIO,OCORRENCIA,ROUBO EM COMÉRCIO *,182,14,11,11,23,19,14,22,8,16,15,23,6,12_samambaia_1-1-2_agregado.xls,PPV(mensal)2018
Samambaia,12,2018,2. C.C.P. -                                                      CRIMES CONTRA O PATRIMÔNIO,OCORRENCIA,ROUBO EM RESIDÊNCIA,80,6,3,11,5,12,4,5,7,7,9,8,3,12_samambaia_1-1-2_agregado.xls,PPV(mensal)2018
Samambaia,12,2018,3. OUTROS CRIMES,OCORRENCIA,ESTUPRO,76,4,6,11,5,9,6,5,6,12,2,7,3,12_samambaia_1-1-2_agregado.xls,PPV(mensal)2018
Samambaia,12,2018,3. OUTROS CRIMES,OCORRENCIA,FURTO A TRANSEUNTE,115,9,10,11,6,6,6,12,10,11,16,6,12,12_samambaia_1-1-2_agregado.xls,PPV(mensal)2018
Samambaia,12,2018,3. OUTROS CRIMES,OCORRENCIA,TENTATIVA DE HOMICÍDIO,66,6,7,4,3,8,3,7,5,5,8,4,6,12_samambaia_1-1-2_agregado.xls,PPV(mensal)2018
Samambaia,12,2018,3. OUTROS CRIMES,OCORRENCIA,TENTATIVA DE LATROCÍNIO,15,2,1,2,1,1,2,1,4,0,0,1,0,12_samambaia_1-1-2_agregado.xls,PPV(mensal)2018
Samambaia,12,2018,4. PRODUTIVIDADE POLICIAL,OCORRENCIA,LOCALIZAÇÃO DE VEICULO FURTADO OU ROUBADO,725,69,61,64,55,60,53,71,77,46,41,68,60,12_samambaia_1-1-2_agregado.xls,PPV(mensal)2018
Samambaia,12,2018,4. PRODUTIVIDADE POLICIAL,OCORRENCIA,POSSE/PORTE DE ARMA,101,5,7,9,13,10,10,4,8,7,14,8,6,12_samambaia_1-1-2_agregado.xls,PPV(mensal)2018
Samambaia,12,2018,4. PRODUTIVIDADE POLICIAL,OCORRENCIA,TRÁFICO DE DROGAS,196,14,11,29,17,18,21,11,19,13,14,18,11,12_samambaia_1-1-2_agregado.xls,PPV(mensal)2018
Samambaia,12,2018,4. PRODUTIVIDADE POLICIAL,OCORRENCIA,USO E PORTE DE DROGAS,405,32,29,41,39,37,33,29,38,31,30,31,35,12_samambaia_1-1-2_agregado.xls,PPV(mensal)2018
Samambaia,12,2026,1. C.V.L.I. - CRIMES VIOLENTOS LETAIS INTENCIONAIS,OCORRENCIA,HOMICÍDIO,14,2,0,3,2,3,0,1,3,0,0,0,0,12_SAMAMBAIA (4)_2026.xlsx,mensal
Samambaia,12,2026,1. C.V.L.I. - CRIMES VIOLENTOS LETAIS INTENCIONAIS,OCORRENCIA,LATROCÍNIO,0,0,0,0,0,0,0,0,0,0,0,0,0,12_SAMAMBAIA (4)_2026.xlsx,mensal
Samambaia,12,2026,1. C.V.L.I. - CRIMES VIOLENTOS LETAIS INTENCIONAIS,OCORRENCIA,LESÃO CORPORAL SEG. DE MORTE,1,0,0,0,0,1,0,0,0,0,0,0,0,12_SAMAMBAIA (4)_2026.xlsx,mensal
Samambaia,12,2026,2. C.C.P. -                                                      CRIMES CONTRA O PATRIMÔNIO,OCORRENCIA,FURTO EM VEÍCULO,144,24,8,23,24,21,14,18,12,0,0,0,0,12_SAMAMBAIA (4)_2026.xlsx,mensal
Samambaia,12,2026,2. C.C.P. -                                                      CRIMES CONTRA O PATRIMÔNIO,OCORRENCIA,ROUBO A TRANSEUNTE,561,90,64,83,85,69,47,64,59,0,0,0,0,12_SAMAMBAIA (4)_2026.xlsx,mensal
Samambaia,12,2026,2. C.C.P. -                                                      CRIMES CONTRA O PATRIMÔNIO,OCORRENCIA,ROUBO DE VEÍCULO,75,15,5,18,17,8,2,3,7,0,0,0,0,12_SAMAMBAIA (4)_2026.xlsx,mensal
Samambaia,12,2026,2. C.C.P. -                                                      CRIMES CONTRA O PATRIMÔNIO,OCORRENCIA,ROUBO EM COLETIVO,11,5,2,1,1,0,1,0,1,0,0,0,0,12_SAMAMBAIA (4)_2026.xlsx,mensal
Samambaia,12,2026,2. C.C.P. -                                                      CRIMES CONTRA O PATRIMÔNIO,OCORRENCIA,ROUBO EM COMÉRCIO *,16,3,3,1,2,0,2,2,3,0,0,0,0,12_SAMAMBAIA (4)_2026.xlsx,mensal
Samambaia,12,2026,2. C.C.P. -                                                      CRIMES CONTRA O PATRIMÔNIO,OCORRENCIA,ROUBO EM RESIDÊNCIA,5,2,0,1,1,1,0,0,0,0,0,0,0,12_SAMAMBAIA (4)_2026.xlsx,mensal
Samambaia,12,2026,3. OUTROS CRIMES,OCORRENCIA,ESTUPRO,18,2,6,1,3,2,2,1,1,0,0,0,0,12_SAMAMBAIA (4)_2026.xlsx,mensal
Samambaia,12,2026,3. OUTROS CRIMES,OCORRENCIA,ESTUPRO DE VULNERÁVEL,45,6,6,4,5,4,6,6,8,0,0,0,0,12_SAMAMBAIA (4)_2026.xlsx,mensal
Samambaia,12,2026,3. OUTROS CRIMES,OCORRENCIA,TENTATIVA DE HOMICÍDIO,49,6,6,3,5,7,4,9,9,0,0,0,0,12_SAMAMBAIA (4)_2026.xlsx,mensal
Samambaia,12,2026,3. OUTROS CRIMES,OCORRENCIA,TENTATIVA DE LATROCÍNIO,6,1,0,1,1,1,1,0,1,0,0,0,0,12_SAMAMBAIA (4)_2026.xlsx,mensal
Samambaia,12,2026,4. PRODUTIVIDADE POLICIAL,OCORRENCIA,LOCALIZAÇÃO DE VEICULO FURTADO OU ROUBADO,116,16,10,19,20,16,8,15,12,0,0,0,0,12_SAMAMBAIA (4)_2026.xlsx,mensal
Samambaia,12,2026,4. PRODUTIVIDADE POLICIAL,OCORRENCIA,POSSE/PORTE DE ARMA,64,7,8,2,5,12,10,7,13,0,0,0,0,12_SAMAMBAIA (4)_2026.xlsx,mensal
Samambaia,12,2026,4. PRODUTIVIDADE POLICIAL,OCORRENCIA,TRÁFICO DE DROGAS,170,27,26,16,19,18,23,18,23,0,0,0,0,12_SAMAMBAIA (4)_2026.xlsx,mensal
Samambaia,12,2026,4. PRODUTIVIDADE POLICIAL,OCORRENCIA,USO E PORTE DE DROGAS,61,5,2,5,5,8,14,10,12,0,0,0,0,12_SAMAMBAIA (4)_2026.xlsx,mensal
Santa Maria,13,2014,1. C.V.L.I. - CRIMES VIOLENTOS LETAIS INTENCIONAIS,OCORRENCIA,HOMICÍDIO,42,4,3,2,1,4,3,2,3,7,6,4,3,13_santamaria_1-2_agregado.xls,PPV (mensal)2014
Santa Maria,13,2014,1. C.V.L.I. - CRIMES VIOLENTOS LETAIS INTENCIONAIS,OCORRENCIA,LATROCÍNIO,2,1,0,0,0,0,0,0,1,0,0,0,0,13_santamaria_1-2_agregado.xls,PPV (mensal)2014
Santa Maria,13,2014,1. C.V.L.I. - CRIMES VIOLENTOS LETAIS INTENCIONAIS,OCORRENCIA,LESÃO CORPORAL SEG. DE MORTE,1,0,0,0,0,0,0,0,0,1,0,0,0,13_santamaria_1-2_agregado.xls,PPV (mensal)2014
Santa Maria,13,2014,2. C.C.P. -                                                      CRIMES CONTRA O PATRIMÔNIO,OCORRENCIA,FURTO EM VEÍCULO,230,21,21,13,15,11,18,23,14,23,28,25,18,13_santamaria_1-2_agregado.xls,PPV (mensal)2014
Santa Maria,13,2014,2. C.C.P. -                                                      CRIMES CONTRA O PATRIMÔNIO,OCORRENCIA,ROUBO A TRANSEUNTE,1773,105,118,151,170,157,140,181,146,147,158,160,140,13_santamaria_1-2_agregado.xls,PPV (mensal)2014
Santa Maria,13,2014,2. C.C.P. -                                                      CRIMES CONTRA O PATRIMÔNIO,OCORRENCIA,ROUBO DE VEÍCULO,347,37,28,30,35,24,26,24,20,40,27,31,25,13_santamaria_1-2_agregado.xls,PPV (mensal)2014
Santa Maria,13,2014,2. C.C.P. -                                                      CRIMES CONTRA O PATRIMÔNIO,OCORRENCIA,ROUBO EM COLETIVO,188,17,22,33,13,19,12,11,22,19,10,4,6,13_santamaria_1-2_agregado.xls,PPV (mensal)2014
Santa Maria,13,2014,2. C.C.P. -                                                      CRIMES CONTRA O PATRIMÔNIO,OCORRENCIA,ROUBO EM COMÉRCIO *,271,50,32,42,21,13,21,15,22,10,15,14,16,13_santamaria_1-2_agregado.xls,PPV (mensal)2014
Santa Maria,13,2014,3. OUTROS CRIMES,OCORRENCIA,ESTUPRO,42,2,3,4,4,2,3,4,3,4,5,5,3,13_santamaria_1-2_agregado.xls,PPV (mensal)2014
Santa Maria,13,2014,3. OUTROS CRIMES,OCORRENCIA,FURTO A TRANSEUNTE,67,1,4,0,6,12,4,10,9,4,4,3,10,13_santamaria_1-2_agregado.xls,PPV (mensal)2014
Santa Maria,13,2014,3. OUTROS CRIMES,OCORRENCIA,ROUBO EM RESIDÊNCIA,25,1,5,1,1,1,1,5,3,1,2,1,3,13_santamaria_1-2_agregado.xls,PPV (mensal)2014
Santa Maria,13,2014,3. OUTROS CRIMES,OCORRENCIA,TENTATIVA DE HOMICÍDIO,92,10,11,3,7,9,6,6,5,7,9,8,11,13_santamaria_1-2_agregado.xls,PPV (mensal)2014
Santa Maria,13,2014,4. PRODUTIVIDADE POLICIAL,OCORRENCIA,LOCALIZAÇÃO DE VEICULO FURTADO OU ROUBADO,433,48,33,47,46,40,25,27,30,37,30,35,35,13_santamaria_1-2_agregado.xls,PPV (mensal)2014
Santa Maria,13,2014,4. PRODUTIVIDADE POLICIAL,OCORRENCIA,POSSE/PORTE DE ARMA,112,8,10,10,11,9,11,8,9,4,9,10,13,13_santamaria_1-2_agregado.xls,PPV (mensal)2014
Santa Maria,13,2014,4. PRODUTIVIDADE POLICIAL,OCORRENCIA,TRÁFICO DE DROGAS,118,2,1,7,12,9,9,10,14,9,17,16,12,13_santamaria_1-2_agregado.xls,PPV (mensal)2014
Santa Maria,13,2014,4. PRODUTIVIDADE POLICIAL,OCORRENCIA,USO E PORTE DE DROGAS,220,16,10,17,17,12,16,19,21,14,31,26,21,13_santamaria_1-2_agregado.xls,PPV (mensal)2014
Santa Maria,13,2015,1. C.V.L.I. - CRIMES VIOLENTOS LETAIS INTENCIONAIS,OCORRENCIA,HOMICÍDIO,53,7,7,1,3,1,5,3,3,6,7,3,7,13_santamaria_1-2_agregado.xls,PPV (mensal)2015
Santa Maria,13,2015,1. C.V.L.I. - CRIMES VIOLENTOS LETAIS INTENCIONAIS,OCORRENCIA,LATROCÍNIO,6,1,1,1,0,1,0,0,0,0,1,1,0,13_santamaria_1-2_agregado.xls,PPV (mensal)2015
Santa Maria,13,2015,1. C.V.L.I. - CRIMES VIOLENTOS LETAIS INTENCIONAIS,OCORRENCIA,LESÃO CORPORAL SEG. DE MORTE,0,0,0,0,0,0,0,0,0,0,0,0,0,13_santamaria_1-2_agregado.xls,PPV (mensal)2015
Santa Maria,13,2015,2. C.C.P. -                                                      CRIMES CONTRA O PATRIMÔNIO,OCORRENCIA,FURTO EM VEÍCULO,180,17,9,16,21,10,15,15,22,5,22,10,18,13_santamaria_1-2_agregado.xls,PPV (mensal)2015
Santa Maria,13,2015,2. C.C.P. -                                                      CRIMES CONTRA O PATRIMÔNIO,OCORRENCIA,ROUBO A TRANSEUNTE,1919,120,137,194,191,187,153,161,168,70,160,185,193,13_santamaria_1-2_agregado.xls,PPV (mensal)2015
Santa Maria,13,2015,2. C.C.P. -                                                      CRIMES CONTRA O PATRIMÔNIO,OCORRENCIA,ROUBO DE VEÍCULO,243,40,13,15,18,14,19,13,15,10,28,29,29,13_santamaria_1-2_agregado.xls,PPV (mensal)2015
Santa Maria,13,2015,2. C.C.P. -                                                      CRIMES CONTRA O PATRIMÔNIO,OCORRENCIA,ROUBO EM COLETIVO,177,10,6,12,37,14,10,6,13,3,21,21,24,13_santamaria_1-2_agregado.xls,PPV (mensal)2015
Santa Maria,13,2015,2. C.C.P. -                                                      CRIMES CONTRA O PATRIMÔNIO,OCORRENCIA,ROUBO EM COMÉRCIO *,141,18,9,7,8,11,13,14,10,7,15,10,19,13_santamaria_1-2_agregado.xls,PPV (mensal)2015
Santa Maria,13,2015,3. OUTROS CRIMES,OCORRENCIA,ESTUPRO,32,0,2,4,1,2,4,4,2,2,5,4,2,13_santamaria_1-2_agregado.xls,PPV (mensal)2015
Santa Maria,13,2015,3. OUTROS CRIMES,OCORRENCIA,FURTO A TRANSEUNTE,60,6,3,5,5,9,4,6,5,2,5,7,3,13_santamaria_1-2_agregado.xls,PPV (mensal)2015
Santa Maria,13,2015,3. OUTROS CRIMES,OCORRENCIA,ROUBO EM RESIDÊNCIA,26,2,2,5,2,1,2,2,2,1,1,2,4,13_santamaria_1-2_agregado.xls,PPV (mensal)2015
Santa Maria,13,2015,3. OUTROS CRIMES,OCORRENCIA,TENTATIVA DE HOMICÍDIO,71,5,7,5,6,10,1,12,1,8,7,3,6,13_santamaria_1-2_agregado.xls,PPV (mensal)2015
Santa Maria,13,2015,4. PRODUTIVIDADE POLICIAL,OCORRENCIA,LOCALIZAÇÃO DE VEICULO FURTADO OU ROUBADO,377,37,24,31,25,29,28,40,37,25,32,28,41,13_santamaria_1-2_agregado.xls,PPV (mensal)2015
Santa Maria,13,2015,4. PRODUTIVIDADE POLICIAL,OCORRENCIA,POSSE/PORTE DE ARMA,122,9,11,15,8,10,7,10,8,15,12,10,7,13_santamaria_1-2_agregado.xls,PPV (mensal)2015
Santa Maria,13,2015,4. PRODUTIVIDADE POLICIAL,OCORRENCIA,TRÁFICO DE DROGAS,144,19,15,15,12,14,13,10,9,9,13,7,8,13_santamaria_1-2_agregado.xls,PPV (mensal)2015
Santa Maria,13,2015,4. PRODUTIVIDADE POLICIAL,OCORRENCIA,USO E PORTE DE DROGAS,240,22,20,25,15,24,24,27,26,14,20,15,8,13_santamaria_1-2_agregado.xls,PPV (mensal)2015
Santa Maria,13,2016,1. C.V.L.I. - CRIMES VIOLENTOS LETAIS INTENCIONAIS,OCORRENCIA,HOMICÍDIO,36,5,4,3,6,1,4,3,4,3,0,1,2,13_santamaria_1-2_agregado.xls,PPV(mensal)2016
Santa Maria,13,2016,1. C.V.L.I. - CRIMES VIOLENTOS LETAIS INTENCIONAIS,OCORRENCIA,LATROCÍNIO,4,1,0,0,1,0,0,1,0,0,0,0,1,13_santamaria_1-2_agregado.xls,PPV(mensal)2016
Santa Maria,13,2016,1. C.V.L.I. - CRIMES VIOLENTOS LETAIS INTENCIONAIS,OCORRENCIA,LESÃO CORPORAL SEG. DE MORTE,0,0,0,0,0,0,0,0,0,0,0,0,0,13_santamaria_1-2_agregado.xls,PPV(mensal)2016
Santa Maria,13,2016,2. C.C.P. -                                                      CRIMES CONTRA O PATRIMÔNIO,OCORRENCIA,FURTO EM VEÍCULO,273,21,28,22,19,24,23,24,18,11,27,33,23,13_santamaria_1-2_agregado.xls,PPV(mensal)2016
Santa Maria,13,2016,2. C.C.P. -                                                      CRIMES CONTRA O PATRIMÔNIO,OCORRENCIA,ROUBO A TRANSEUNTE,2442,205,197,297,214,190,171,213,217,196,134,212,196,13_santamaria_1-2_agregado.xls,PPV(mensal)2016
Santa Maria,13,2016,2. C.C.P. -                                                      CRIMES CONTRA O PATRIMÔNIO,OCORRENCIA,ROUBO DE VEÍCULO,390,36,46,41,30,35,23,25,32,33,25,32,32,13_santamaria_1-2_agregado.xls,PPV(mensal)2016
Santa Maria,13,2016,2. C.C.P. -                                                      CRIMES CONTRA O PATRIMÔNIO,OCORRENCIA,ROUBO EM COLETIVO,240,29,31,31,17,13,5,7,12,13,29,18,35,13_santamaria_1-2_agregado.xls,PPV(mensal)2016
Santa Maria,13,2016,2. C.C.P. -                                                      CRIMES CONTRA O PATRIMÔNIO,OCORRENCIA,ROUBO EM COMÉRCIO *,207,21,20,14,23,22,19,20,13,10,10,14,21,13_santamaria_1-2_agregado.xls,PPV(mensal)2016
Santa Maria,13,2016,2. C.C.P. -                                                      CRIMES CONTRA O PATRIMÔNIO,OCORRENCIA,ROUBO EM RESIDÊNCIA,23,4,0,1,1,2,3,1,3,3,1,2,2,13_santamaria_1-2_agregado.xls,PPV(mensal)2016
Santa Maria,13,2016,3. OUTROS CRIMES,OCORRENCIA,ESTUPRO,34,1,2,4,5,1,2,3,4,4,4,1,3,13_santamaria_1-2_agregado.xls,PPV(mensal)2016
Santa Maria,13,2016,3. OUTROS CRIMES,OCORRENCIA,FURTO A TRANSEUNTE,69,7,4,5,4,6,7,11,4,2,4,4,11,13_santamaria_1-2_agregado.xls,PPV(mensal)2016
Santa Maria,13,2016,3. OUTROS CRIMES,OCORRENCIA,TENTATIVA DE HOMICÍDIO,57,10,3,6,4,3,3,2,7,9,1,3,6,13_santamaria_1-2_agregado.xls,PPV(mensal)2016
Santa Maria,13,2016,3. OUTROS CRIMES,OCORRENCIA,TENTATIVA DE LATROCÍNIO,16,1,2,2,0,0,1,1,2,1,4,0,2,13_santamaria_1-2_agregado.xls,PPV(mensal)2016
Santa Maria,13,2016,4. PRODUTIVIDADE POLICIAL,OCORRENCIA,LOCALIZAÇÃO DE VEICULO FURTADO OU ROUBADO,487,57,43,54,38,35,29,35,40,36,33,36,51,13_santamaria_1-2_agregado.xls,PPV(mensal)2016
Santa Maria,13,2016,4. PRODUTIVIDADE POLICIAL,OCORRENCIA,POSSE/PORTE DE ARMA,129,6,14,15,10,13,7,16,15,10,8,7,8,13_santamaria_1-2_agregado.xls,PPV(mensal)2016
Santa Maria,13,2016,4. PRODUTIVIDADE POLICIAL,OCORRENCIA,TRÁFICO DE DROGAS,89,14,8,14,10,9,9,3,5,3,3,5,6,13_santamaria_1-2_agregado.xls,PPV(mensal)2016
Santa Maria,13,2016,4. PRODUTIVIDADE POLICIAL,OCORRENCIA,USO E PORTE DE DROGAS,161,12,17,21,20,17,12,13,8,10,12,8,11,13_santamaria_1-2_agregado.xls,PPV(mensal)2016
Santa Maria,13,2017,1. C.V.L.I. - CRIMES VIOLENTOS LETAIS INTENCIONAIS,OCORRENCIA,HOMICÍDIO,34,6,3,5,2,1,4,0,3,2,6,2,2,13_santamaria_1-2_agregado.xls,PPV(mensal)2017
Santa Maria,13,2017,1. C.V.L.I. - CRIMES VIOLENTOS LETAIS INTENCIONAIS,OCORRENCIA,LATROCÍNIO,1,0,1,0,0,0,0,0,0,0,0,0,0,13_santamaria_1-2_agregado.xls,PPV(mensal)2017
Santa Maria,13,2017,1. C.V.L.I. - CRIMES VIOLENTOS LETAIS INTENCIONAIS,OCORRENCIA,LESÃO CORPORAL SEG. DE MORTE,0,0,0,0,0,0,0,0,0,0,0,0,0,13_santamaria_1-2_agregado.xls,PPV(mensal)2017
Santa Maria,13,2017,2. C.C.P. -                                                      CRIMES CONTRA O PATRIMÔNIO,OCORRENCIA,FURTO EM VEÍCULO,213,17,21,22,15,21,12,25,24,15,15,26,22,13_santamaria_1-2_agregado.xls,PPV(mensal)2017
Santa Maria,13,2017,2. C.C.P. -                                                      CRIMES CONTRA O PATRIMÔNIO,OCORRENCIA,ROUBO A TRANSEUNTE,1873,181,165,189,169,193,134,151,159,175,167,190,159,13_santamaria_1-2_agregado.xls,PPV(mensal)2017
Santa Maria,13,2017,2. C.C.P. -                                                      CRIMES CONTRA O PATRIMÔNIO,OCORRENCIA,ROUBO DE VEÍCULO,338,26,36,44,26,35,24,28,29,31,29,30,18,13_santamaria_1-2_agregado.xls,PPV(mensal)2017
Santa Maria,13,2017,2. C.C.P. -                                                      CRIMES CONTRA O PATRIMÔNIO,OCORRENCIA,ROUBO EM COLETIVO,143,25,20,19,15,23,9,6,11,7,3,5,4,13_santamaria_1-2_agregado.xls,PPV(mensal)2017
Santa Maria,13,2017,2. C.C.P. -                                                      CRIMES CONTRA O PATRIMÔNIO,OCORRENCIA,ROUBO EM COMÉRCIO *,103,17,11,5,11,5,9,6,5,11,15,8,4,13_santamaria_1-2_agregado.xls,PPV(mensal)2017
Santa Maria,13,2017,2. C.C.P. -                                                      CRIMES CONTRA O PATRIMÔNIO,OCORRENCIA,ROUBO EM RESIDÊNCIA,43,3,4,4,2,7,5,3,6,3,3,3,3,13_santamaria_1-2_agregado.xls,PPV(mensal)2017
Santa Maria,13,2017,3. OUTROS CRIMES,OCORRENCIA,ESTUPRO,44,4,0,5,2,10,6,1,3,6,5,2,1,13_santamaria_1-2_agregado.xls,PPV(mensal)2017
Santa Maria,13,2017,3. OUTROS CRIMES,OCORRENCIA,FURTO A TRANSEUNTE,79,7,7,3,5,6,4,10,7,12,8,10,6,13_santamaria_1-2_agregado.xls,PPV(mensal)2017
Santa Maria,13,2017,3. OUTROS CRIMES,OCORRENCIA,TENTATIVA DE HOMICÍDIO,50,3,6,8,5,4,6,4,6,6,2,0,2,13_santamaria_1-2_agregado.xls,PPV(mensal)2017
Santa Maria,13,2017,3. OUTROS CRIMES,OCORRENCIA,TENTATIVA DE LATROCÍNIO,9,3,1,0,1,0,0,2,0,0,1,1,0,13_santamaria_1-2_agregado.xls,PPV(mensal)2017
Santa Maria,13,2017,4. PRODUTIVIDADE POLICIAL,OCORRENCIA,LOCALIZAÇÃO DE VEICULO FURTADO OU ROUBADO,408,30,29,42,51,41,34,38,43,38,33,29,32,13_santamaria_1-2_agregado.xls,PPV(mensal)2017
Santa Maria,13,2017,4. PRODUTIVIDADE POLICIAL,OCORRENCIA,POSSE/PORTE DE ARMA,95,12,7,17,10,6,12,6,7,5,5,8,10,13_santamaria_1-2_agregado.xls,PPV(mensal)2017
Santa Maria,13,2017,4. PRODUTIVIDADE POLICIAL,OCORRENCIA,TRÁFICO DE DROGAS,93,4,9,12,9,4,12,7,9,8,10,9,6,13_santamaria_1-2_agregado.xls,PPV(mensal)2017
Santa Maria,13,2017,4. PRODUTIVIDADE POLICIAL,OCORRENCIA,USO E PORTE DE DROGAS,145,11,10,12,10,15,24,11,10,17,9,16,17,13_santamaria_1-2_agregado.xls,PPV(mensal)2017
Santa Maria,13,2018,1. C.V.L.I. - CRIMES VIOLENTOS LETAIS INTENCIONAIS,OCORRENCIA,HOMICÍDIO,21,1,1,3,2,0,2,3,0,4,2,2,1,13_santamaria_1-2_agregado.xls,PPV(mensal)2018
Santa Maria,13,2018,1. C.V.L.I. - CRIMES VIOLENTOS LETAIS INTENCIONAIS,OCORRENCIA,LATROCÍNIO,1,0,0,0,0,1,0,0,0,0,0,0,0,13_santamaria_1-2_agregado.xls,PPV(mensal)2018
Santa Maria,13,2018,1. C.V.L.I. - CRIMES VIOLENTOS LETAIS INTENCIONAIS,OCORRENCIA,LESÃO CORPORAL SEG. DE MORTE,0,0,0,0,0,0,0,0,0,0,0,0,0,13_santamaria_1-2_agregado.xls,PPV(mensal)2018
Santa Maria,13,2018,2. C.C.P. -                                                      CRIMES CONTRA O PATRIMÔNIO,OCORRENCIA,FURTO EM VEÍCULO,235,21,13,19,16,17,22,17,25,17,27,26,15,13_santamaria_1-2_agregado.xls,PPV(mensal)2018
Santa Maria,13,2018,2. C.C.P. -                                                      CRIMES CONTRA O PATRIMÔNIO,OCORRENCIA,ROUBO A TRANSEUNTE,1993,186,162,213,183,186,165,156,187,125,152,145,133,13_santamaria_1-2_agregado.xls,PPV(mensal)2018
Santa Maria,13,2018,2. C.C.P. -                                                      CRIMES CONTRA O PATRIMÔNIO,OCORRENCIA,ROUBO DE VEÍCULO,286,20,33,27,29,20,19,21,25,10,23,39,20,13_santamaria_1-2_agregado.xls,PPV(mensal)2018
Santa Maria,13,2018,2. C.C.P. -                                                      CRIMES CONTRA O PATRIMÔNIO,OCORRENCIA,ROUBO EM COLETIVO,58,6,1,7,12,10,8,4,1,2,4,3,0,13_santamaria_1-2_agregado.xls,PPV(mensal)2018
Santa Maria,13,2018,2. C.C.P. -                                                      CRIMES CONTRA O PATRIMÔNIO,OCORRENCIA,ROUBO EM COMÉRCIO *,103,15,3,8,10,9,6,11,5,8,13,9,6,13_santamaria_1-2_agregado.xls,PPV(mensal)2018
Santa Maria,13,2018,2. C.C.P. -                                                      CRIMES CONTRA O PATRIMÔNIO,OCORRENCIA,ROUBO EM RESIDÊNCIA,29,0,4,5,1,2,4,2,2,3,3,2,1,13_santamaria_1-2_agregado.xls,PPV(mensal)2018
Santa Maria,13,2018,3. OUTROS CRIMES,OCORRENCIA,ESTUPRO,42,6,2,5,2,4,4,1,3,5,2,5,3,13_santamaria_1-2_agregado.xls,PPV(mensal)2018
Santa Maria,13,2018,3. OUTROS CRIMES,OCORRENCIA,FURTO A TRANSEUNTE,62,8,6,7,6,3,5,1,5,3,5,8,5,13_santamaria_1-2_agregado.xls,PPV(mensal)2018
Santa Maria,13,2018,3. OUTROS CRIMES,OCORRENCIA,TENTATIVA DE HOMICÍDIO,53,7,5,4,7,2,4,2,3,3,6,7,3,13_santamaria_1-2_agregado.xls,PPV(mensal)2018
Santa Maria,13,2018,3. OUTROS CRIMES,OCORRENCIA,TENTATIVA DE LATROCÍNIO,8,1,2,0,1,1,0,0,0,0,1,1,1,13_santamaria_1-2_agregado.xls,PPV(mensal)2018
Santa Maria,13,2018,4. PRODUTIVIDADE POLICIAL,OCORRENCIA,LOCALIZAÇÃO DE VEICULO FURTADO OU ROUBADO,355,25,21,42,28,32,21,37,33,23,35,35,23,13_santamaria_1-2_agregado.xls,PPV(mensal)2018
Santa Maria,13,2018,4. PRODUTIVIDADE POLICIAL,OCORRENCIA,POSSE/PORTE DE ARMA,86,7,11,7,5,6,7,12,7,13,4,4,3,13_santamaria_1-2_agregado.xls,PPV(mensal)2018
Santa Maria,13,2018,4. PRODUTIVIDADE POLICIAL,OCORRENCIA,TRÁFICO DE DROGAS,86,5,9,6,10,12,6,11,10,7,0,4,6,13_santamaria_1-2_agregado.xls,PPV(mensal)2018
Santa Maria,13,2018,4. PRODUTIVIDADE POLICIAL,OCORRENCIA,USO E PORTE DE DROGAS,147,10,15,14,18,8,7,16,17,11,7,14,10,13_santamaria_1-2_agregado.xls,PPV(mensal)2018
Santa Maria,13,2026,1. C.V.L.I. - CRIMES VIOLENTOS LETAIS INTENCIONAIS,OCORRENCIA,HOMICÍDIO,9,0,1,2,1,2,0,0,3,0,0,0,0,13_SANTA MARIA (4)_2026.xlsx,mensal
Santa Maria,13,2026,1. C.V.L.I. - CRIMES VIOLENTOS LETAIS INTENCIONAIS,OCORRENCIA,LATROCÍNIO,0,0,0,0,0,0,0,0,0,0,0,0,0,13_SANTA MARIA (4)_2026.xlsx,mensal
Santa Maria,13,2026,1. C.V.L.I. - CRIMES VIOLENTOS LETAIS INTENCIONAIS,OCORRENCIA,LESÃO CORPORAL SEG. DE MORTE,0,0,0,0,0,0,0,0,0,0,0,0,0,13_SANTA MARIA (4)_2026.xlsx,mensal
Santa Maria,13,2026,2. C.C.P. -                                                      CRIMES CONTRA O PATRIMÔNIO,OCORRENCIA,FURTO EM VEÍCULO,56,17,2,10,5,7,2,8,5,0,0,0,0,13_SANTA MARIA (4)_2026.xlsx,mensal
Santa Maria,13,2026,2. C.C.P. -                                                      CRIMES CONTRA O PATRIMÔNIO,OCORRENCIA,ROUBO A TRANSEUNTE,334,36,62,39,33,33,45,43,43,0,0,0,0,13_SANTA MARIA (4)_2026.xlsx,mensal
Santa Maria,13,2026,2. C.C.P. -                                                      CRIMES CONTRA O PATRIMÔNIO,OCORRENCIA,ROUBO DE VEÍCULO,27,2,5,7,1,3,1,3,5,0,0,0,0,13_SANTA MARIA (4)_2026.xlsx,mensal
Santa Maria,13,2026,2. C.C.P. -                                                      CRIMES CONTRA O PATRIMÔNIO,OCORRENCIA,ROUBO EM COLETIVO,1,0,0,1,0,0,0,0,0,0,0,0,0,13_SANTA MARIA (4)_2026.xlsx,mensal
Santa Maria,13,2026,2. C.C.P. -                                                      CRIMES CONTRA O PATRIMÔNIO,OCORRENCIA,ROUBO EM COMÉRCIO *,6,0,1,2,2,1,0,0,0,0,0,0,0,13_SANTA MARIA (4)_2026.xlsx,mensal
Santa Maria,13,2026,2. C.C.P. -                                                      CRIMES CONTRA O PATRIMÔNIO,OCORRENCIA,ROUBO EM RESIDÊNCIA,4,1,0,1,1,0,0,1,0,0,0,0,0,13_SANTA MARIA (4)_2026.xlsx,mensal
Santa Maria,13,2026,3. OUTROS CRIMES,OCORRENCIA,ESTUPRO,12,1,0,2,2,2,1,2,2,0,0,0,0,13_SANTA MARIA (4)_2026.xlsx,mensal
Santa Maria,13,2026,3. OUTROS CRIMES,OCORRENCIA,ESTUPRO DE VULNERÁVEL,25,2,2,3,3,7,2,3,3,0,0,0,0,13_SANTA MARIA (4)_2026.xlsx,mensal
Santa Maria,13,2026,3. OUTROS CRIMES,OCORRENCIA,TENTATIVA DE HOMICÍDIO,19,3,4,3,4,2,1,2,0,0,0,0,0,13_SANTA MARIA (4)_2026.xlsx,mensal
Santa Maria,13,2026,3. OUTROS CRIMES,OCORRENCIA,TENTATIVA DE LATROCÍNIO,2,0,1,0,0,0,0,1,0,0,0,0,0,13_SANTA MARIA (4)_2026.xlsx,mensal
Santa Maria,13,2026,4. PRODUTIVIDADE POLICIAL,OCORRENCIA,LOCALIZAÇÃO DE VEICULO FURTADO OU ROUBADO,87,10,8,10,6,7,16,13,17,0,0,0,0,13_SANTA MARIA (4)_2026.xlsx,mensal
Santa Maria,13,2026,4. PRODUTIVIDADE POLICIAL,OCORRENCIA,POSSE/PORTE DE ARMA,40,5,3,5,7,7,1,5,7,0,0,0,0,13_SANTA MARIA (4)_2026.xlsx,mensal
Santa Maria,13,2026,4. PRODUTIVIDADE POLICIAL,OCORRENCIA,TRÁFICO DE DROGAS,128,15,18,20,17,13,10,11,24,0,0,0,0,13_SANTA MARIA (4)_2026.xlsx,mensal
Santa Maria,13,2026,4. PRODUTIVIDADE POLICIAL,OCORRENCIA,USO E PORTE DE DROGAS,53,9,5,9,4,7,6,7,6,0,0,0,0,13_SANTA MARIA (4)_2026.xlsx,mensal
Scia-Estrutural,25,2016,1. C.V.L.I. - CRIMES VIOLENTOS LETAIS INTENCIONAIS,OCORRENCIA,HOMICÍDIO,18,2,1,4,1,0,3,0,3,2,0,2,0,25_scia-estrutural_1-4-3_agregado.xls,PPV(mensal)2016
Scia-Estrutural,25,2016,1. C.V.L.I. - CRIMES VIOLENTOS LETAIS INTENCIONAIS,OCORRENCIA,LATROCÍNIO,1,0,0,0,0,0,0,0,0,0,0,1,0,25_scia-estrutural_1-4-3_agregado.xls,PPV(mensal)2016
Scia-Estrutural,25,2016,1. C.V.L.I. - CRIMES VIOLENTOS LETAIS INTENCIONAIS,OCORRENCIA,LESÃO CORPORAL SEG. DE MORTE,0,0,0,0,0,0,0,0,0,0,0,0,0,25_scia-estrutural_1-4-3_agregado.xls,PPV(mensal)2016
Scia-Estrutural,25,2016,2. C.C.P. -                                                      CRIMES CONTRA O PATRIMÔNIO,OCORRENCIA,FURTO EM VEÍCULO,58,6,3,5,9,5,5,5,6,5,2,5,2,25_scia-estrutural_1-4-3_agregado.xls,PPV(mensal)2016
Scia-Estrutural,25,2016,2. C.C.P. -                                                      CRIMES CONTRA O PATRIMÔNIO,OCORRENCIA,ROUBO A TRANSEUNTE,611,40,51,37,43,47,70,90,72,53,27,32,49,25_scia-estrutural_1-4-3_agregado.xls,PPV(mensal)2016
Scia-Estrutural,25,2016,2. C.C.P. -                                                      CRIMES CONTRA O PATRIMÔNIO,OCORRENCIA,ROUBO DE VEÍCULO,66,4,2,7,4,11,7,11,5,7,3,1,4,25_scia-estrutural_1-4-3_agregado.xls,PPV(mensal)2016
Scia-Estrutural,25,2016,2. C.C.P. -                                                      CRIMES CONTRA O PATRIMÔNIO,OCORRENCIA,ROUBO EM COLETIVO,240,13,4,10,11,12,15,31,25,46,14,38,21,25_scia-estrutural_1-4-3_agregado.xls,PPV(mensal)2016
Scia-Estrutural,25,2016,2. C.C.P. -                                                      CRIMES CONTRA O PATRIMÔNIO,OCORRENCIA,ROUBO EM COMÉRCIO *,57,10,7,7,2,8,6,6,3,3,2,1,2,25_scia-estrutural_1-4-3_agregado.xls,PPV(mensal)2016
Scia-Estrutural,25,2016,2. C.C.P. -                                                      CRIMES CONTRA O PATRIMÔNIO,OCORRENCIA,ROUBO EM RESIDÊNCIA,18,2,3,4,0,0,2,2,2,1,0,0,2,25_scia-estrutural_1-4-3_agregado.xls,PPV(mensal)2016
Scia-Estrutural,25,2016,3. OUTROS CRIMES,OCORRENCIA,ESTUPRO,23,4,1,2,5,4,0,1,2,1,1,1,1,25_scia-estrutural_1-4-3_agregado.xls,PPV(mensal)2016
Scia-Estrutural,25,2016,3. OUTROS CRIMES,OCORRENCIA,FURTO A TRANSEUNTE,24,3,2,4,1,3,2,2,4,1,1,0,1,25_scia-estrutural_1-4-3_agregado.xls,PPV(mensal)2016
Scia-Estrutural,25,2016,3. OUTROS CRIMES,OCORRENCIA,ROUBO EM RESIDÊNCIA,8,2,1,1,0,0,1,2,0,0,0,1,0,25_scia-estrutural_1-4-3_agregado.xls,PPV(mensal)2016
Scia-Estrutural,25,2016,3. OUTROS CRIMES,OCORRENCIA,TENTATIVA DE HOMICÍDIO,31,5,4,4,2,3,3,1,1,2,3,2,1,25_scia-estrutural_1-4-3_agregado.xls,PPV(mensal)2016
Scia-Estrutural,25,2016,4. PRODUTIVIDADE POLICIAL,OCORRENCIA,LOCALIZAÇÃO DE VEICULO FURTADO OU ROUBADO,248,24,17,33,20,31,16,21,18,16,17,16,19,25_scia-estrutural_1-4-3_agregado.xls,PPV(mensal)2016
Scia-Estrutural,25,2016,4. PRODUTIVIDADE POLICIAL,OCORRENCIA,POSSE/PORTE DE ARMA,42,4,3,7,2,7,3,3,5,4,3,1,0,25_scia-estrutural_1-4-3_agregado.xls,PPV(mensal)2016
Scia-Estrutural,25,2016,4. PRODUTIVIDADE POLICIAL,OCORRENCIA,TRÁFICO DE DROGAS,40,1,1,2,5,5,3,6,3,4,2,4,4,25_scia-estrutural_1-4-3_agregado.xls,PPV(mensal)2016
Scia-Estrutural,25,2016,4. PRODUTIVIDADE POLICIAL,OCORRENCIA,USO E PORTE DE DROGAS,115,9,11,14,8,19,8,10,6,6,12,5,7,25_scia-estrutural_1-4-3_agregado.xls,PPV(mensal)2016
Scia-Estrutural,25,2017,1. C.V.L.I. - CRIMES VIOLENTOS LETAIS INTENCIONAIS,OCORRENCIA,HOMICÍDIO,19,2,1,0,1,4,1,2,0,3,2,1,2,25_scia-estrutural_1-4-3_agregado.xls,PPV(mensal)2017
Scia-Estrutural,25,2017,1. C.V.L.I. - CRIMES VIOLENTOS LETAIS INTENCIONAIS,OCORRENCIA,LATROCÍNIO,1,0,0,0,0,0,0,0,0,1,0,0,0,25_scia-estrutural_1-4-3_agregado.xls,PPV(mensal)2017
Scia-Estrutural,25,2017,1. C.V.L.I. - CRIMES VIOLENTOS LETAIS INTENCIONAIS,OCORRENCIA,LESÃO CORPORAL SEG. DE MORTE,0,0,0,0,0,0,0,0,0,0,0,0,0,25_scia-estrutural_1-4-3_agregado.xls,PPV(mensal)2017
Scia-Estrutural,25,2017,2. C.C.P. -                                                      CRIMES CONTRA O PATRIMÔNIO,OCORRENCIA,FURTO EM VEÍCULO,52,6,5,6,1,2,8,2,6,4,5,6,1,25_scia-estrutural_1-4-3_agregado.xls,PPV(mensal)2017
Scia-Estrutural,25,2017,2. C.C.P. -                                                      CRIMES CONTRA O PATRIMÔNIO,OCORRENCIA,ROUBO A TRANSEUNTE,478,40,29,43,34,42,53,35,43,36,46,42,35,25_scia-estrutural_1-4-3_agregado.xls,PPV(mensal)2017
Scia-Estrutural,25,2017,2. C.C.P. -                                                      CRIMES CONTRA O PATRIMÔNIO,OCORRENCIA,ROUBO DE VEÍCULO,31,5,5,2,5,0,4,1,2,1,2,3,1,25_scia-estrutural_1-4-3_agregado.xls,PPV(mensal)2017
Scia-Estrutural,25,2017,2. C.C.P. -                                                      CRIMES CONTRA O PATRIMÔNIO,OCORRENCIA,ROUBO EM COLETIVO,101,1,8,6,1,10,5,13,5,17,13,11,11,25_scia-estrutural_1-4-3_agregado.xls,PPV(mensal)2017
Scia-Estrutural,25,2017,2. C.C.P. -                                                      CRIMES CONTRA O PATRIMÔNIO,OCORRENCIA,ROUBO EM COMÉRCIO *,41,5,2,2,0,2,3,8,2,4,5,2,6,25_scia-estrutural_1-4-3_agregado.xls,PPV(mensal)2017
Scia-Estrutural,25,2017,2. C.C.P. -                                                      CRIMES CONTRA O PATRIMÔNIO,OCORRENCIA,ROUBO EM RESIDÊNCIA,14,1,1,3,2,1,0,0,3,1,1,0,1,25_scia-estrutural_1-4-3_agregado.xls,PPV(mensal)2017
Scia-Estrutural,25,2017,3. OUTROS CRIMES,OCORRENCIA,ESTUPRO,22,2,1,2,2,3,1,1,4,2,2,0,2,25_scia-estrutural_1-4-3_agregado.xls,PPV(mensal)2017
Scia-Estrutural,25,2017,3. OUTROS CRIMES,OCORRENCIA,FURTO A TRANSEUNTE,15,1,0,1,1,1,1,3,3,1,1,1,1,25_scia-estrutural_1-4-3_agregado.xls,PPV(mensal)2017
Scia-Estrutural,25,2017,3. OUTROS CRIMES,OCORRENCIA,TENTATIVA DE HOMICÍDIO,23,2,5,2,0,4,1,1,0,1,4,2,1,25_scia-estrutural_1-4-3_agregado.xls,PPV(mensal)2017
Scia-Estrutural,25,2017,3. OUTROS CRIMES,OCORRENCIA,TENTATIVA DE LATROCÍNIO,4,0,0,0,0,2,0,0,0,0,1,0,1,25_scia-estrutural_1-4-3_agregado.xls,PPV(mensal)2017
Scia-Estrutural,25,2017,4. PRODUTIVIDADE POLICIAL,OCORRENCIA,LOCALIZAÇÃO DE VEICULO FURTADO OU ROUBADO,167,22,12,11,7,14,15,18,14,11,11,14,18,25_scia-estrutural_1-4-3_agregado.xls,PPV(mensal)2017
Scia-Estrutural,25,2017,4. PRODUTIVIDADE POLICIAL,OCORRENCIA,POSSE/PORTE DE ARMA,33,2,2,2,4,2,3,1,6,2,3,5,1,25_scia-estrutural_1-4-3_agregado.xls,PPV(mensal)2017
Scia-Estrutural,25,2017,4. PRODUTIVIDADE POLICIAL,OCORRENCIA,TRÁFICO DE DROGAS,73,9,4,2,6,5,5,6,3,7,4,12,10,25_scia-estrutural_1-4-3_agregado.xls,PPV(mensal)2017
Scia-Estrutural,25,2017,4. PRODUTIVIDADE POLICIAL,OCORRENCIA,USO E PORTE DE DROGAS,113,7,4,6,5,9,14,6,11,13,12,18,8,25_scia-estrutural_1-4-3_agregado.xls,PPV(mensal)2017
Scia-Estrutural,25,2018,1. C.V.L.I. - CRIMES VIOLENTOS LETAIS INTENCIONAIS,OCORRENCIA,HOMICÍDIO,20,0,3,0,5,0,4,3,0,1,0,3,1,25_scia-estrutural_1-4-3_agregado.xls,PPV(mensal)2018
Scia-Estrutural,25,2018,1. C.V.L.I. - CRIMES VIOLENTOS LETAIS INTENCIONAIS,OCORRENCIA,LATROCÍNIO,0,0,0,0,0,0,0,0,0,0,0,0,0,25_scia-estrutural_1-4-3_agregado.xls,PPV(mensal)2018
Scia-Estrutural,25,2018,1. C.V.L.I. - CRIMES VIOLENTOS LETAIS INTENCIONAIS,OCORRENCIA,LESÃO CORPORAL SEG. DE MORTE,0,0,0,0,0,0,0,0,0,0,0,0,0,25_scia-estrutural_1-4-3_agregado.xls,PPV(mensal)2018
Scia-Estrutural,25,2018,2. C.C.P. -                                                      CRIMES CONTRA O PATRIMÔNIO,OCORRENCIA,FURTO EM VEÍCULO,50,5,4,4,6,5,3,4,5,4,4,5,1,25_scia-estrutural_1-4-3_agregado.xls,PPV(mensal)2018
Scia-Estrutural,25,2018,2. C.C.P. -                                                      CRIMES CONTRA O PATRIMÔNIO,OCORRENCIA,ROUBO A TRANSEUNTE,556,53,53,64,49,48,49,30,53,43,45,47,22,25_scia-estrutural_1-4-3_agregado.xls,PPV(mensal)2018
Scia-Estrutural,25,2018,2. C.C.P. -                                                      CRIMES CONTRA O PATRIMÔNIO,OCORRENCIA,ROUBO DE VEÍCULO,31,1,1,1,10,1,5,0,2,3,0,4,3,25_scia-estrutural_1-4-3_agregado.xls,PPV(mensal)2018
Scia-Estrutural,25,2018,2. C.C.P. -                                                      CRIMES CONTRA O PATRIMÔNIO,OCORRENCIA,ROUBO EM COLETIVO,180,12,20,23,38,13,14,13,6,7,8,12,14,25_scia-estrutural_1-4-3_agregado.xls,PPV(mensal)2018
Scia-Estrutural,25,2018,2. C.C.P. -                                                      CRIMES CONTRA O PATRIMÔNIO,OCORRENCIA,ROUBO EM COMÉRCIO *,42,6,5,4,3,2,1,2,5,2,3,4,5,25_scia-estrutural_1-4-3_agregado.xls,PPV(mensal)2018
Scia-Estrutural,25,2018,2. C.C.P. -                                                      CRIMES CONTRA O PATRIMÔNIO,OCORRENCIA,ROUBO EM RESIDÊNCIA,14,0,0,1,2,2,2,1,0,5,1,0,0,25_scia-estrutural_1-4-3_agregado.xls,PPV(mensal)2018
Scia-Estrutural,25,2018,3. OUTROS CRIMES,OCORRENCIA,ESTUPRO,17,1,1,2,3,1,1,2,3,0,0,2,1,25_scia-estrutural_1-4-3_agregado.xls,PPV(mensal)2018
Scia-Estrutural,25,2018,3. OUTROS CRIMES,OCORRENCIA,FURTO A TRANSEUNTE,16,0,0,2,3,1,2,0,1,4,1,2,0,25_scia-estrutural_1-4-3_agregado.xls,PPV(mensal)2018
Scia-Estrutural,25,2018,3. OUTROS CRIMES,OCORRENCIA,TENTATIVA DE HOMICÍDIO,33,3,5,1,4,3,2,6,2,0,3,3,1,25_scia-estrutural_1-4-3_agregado.xls,PPV(mensal)2018
Scia-Estrutural,25,2018,3. OUTROS CRIMES,OCORRENCIA,TENTATIVA DE LATROCÍNIO,2,0,0,0,0,0,0,0,0,0,0,2,0,25_scia-estrutural_1-4-3_agregado.xls,PPV(mensal)2018
Scia-Estrutural,25,2018,4. PRODUTIVIDADE POLICIAL,OCORRENCIA,LOCALIZAÇÃO DE VEICULO FURTADO OU ROUBADO,140,8,6,8,18,21,14,12,12,12,8,12,9,25_scia-estrutural_1-4-3_agregado.xls,PPV(mensal)2018
Scia-Estrutural,25,2018,4. PRODUTIVIDADE POLICIAL,OCORRENCIA,POSSE/PORTE DE ARMA,42,4,4,7,4,1,2,2,2,4,4,4,4,25_scia-estrutural_1-4-3_agregado.xls,PPV(mensal)2018
Scia-Estrutural,25,2018,4. PRODUTIVIDADE POLICIAL,OCORRENCIA,TRÁFICO DE DROGAS,82,9,6,8,5,8,1,7,7,10,4,7,10,25_scia-estrutural_1-4-3_agregado.xls,PPV(mensal)2018
Scia-Estrutural,25,2018,4. PRODUTIVIDADE POLICIAL,OCORRENCIA,USO E PORTE DE DROGAS,136,12,18,13,10,14,5,13,13,14,9,6,9,25_scia-estrutural_1-4-3_agregado.xls,PPV(mensal)2018
Scia/Estrutural,25,2026,1. C.V.L.I. - CRIMES VIOLENTOS LETAIS INTENCIONAIS,OCORRENCIA,HOMICÍDIO,7,2,1,1,0,0,0,2,1,0,0,0,0,25_SCIA_ESTRUTURAL (4)_2026.xlsx,mensal
Scia/Estrutural,25,2026,1. C.V.L.I. - CRIMES VIOLENTOS LETAIS INTENCIONAIS,OCORRENCIA,LATROCÍNIO,0,0,0,0,0,0,0,0,0,0,0,0,0,25_SCIA_ESTRUTURAL (4)_2026.xlsx,mensal
Scia/Estrutural,25,2026,1. C.V.L.I. - CRIMES VIOLENTOS LETAIS INTENCIONAIS,OCORRENCIA,LESÃO CORPORAL SEG. DE MORTE,0,0,0,0,0,0,0,0,0,0,0,0,0,25_SCIA_ESTRUTURAL (4)_2026.xlsx,mensal
Scia/Estrutural,25,2026,2. C.C.P. -                                                      CRIMES CONTRA O PATRIMÔNIO,OCORRENCIA,FURTO EM VEÍCULO,16,1,3,1,6,1,2,2,0,0,0,0,0,25_SCIA_ESTRUTURAL (4)_2026.xlsx,mensal
Scia/Estrutural,25,2026,2. C.C.P. -                                                      CRIMES CONTRA O PATRIMÔNIO,OCORRENCIA,ROUBO A TRANSEUNTE,90,13,13,6,13,14,9,13,9,0,0,0,0,25_SCIA_ESTRUTURAL (4)_2026.xlsx,mensal
Scia/Estrutural,25,2026,2. C.C.P. -                                                      CRIMES CONTRA O PATRIMÔNIO,OCORRENCIA,ROUBO DE VEÍCULO,7,2,0,0,0,0,0,4,1,0,0,0,0,25_SCIA_ESTRUTURAL (4)_2026.xlsx,mensal
Scia/Estrutural,25,2026,2. C.C.P. -                                                      CRIMES CONTRA O PATRIMÔNIO,OCORRENCIA,ROUBO EM COLETIVO,1,0,0,0,0,0,1,0,0,0,0,0,0,25_SCIA_ESTRUTURAL (4)_2026.xlsx,mensal
Scia/Estrutural,25,2026,2. C.C.P. -                                                      CRIMES CONTRA O PATRIMÔNIO,OCORRENCIA,ROUBO EM COMÉRCIO *,4,0,0,1,0,2,0,1,0,0,0,0,0,25_SCIA_ESTRUTURAL (4)_2026.xlsx,mensal
Scia/Estrutural,25,2026,2. C.C.P. -                                                      CRIMES CONTRA O PATRIMÔNIO,OCORRENCIA,ROUBO EM RESIDÊNCIA,2,1,0,0,0,0,0,0,1,0,0,0,0,25_SCIA_ESTRUTURAL (4)_2026.xlsx,mensal
Scia/Estrutural,25,2026,3. OUTROS CRIMES,OCORRENCIA,ESTUPRO,5,0,2,0,0,2,0,0,1,0,0,0,0,25_SCIA_ESTRUTURAL (4)_2026.xlsx,mensal
Scia/Estrutural,25,2026,3. OUTROS CRIMES,OCORRENCIA,ESTUPRO DE VULNERÁVEL,10,0,2,0,1,1,4,2,0,0,0,0,0,25_SCIA_ESTRUTURAL (4)_2026.xlsx,mensal
Scia/Estrutural,25,2026,3. OUTROS CRIMES,OCORRENCIA,TENTATIVA DE HOMICÍDIO,10,1,0,3,3,0,0,1,2,0,0,0,0,25_SCIA_ESTRUTURAL (4)_2026.xlsx,mensal
Scia/Estrutural,25,2026,3. OUTROS CRIMES,OCORRENCIA,TENTATIVA DE LATROCÍNIO,0,0,0,0,0,0,0,0,0,0,0,0,0,25_SCIA_ESTRUTURAL (4)_2026.xlsx,mensal
Scia/Estrutural,25,2026,4. PRODUTIVIDADE POLICIAL,OCORRENCIA,LOCALIZAÇÃO DE VEICULO FURTADO OU ROUBADO,43,10,7,2,4,6,4,3,7,0,0,0,0,25_SCIA_ESTRUTURAL (4)_2026.xlsx,mensal
Scia/Estrutural,25,2026,4. PRODUTIVIDADE POLICIAL,OCORRENCIA,POSSE/PORTE DE ARMA,27,6,3,3,4,6,3,2,0,0,0,0,0,25_SCIA_ESTRUTURAL (4)_2026.xlsx,mensal
Scia/Estrutural,25,2026,4. PRODUTIVIDADE POLICIAL,OCORRENCIA,TRÁFICO DE DROGAS,83,11,9,8,8,10,10,13,14,0,0,0,0,25_SCIA_ESTRUTURAL (4)_2026.xlsx,mensal
Scia/Estrutural,25,2026,4. PRODUTIVIDADE POLICIAL,OCORRENCIA,USO E PORTE DE DROGAS,64,8,9,9,7,6,8,7,10,0,0,0,0,25_SCIA_ESTRUTURAL (4)_2026.xlsx,mensal
Sobradinho,05,2014,1. C.V.L.I. - CRIMES VIOLENTOS LETAIS INTENCIONAIS,OCORRENCIA,HOMICÍDIO,9,1,0,0,1,1,0,0,0,1,2,1,2,5_sobradinho_4-6-2_agregado.xls,PPV (mensal)2014
Sobradinho,05,2014,1. C.V.L.I. - CRIMES VIOLENTOS LETAIS INTENCIONAIS,OCORRENCIA,LATROCÍNIO,0,0,0,0,0,0,0,0,0,0,0,0,0,5_sobradinho_4-6-2_agregado.xls,PPV (mensal)2014
Sobradinho,05,2014,1. C.V.L.I. - CRIMES VIOLENTOS LETAIS INTENCIONAIS,OCORRENCIA,LESÃO CORPORAL SEG. DE MORTE,0,0,0,0,0,0,0,0,0,0,0,0,0,5_sobradinho_4-6-2_agregado.xls,PPV (mensal)2014
Sobradinho,05,2014,2. C.C.P. -                                                      CRIMES CONTRA O PATRIMÔNIO,OCORRENCIA,FURTO EM VEÍCULO,214,26,19,19,9,21,9,15,18,14,25,24,15,5_sobradinho_4-6-2_agregado.xls,PPV (mensal)2014
Sobradinho,05,2014,2. C.C.P. -                                                      CRIMES CONTRA O PATRIMÔNIO,OCORRENCIA,ROUBO A TRANSEUNTE,757,38,44,47,59,76,79,95,87,61,59,63,49,5_sobradinho_4-6-2_agregado.xls,PPV (mensal)2014
Sobradinho,05,2014,2. C.C.P. -                                                      CRIMES CONTRA O PATRIMÔNIO,OCORRENCIA,ROUBO DE VEÍCULO,137,22,8,8,9,12,13,10,11,11,14,10,9,5_sobradinho_4-6-2_agregado.xls,PPV (mensal)2014
Sobradinho,05,2014,2. C.C.P. -                                                      CRIMES CONTRA O PATRIMÔNIO,OCORRENCIA,ROUBO EM COLETIVO,48,1,7,2,3,6,8,8,3,1,1,3,5,5_sobradinho_4-6-2_agregado.xls,PPV (mensal)2014
Sobradinho,05,2014,2. C.C.P. -                                                      CRIMES CONTRA O PATRIMÔNIO,OCORRENCIA,ROUBO EM COMÉRCIO *,143,25,9,15,21,10,10,9,7,6,10,14,7,5_sobradinho_4-6-2_agregado.xls,PPV (mensal)2014
Sobradinho,05,2014,3. OUTROS CRIMES,OCORRENCIA,ESTUPRO,38,3,1,5,6,4,3,5,3,2,3,0,3,5_sobradinho_4-6-2_agregado.xls,PPV (mensal)2014
Sobradinho,05,2014,3. OUTROS CRIMES,OCORRENCIA,FURTO A TRANSEUNTE,67,9,5,4,2,4,2,8,5,6,8,5,9,5_sobradinho_4-6-2_agregado.xls,PPV (mensal)2014
Sobradinho,05,2014,3. OUTROS CRIMES,OCORRENCIA,ROUBO EM RESIDÊNCIA,14,2,1,0,0,1,1,1,2,1,0,4,1,5_sobradinho_4-6-2_agregado.xls,PPV (mensal)2014
Sobradinho,05,2014,3. OUTROS CRIMES,OCORRENCIA,TENTATIVA DE HOMICÍDIO,20,2,2,2,0,2,4,2,3,1,0,0,2,5_sobradinho_4-6-2_agregado.xls,PPV (mensal)2014
Sobradinho,05,2014,4. PRODUTIVIDADE POLICIAL,OCORRENCIA,LOCALIZAÇÃO DE VEICULO FURTADO OU ROUBADO,252,36,15,17,23,20,35,20,20,16,23,18,9,5_sobradinho_4-6-2_agregado.xls,PPV (mensal)2014
Sobradinho,05,2014,4. PRODUTIVIDADE POLICIAL,OCORRENCIA,POSSE/PORTE DE ARMA,36,1,1,7,0,3,2,11,2,1,2,3,3,5_sobradinho_4-6-2_agregado.xls,PPV (mensal)2014
Sobradinho,05,2014,4. PRODUTIVIDADE POLICIAL,OCORRENCIA,TRÁFICO DE DROGAS,71,3,6,5,8,10,5,9,5,4,6,6,4,5_sobradinho_4-6-2_agregado.xls,PPV (mensal)2014
Sobradinho,05,2014,4. PRODUTIVIDADE POLICIAL,OCORRENCIA,USO E PORTE DE DROGAS,136,7,7,15,10,13,8,12,14,13,11,13,13,5_sobradinho_4-6-2_agregado.xls,PPV (mensal)2014
Sobradinho,05,2015,1. C.V.L.I. - CRIMES VIOLENTOS LETAIS INTENCIONAIS,OCORRENCIA,HOMICÍDIO,20,8,0,4,2,1,0,0,0,0,1,1,3,5_sobradinho_4-6-2_agregado.xls,PPV (mensal)2015
Sobradinho,05,2015,1. C.V.L.I. - CRIMES VIOLENTOS LETAIS INTENCIONAIS,OCORRENCIA,LATROCÍNIO,2,0,0,0,1,0,1,0,0,0,0,0,0,5_sobradinho_4-6-2_agregado.xls,PPV (mensal)2015
Sobradinho,05,2015,1. C.V.L.I. - CRIMES VIOLENTOS LETAIS INTENCIONAIS,OCORRENCIA,LESÃO CORPORAL SEG. DE MORTE,0,0,0,0,0,0,0,0,0,0,0,0,0,5_sobradinho_4-6-2_agregado.xls,PPV (mensal)2015
Sobradinho,05,2015,2. C.C.P. -                                                      CRIMES CONTRA O PATRIMÔNIO,OCORRENCIA,FURTO EM VEÍCULO,225,15,15,24,15,23,19,12,11,4,14,19,54,5_sobradinho_4-6-2_agregado.xls,PPV (mensal)2015
Sobradinho,05,2015,2. C.C.P. -                                                      CRIMES CONTRA O PATRIMÔNIO,OCORRENCIA,ROUBO A TRANSEUNTE,652,54,58,66,78,47,68,45,35,15,54,62,70,5_sobradinho_4-6-2_agregado.xls,PPV (mensal)2015
Sobradinho,05,2015,2. C.C.P. -                                                      CRIMES CONTRA O PATRIMÔNIO,OCORRENCIA,ROUBO DE VEÍCULO,104,18,10,9,8,4,6,12,8,10,10,2,7,5_sobradinho_4-6-2_agregado.xls,PPV (mensal)2015
Sobradinho,05,2015,2. C.C.P. -                                                      CRIMES CONTRA O PATRIMÔNIO,OCORRENCIA,ROUBO EM COLETIVO,43,8,4,4,6,8,2,3,1,0,3,1,3,5_sobradinho_4-6-2_agregado.xls,PPV (mensal)2015
Sobradinho,05,2015,2. C.C.P. -                                                      CRIMES CONTRA O PATRIMÔNIO,OCORRENCIA,ROUBO EM COMÉRCIO *,76,9,11,11,10,4,6,5,7,2,2,4,5,5_sobradinho_4-6-2_agregado.xls,PPV (mensal)2015
Sobradinho,05,2015,3. OUTROS CRIMES,OCORRENCIA,ESTUPRO,22,3,1,2,0,1,2,2,3,1,4,1,2,5_sobradinho_4-6-2_agregado.xls,PPV (mensal)2015
Sobradinho,05,2015,3. OUTROS CRIMES,OCORRENCIA,FURTO A TRANSEUNTE,76,2,5,10,5,7,6,7,7,1,9,9,8,5_sobradinho_4-6-2_agregado.xls,PPV (mensal)2015
Sobradinho,05,2015,3. OUTROS CRIMES,OCORRENCIA,ROUBO EM RESIDÊNCIA,19,1,3,1,2,1,0,1,0,2,1,3,4,5_sobradinho_4-6-2_agregado.xls,PPV (mensal)2015
Sobradinho,05,2015,3. OUTROS CRIMES,OCORRENCIA,TENTATIVA DE HOMICÍDIO,18,1,1,3,2,2,0,1,1,0,0,2,5,5_sobradinho_4-6-2_agregado.xls,PPV (mensal)2015
Sobradinho,05,2015,4. PRODUTIVIDADE POLICIAL,OCORRENCIA,LOCALIZAÇÃO DE VEICULO FURTADO OU ROUBADO,175,19,14,17,17,14,12,11,17,7,18,10,19,5_sobradinho_4-6-2_agregado.xls,PPV (mensal)2015
Sobradinho,05,2015,4. PRODUTIVIDADE POLICIAL,OCORRENCIA,POSSE/PORTE DE ARMA,36,9,3,2,1,3,3,1,3,4,0,3,4,5_sobradinho_4-6-2_agregado.xls,PPV (mensal)2015
Sobradinho,05,2015,4. PRODUTIVIDADE POLICIAL,OCORRENCIA,TRÁFICO DE DROGAS,54,5,3,5,8,4,7,7,6,0,3,2,4,5_sobradinho_4-6-2_agregado.xls,PPV (mensal)2015
Sobradinho,05,2015,4. PRODUTIVIDADE POLICIAL,OCORRENCIA,USO E PORTE DE DROGAS,196,12,13,21,23,22,22,19,21,10,8,16,9,5_sobradinho_4-6-2_agregado.xls,PPV (mensal)2015
Sobradinho,05,2016,1. C.V.L.I. - CRIMES VIOLENTOS LETAIS INTENCIONAIS,OCORRENCIA,HOMICÍDIO,15,2,2,2,1,0,0,1,0,1,0,3,3,5_sobradinho_4-6-2_agregado.xls,PPV(mensal)2016
Sobradinho,05,2016,1. C.V.L.I. - CRIMES VIOLENTOS LETAIS INTENCIONAIS,OCORRENCIA,LATROCÍNIO,2,1,0,0,0,0,1,0,0,0,0,0,0,5_sobradinho_4-6-2_agregado.xls,PPV(mensal)2016
Sobradinho,05,2016,1. C.V.L.I. - CRIMES VIOLENTOS LETAIS INTENCIONAIS,OCORRENCIA,LESÃO CORPORAL SEG. DE MORTE,1,0,0,0,0,1,0,0,0,0,0,0,0,5_sobradinho_4-6-2_agregado.xls,PPV(mensal)2016
Sobradinho,05,2016,2. C.C.P. -                                                      CRIMES CONTRA O PATRIMÔNIO,OCORRENCIA,FURTO EM VEÍCULO,269,29,16,23,28,24,14,18,21,17,19,33,27,5_sobradinho_4-6-2_agregado.xls,PPV(mensal)2016
Sobradinho,05,2016,2. C.C.P. -                                                      CRIMES CONTRA O PATRIMÔNIO,OCORRENCIA,ROUBO A TRANSEUNTE,853,79,63,69,77,73,63,65,66,70,60,82,86,5_sobradinho_4-6-2_agregado.xls,PPV(mensal)2016
Sobradinho,05,2016,2. C.C.P. -                                                      CRIMES CONTRA O PATRIMÔNIO,OCORRENCIA,ROUBO DE VEÍCULO,154,10,5,5,11,21,5,13,12,17,14,25,16,5_sobradinho_4-6-2_agregado.xls,PPV(mensal)2016
Sobradinho,05,2016,2. C.C.P. -                                                      CRIMES CONTRA O PATRIMÔNIO,OCORRENCIA,ROUBO EM COLETIVO,51,9,3,2,7,2,6,3,8,0,4,3,4,5_sobradinho_4-6-2_agregado.xls,PPV(mensal)2016
Sobradinho,05,2016,2. C.C.P. -                                                      CRIMES CONTRA O PATRIMÔNIO,OCORRENCIA,ROUBO EM COMÉRCIO *,104,8,11,11,10,9,8,6,5,11,5,12,8,5_sobradinho_4-6-2_agregado.xls,PPV(mensal)2016
Sobradinho,05,2016,2. C.C.P. -                                                      CRIMES CONTRA O PATRIMÔNIO,OCORRENCIA,ROUBO EM RESIDÊNCIA,32,0,2,2,3,3,1,2,3,2,5,4,5,5_sobradinho_4-6-2_agregado.xls,PPV(mensal)2016
Sobradinho,05,2016,3. OUTROS CRIMES,OCORRENCIA,ESTUPRO,33,2,2,2,3,3,3,6,2,4,2,2,2,5_sobradinho_4-6-2_agregado.xls,PPV(mensal)2016
Sobradinho,05,2016,3. OUTROS CRIMES,OCORRENCIA,FURTO A TRANSEUNTE,66,5,4,4,5,7,3,5,4,4,5,8,12,5_sobradinho_4-6-2_agregado.xls,PPV(mensal)2016
Sobradinho,05,2016,3. OUTROS CRIMES,OCORRENCIA,TENTATIVA DE HOMICÍDIO,25,4,0,2,1,2,1,1,1,3,2,5,3,5_sobradinho_4-6-2_agregado.xls,PPV(mensal)2016
Sobradinho,05,2016,3. OUTROS CRIMES,OCORRENCIA,TENTATIVA DE LATROCÍNIO,12,0,1,1,1,1,0,1,3,0,1,2,1,5_sobradinho_4-6-2_agregado.xls,PPV(mensal)2016
Sobradinho,05,2016,4. PRODUTIVIDADE POLICIAL,OCORRENCIA,LOCALIZAÇÃO DE VEICULO FURTADO OU ROUBADO,183,16,16,15,14,24,12,11,20,7,18,14,16,5_sobradinho_4-6-2_agregado.xls,PPV(mensal)2016
Sobradinho,05,2016,4. PRODUTIVIDADE POLICIAL,OCORRENCIA,POSSE/PORTE DE ARMA,43,6,0,4,3,3,2,7,2,4,4,4,4,5_sobradinho_4-6-2_agregado.xls,PPV(mensal)2016
Sobradinho,05,2016,4. PRODUTIVIDADE POLICIAL,OCORRENCIA,TRÁFICO DE DROGAS,57,4,1,4,8,8,8,9,4,2,5,1,3,5_sobradinho_4-6-2_agregado.xls,PPV(mensal)2016
Sobradinho,05,2016,4. PRODUTIVIDADE POLICIAL,OCORRENCIA,USO E PORTE DE DROGAS,152,8,8,16,17,26,23,13,13,7,7,3,11,5_sobradinho_4-6-2_agregado.xls,PPV(mensal)2016
Sobradinho,05,2017,1. C.V.L.I. - CRIMES VIOLENTOS LETAIS INTENCIONAIS,OCORRENCIA,HOMICÍDIO,13,1,0,2,1,2,0,0,1,0,5,1,2,5_sobradinho_4-6-2_agregado.xls,PPV(mensal)2017
Sobradinho,05,2017,1. C.V.L.I. - CRIMES VIOLENTOS LETAIS INTENCIONAIS,OCORRENCIA,LATROCÍNIO,1,0,0,0,0,0,0,0,1,0,0,0,0,5_sobradinho_4-6-2_agregado.xls,PPV(mensal)2017
Sobradinho,05,2017,1. C.V.L.I. - CRIMES VIOLENTOS LETAIS INTENCIONAIS,OCORRENCIA,LESÃO CORPORAL SEG. DE MORTE,1,0,0,0,0,0,0,0,0,0,0,1,0,5_sobradinho_4-6-2_agregado.xls,PPV(mensal)2017
Sobradinho,05,2017,2. C.C.P. -                                                      CRIMES CONTRA O PATRIMÔNIO,OCORRENCIA,FURTO EM VEÍCULO,347,53,42,38,21,28,25,38,24,42,15,21,27,5_sobradinho_4-6-2_agregado.xls,PPV(mensal)2017
Sobradinho,05,2017,2. C.C.P. -                                                      CRIMES CONTRA O PATRIMÔNIO,OCORRENCIA,ROUBO A TRANSEUNTE,871,59,98,98,63,108,78,79,72,71,69,76,64,5_sobradinho_4-6-2_agregado.xls,PPV(mensal)2017
Sobradinho,05,2017,2. C.C.P. -                                                      CRIMES CONTRA O PATRIMÔNIO,OCORRENCIA,ROUBO DE VEÍCULO,105,10,13,5,13,7,9,10,8,5,11,14,14,5_sobradinho_4-6-2_agregado.xls,PPV(mensal)2017
Sobradinho,05,2017,2. C.C.P. -                                                      CRIMES CONTRA O PATRIMÔNIO,OCORRENCIA,ROUBO EM COLETIVO,30,3,3,10,5,0,2,2,0,1,1,3,3,5_sobradinho_4-6-2_agregado.xls,PPV(mensal)2017
Sobradinho,05,2017,2. C.C.P. -                                                      CRIMES CONTRA O PATRIMÔNIO,OCORRENCIA,ROUBO EM COMÉRCIO *,83,13,2,7,4,8,13,7,3,11,11,4,11,5_sobradinho_4-6-2_agregado.xls,PPV(mensal)2017
Sobradinho,05,2017,2. C.C.P. -                                                      CRIMES CONTRA O PATRIMÔNIO,OCORRENCIA,ROUBO EM RESIDÊNCIA,13,0,0,1,2,1,2,2,1,1,2,1,1,5_sobradinho_4-6-2_agregado.xls,PPV(mensal)2017
Sobradinho,05,2017,3. OUTROS CRIMES,OCORRENCIA,ESTUPRO,25,1,1,3,3,0,6,1,2,2,4,2,3,5_sobradinho_4-6-2_agregado.xls,PPV(mensal)2017
Sobradinho,05,2017,3. OUTROS CRIMES,OCORRENCIA,FURTO A TRANSEUNTE,77,12,4,7,3,7,6,6,8,13,1,10,6,5_sobradinho_4-6-2_agregado.xls,PPV(mensal)2017
Sobradinho,05,2017,3. OUTROS CRIMES,OCORRENCIA,TENTATIVA DE HOMICÍDIO,26,3,4,3,3,4,1,2,0,1,4,1,3,5_sobradinho_4-6-2_agregado.xls,PPV(mensal)2017
Sobradinho,05,2017,3. OUTROS CRIMES,OCORRENCIA,TENTATIVA DE LATROCÍNIO,3,0,2,0,0,0,0,0,0,0,0,1,0,5_sobradinho_4-6-2_agregado.xls,PPV(mensal)2017
Sobradinho,05,2017,4. PRODUTIVIDADE POLICIAL,OCORRENCIA,LOCALIZAÇÃO DE VEICULO FURTADO OU ROUBADO,135,14,13,10,7,10,18,12,15,11,13,12,16,5_sobradinho_4-6-2_agregado.xls,PPV(mensal)2017
Sobradinho,05,2017,4. PRODUTIVIDADE POLICIAL,OCORRENCIA,POSSE/PORTE DE ARMA,35,5,2,4,2,2,2,5,5,2,2,4,1,5_sobradinho_4-6-2_agregado.xls,PPV(mensal)2017
Sobradinho,05,2017,4. PRODUTIVIDADE POLICIAL,OCORRENCIA,TRÁFICO DE DROGAS,58,4,5,3,3,8,7,8,4,4,7,5,3,5_sobradinho_4-6-2_agregado.xls,PPV(mensal)2017
Sobradinho,05,2017,4. PRODUTIVIDADE POLICIAL,OCORRENCIA,USO E PORTE DE DROGAS,113,8,4,12,6,14,6,11,13,10,16,13,9,5_sobradinho_4-6-2_agregado.xls,PPV(mensal)2017
Sobradinho,05,2018,1. C.V.L.I. - CRIMES VIOLENTOS LETAIS INTENCIONAIS,OCORRENCIA,HOMICÍDIO,12,2,3,0,1,0,0,0,1,0,4,1,0,5_sobradinho_4-6-2_agregado.xls,PPV(mensal)2018
Sobradinho,05,2018,1. C.V.L.I. - CRIMES VIOLENTOS LETAIS INTENCIONAIS,OCORRENCIA,LATROCÍNIO,1,0,1,0,0,0,0,0,0,0,0,0,0,5_sobradinho_4-6-2_agregado.xls,PPV(mensal)2018
Sobradinho,05,2018,1. C.V.L.I. - CRIMES VIOLENTOS LETAIS INTENCIONAIS,OCORRENCIA,LESÃO CORPORAL SEG. DE MORTE,0,0,0,0,0,0,0,0,0,0,0,0,0,5_sobradinho_4-6-2_agregado.xls,PPV(mensal)2018
Sobradinho,05,2018,2. C.C.P. -                                                      CRIMES CONTRA O PATRIMÔNIO,OCORRENCIA,FURTO EM VEÍCULO,190,21,14,15,19,17,12,11,22,14,17,16,12,5_sobradinho_4-6-2_agregado.xls,PPV(mensal)2018
Sobradinho,05,2018,2. C.C.P. -                                                      CRIMES CONTRA O PATRIMÔNIO,OCORRENCIA,ROUBO A TRANSEUNTE,835,53,47,91,86,62,84,63,85,59,77,64,64,5_sobradinho_4-6-2_agregado.xls,PPV(mensal)2018
Sobradinho,05,2018,2. C.C.P. -                                                      CRIMES CONTRA O PATRIMÔNIO,OCORRENCIA,ROUBO DE VEÍCULO,114,7,10,11,11,10,5,14,12,11,6,10,7,5_sobradinho_4-6-2_agregado.xls,PPV(mensal)2018
Sobradinho,05,2018,2. C.C.P. -                                                      CRIMES CONTRA O PATRIMÔNIO,OCORRENCIA,ROUBO EM COLETIVO,23,1,5,2,3,3,0,3,4,0,1,1,0,5_sobradinho_4-6-2_agregado.xls,PPV(mensal)2018
Sobradinho,05,2018,2. C.C.P. -                                                      CRIMES CONTRA O PATRIMÔNIO,OCORRENCIA,ROUBO EM COMÉRCIO *,55,8,12,6,1,2,2,3,7,0,2,4,8,5_sobradinho_4-6-2_agregado.xls,PPV(mensal)2018
Sobradinho,05,2018,2. C.C.P. -                                                      CRIMES CONTRA O PATRIMÔNIO,OCORRENCIA,ROUBO EM RESIDÊNCIA,17,4,1,0,1,4,0,2,2,2,0,0,1,5_sobradinho_4-6-2_agregado.xls,PPV(mensal)2018
Sobradinho,05,2018,3. OUTROS CRIMES,OCORRENCIA,ESTUPRO,41,1,4,2,1,4,6,5,2,4,9,1,2,5_sobradinho_4-6-2_agregado.xls,PPV(mensal)2018
Sobradinho,05,2018,3. OUTROS CRIMES,OCORRENCIA,FURTO A TRANSEUNTE,115,5,4,8,8,10,9,17,11,7,15,10,11,5_sobradinho_4-6-2_agregado.xls,PPV(mensal)2018
Sobradinho,05,2018,3. OUTROS CRIMES,OCORRENCIA,TENTATIVA DE HOMICÍDIO,22,4,3,0,2,1,2,3,1,1,1,0,4,5_sobradinho_4-6-2_agregado.xls,PPV(mensal)2018
Sobradinho,05,2018,3. OUTROS CRIMES,OCORRENCIA,TENTATIVA DE LATROCÍNIO,3,0,0,1,0,0,0,0,1,1,0,0,0,5_sobradinho_4-6-2_agregado.xls,PPV(mensal)2018
Sobradinho,05,2018,4. PRODUTIVIDADE POLICIAL,OCORRENCIA,LOCALIZAÇÃO DE VEICULO FURTADO OU ROUBADO,148,9,11,16,14,15,7,17,14,12,13,10,10,5_sobradinho_4-6-2_agregado.xls,PPV(mensal)2018
Sobradinho,05,2018,4. PRODUTIVIDADE POLICIAL,OCORRENCIA,POSSE/PORTE DE ARMA,46,4,1,8,5,6,1,4,1,7,3,5,1,5_sobradinho_4-6-2_agregado.xls,PPV(mensal)2018
Sobradinho,05,2018,4. PRODUTIVIDADE POLICIAL,OCORRENCIA,TRÁFICO DE DROGAS,60,4,1,5,8,4,7,6,10,4,3,2,6,5_sobradinho_4-6-2_agregado.xls,PPV(mensal)2018
Sobradinho,05,2018,4. PRODUTIVIDADE POLICIAL,OCORRENCIA,USO E PORTE DE DROGAS,141,11,13,16,18,11,8,8,20,10,10,5,11,5_sobradinho_4-6-2_agregado.xls,PPV(mensal)2018
Sobradinho,05,2026,1. C.V.L.I. - CRIMES VIOLENTOS LETAIS INTENCIONAIS,OCORRENCIA,HOMICÍDIO,3,0,1,0,0,2,0,0,0,0,0,0,0,05_SOBRADINHO (4)_2026.xlsx,mensal
Sobradinho,05,2026,1. C.V.L.I. - CRIMES VIOLENTOS LETAIS INTENCIONAIS,OCORRENCIA,LATROCÍNIO,0,0,0,0,0,0,0,0,0,0,0,0,0,05_SOBRADINHO (4)_2026.xlsx,mensal
Sobradinho,05,2026,1. C.V.L.I. - CRIMES VIOLENTOS LETAIS INTENCIONAIS,OCORRENCIA,LESÃO CORPORAL SEG. DE MORTE,0,0,0,0,0,0,0,0,0,0,0,0,0,05_SOBRADINHO (4)_2026.xlsx,mensal
Sobradinho,05,2026,2. C.C.P. -                                                      CRIMES CONTRA O PATRIMÔNIO,OCORRENCIA,FURTO EM VEÍCULO,49,4,3,3,7,5,13,5,9,0,0,0,0,05_SOBRADINHO (4)_2026.xlsx,mensal
Sobradinho,05,2026,2. C.C.P. -                                                      CRIMES CONTRA O PATRIMÔNIO,OCORRENCIA,ROUBO A TRANSEUNTE,80,11,9,17,11,8,10,8,6,0,0,0,0,05_SOBRADINHO (4)_2026.xlsx,mensal
Sobradinho,05,2026,2. C.C.P. -                                                      CRIMES CONTRA O PATRIMÔNIO,OCORRENCIA,ROUBO DE VEÍCULO,14,1,4,1,2,2,1,1,2,0,0,0,0,05_SOBRADINHO (4)_2026.xlsx,mensal
Sobradinho,05,2026,2. C.C.P. -                                                      CRIMES CONTRA O PATRIMÔNIO,OCORRENCIA,ROUBO EM COLETIVO,3,0,0,0,2,1,0,0,0,0,0,0,0,05_SOBRADINHO (4)_2026.xlsx,mensal
Sobradinho,05,2026,2. C.C.P. -                                                      CRIMES CONTRA O PATRIMÔNIO,OCORRENCIA,ROUBO EM COMÉRCIO *,0,0,0,0,0,0,0,0,0,0,0,0,0,05_SOBRADINHO (4)_2026.xlsx,mensal
Sobradinho,05,2026,2. C.C.P. -                                                      CRIMES CONTRA O PATRIMÔNIO,OCORRENCIA,ROUBO EM RESIDÊNCIA,0,0,0,0,0,0,0,0,0,0,0,0,0,05_SOBRADINHO (4)_2026.xlsx,mensal
Sobradinho,05,2026,3. OUTROS CRIMES,OCORRENCIA,ESTUPRO,4,1,0,0,0,0,1,0,2,0,0,0,0,05_SOBRADINHO (4)_2026.xlsx,mensal
Sobradinho,05,2026,3. OUTROS CRIMES,OCORRENCIA,ESTUPRO DE VULNERÁVEL,16,3,1,4,1,3,2,1,1,0,0,0,0,05_SOBRADINHO (4)_2026.xlsx,mensal
Sobradinho,05,2026,3. OUTROS CRIMES,OCORRENCIA,TENTATIVA DE HOMICÍDIO,8,0,0,1,2,2,1,1,1,0,0,0,0,05_SOBRADINHO (4)_2026.xlsx,mensal
Sobradinho,05,2026,3. OUTROS CRIMES,OCORRENCIA,TENTATIVA DE LATROCÍNIO,2,0,0,0,0,0,0,2,0,0,0,0,0,05_SOBRADINHO (4)_2026.xlsx,mensal
Sobradinho,05,2026,4. PRODUTIVIDADE POLICIAL,OCORRENCIA,LOCALIZAÇÃO DE VEICULO FURTADO OU ROUBADO,22,5,2,3,6,2,3,0,1,0,0,0,0,05_SOBRADINHO (4)_2026.xlsx,mensal
Sobradinho,05,2026,4. PRODUTIVIDADE POLICIAL,OCORRENCIA,POSSE/PORTE DE ARMA,11,2,3,0,2,3,0,1,0,0,0,0,0,05_SOBRADINHO (4)_2026.xlsx,mensal
Sobradinho,05,2026,4. PRODUTIVIDADE POLICIAL,OCORRENCIA,TRÁFICO DE DROGAS,35,2,4,6,5,4,4,6,4,0,0,0,0,05_SOBRADINHO (4)_2026.xlsx,mensal
Sobradinho,05,2026,4. PRODUTIVIDADE POLICIAL,OCORRENCIA,USO E PORTE DE DROGAS,12,1,0,4,0,2,3,1,1,0,0,0,0,05_SOBRADINHO (4)_2026.xlsx,mensal
Sobradinho Ii,26,2014,1. C.V.L.I. - CRIMES VIOLENTOS LETAIS INTENCIONAIS,OCORRENCIA,HOMICÍDIO,24,3,0,1,5,2,1,2,2,2,1,2,0,26_sobradinho-ii_1-2_agregado.xls,PPV (mensal)2014
Sobradinho Ii,26,2014,1. C.V.L.I. - CRIMES VIOLENTOS LETAIS INTENCIONAIS,OCORRENCIA,LATROCÍNIO,0,0,0,0,0,0,0,0,0,0,0,0,0,26_sobradinho-ii_1-2_agregado.xls,PPV (mensal)2014
Sobradinho Ii,26,2014,1. C.V.L.I. - CRIMES VIOLENTOS LETAIS INTENCIONAIS,OCORRENCIA,LESÃO CORPORAL SEG. DE MORTE,0,0,0,0,0,0,0,0,0,0,0,0,0,26_sobradinho-ii_1-2_agregado.xls,PPV (mensal)2014
Sobradinho Ii,26,2014,2. C.C.P. -                                                      CRIMES CONTRA O PATRIMÔNIO,OCORRENCIA,FURTO EM VEÍCULO,58,10,2,3,3,7,3,6,4,8,4,4,4,26_sobradinho-ii_1-2_agregado.xls,PPV (mensal)2014
Sobradinho Ii,26,2014,2. C.C.P. -                                                      CRIMES CONTRA O PATRIMÔNIO,OCORRENCIA,ROUBO A TRANSEUNTE,266,18,15,31,20,21,14,18,26,28,20,26,29,26_sobradinho-ii_1-2_agregado.xls,PPV (mensal)2014
Sobradinho Ii,26,2014,2. C.C.P. -                                                      CRIMES CONTRA O PATRIMÔNIO,OCORRENCIA,ROUBO DE VEÍCULO,58,6,3,8,4,8,4,4,5,1,7,6,2,26_sobradinho-ii_1-2_agregado.xls,PPV (mensal)2014
Sobradinho Ii,26,2014,2. C.C.P. -                                                      CRIMES CONTRA O PATRIMÔNIO,OCORRENCIA,ROUBO EM COLETIVO,7,0,1,1,2,0,2,0,0,0,1,0,0,26_sobradinho-ii_1-2_agregado.xls,PPV (mensal)2014
Sobradinho Ii,26,2014,2. C.C.P. -                                                      CRIMES CONTRA O PATRIMÔNIO,OCORRENCIA,ROUBO EM COMÉRCIO *,76,12,13,12,5,7,9,4,2,4,4,1,3,26_sobradinho-ii_1-2_agregado.xls,PPV (mensal)2014
Sobradinho Ii,26,2014,3. OUTROS CRIMES,OCORRENCIA,ESTUPRO,14,1,1,0,2,1,2,2,0,2,2,1,0,26_sobradinho-ii_1-2_agregado.xls,PPV (mensal)2014
Sobradinho Ii,26,2014,3. OUTROS CRIMES,OCORRENCIA,FURTO A TRANSEUNTE,39,0,0,5,6,2,3,4,5,2,5,1,6,26_sobradinho-ii_1-2_agregado.xls,PPV (mensal)2014
Sobradinho Ii,26,2014,3. OUTROS CRIMES,OCORRENCIA,ROUBO EM RESIDÊNCIA,8,0,0,0,2,1,1,0,1,1,0,1,1,26_sobradinho-ii_1-2_agregado.xls,PPV (mensal)2014
Sobradinho Ii,26,2014,3. OUTROS CRIMES,OCORRENCIA,TENTATIVA DE HOMICÍDIO,34,4,2,0,5,3,1,3,2,2,3,7,2,26_sobradinho-ii_1-2_agregado.xls,PPV (mensal)2014
Sobradinho Ii,26,2014,4. PRODUTIVIDADE POLICIAL,OCORRENCIA,LOCALIZAÇÃO DE VEICULO FURTADO OU ROUBADO,132,15,10,7,9,12,12,8,12,11,16,10,10,26_sobradinho-ii_1-2_agregado.xls,PPV (mensal)2014
Sobradinho Ii,26,2014,4. PRODUTIVIDADE POLICIAL,OCORRENCIA,POSSE/PORTE DE ARMA,31,4,2,3,4,3,0,1,1,0,5,5,3,26_sobradinho-ii_1-2_agregado.xls,PPV (mensal)2014
Sobradinho Ii,26,2014,4. PRODUTIVIDADE POLICIAL,OCORRENCIA,TRÁFICO DE DROGAS,49,3,4,4,2,6,4,10,3,1,5,6,1,26_sobradinho-ii_1-2_agregado.xls,PPV (mensal)2014
Sobradinho Ii,26,2014,4. PRODUTIVIDADE POLICIAL,OCORRENCIA,USO E PORTE DE DROGAS,120,9,8,15,12,9,13,11,9,9,7,10,8,26_sobradinho-ii_1-2_agregado.xls,PPV (mensal)2014
Sobradinho Ii,26,2015,1. C.V.L.I. - CRIMES VIOLENTOS LETAIS INTENCIONAIS,OCORRENCIA,HOMICÍDIO,20,1,2,3,1,0,2,2,2,1,4,0,2,26_sobradinho-ii_1-2_agregado.xls,PPV (mensal)2015
Sobradinho Ii,26,2015,1. C.V.L.I. - CRIMES VIOLENTOS LETAIS INTENCIONAIS,OCORRENCIA,LATROCÍNIO,2,0,0,0,0,0,1,0,0,0,1,0,0,26_sobradinho-ii_1-2_agregado.xls,PPV (mensal)2015
Sobradinho Ii,26,2015,1. C.V.L.I. - CRIMES VIOLENTOS LETAIS INTENCIONAIS,OCORRENCIA,LESÃO CORPORAL SEG. DE MORTE,0,0,0,0,0,0,0,0,0,0,0,0,0,26_sobradinho-ii_1-2_agregado.xls,PPV (mensal)2015
Sobradinho Ii,26,2015,2. C.C.P. -                                                      CRIMES CONTRA O PATRIMÔNIO,OCORRENCIA,FURTO EM VEÍCULO,63,8,8,5,5,5,7,8,5,1,1,5,5,26_sobradinho-ii_1-2_agregado.xls,PPV (mensal)2015
Sobradinho Ii,26,2015,2. C.C.P. -                                                      CRIMES CONTRA O PATRIMÔNIO,OCORRENCIA,ROUBO A TRANSEUNTE,322,33,22,30,33,28,23,21,25,12,25,30,40,26_sobradinho-ii_1-2_agregado.xls,PPV (mensal)2015
Sobradinho Ii,26,2015,2. C.C.P. -                                                      CRIMES CONTRA O PATRIMÔNIO,OCORRENCIA,ROUBO DE VEÍCULO,32,6,3,1,5,4,3,1,2,0,1,2,4,26_sobradinho-ii_1-2_agregado.xls,PPV (mensal)2015
Sobradinho Ii,26,2015,2. C.C.P. -                                                      CRIMES CONTRA O PATRIMÔNIO,OCORRENCIA,ROUBO EM COLETIVO,13,1,1,0,8,0,0,0,2,0,0,0,1,26_sobradinho-ii_1-2_agregado.xls,PPV (mensal)2015
Sobradinho Ii,26,2015,2. C.C.P. -                                                      CRIMES CONTRA O PATRIMÔNIO,OCORRENCIA,ROUBO EM COMÉRCIO *,53,7,5,7,9,7,3,5,1,2,4,1,2,26_sobradinho-ii_1-2_agregado.xls,PPV (mensal)2015
Sobradinho Ii,26,2015,3. OUTROS CRIMES,OCORRENCIA,ESTUPRO,13,2,2,4,0,3,0,0,0,0,1,1,0,26_sobradinho-ii_1-2_agregado.xls,PPV (mensal)2015
Sobradinho Ii,26,2015,3. OUTROS CRIMES,OCORRENCIA,FURTO A TRANSEUNTE,23,2,2,2,2,0,4,2,2,0,4,2,1,26_sobradinho-ii_1-2_agregado.xls,PPV (mensal)2015
Sobradinho Ii,26,2015,3. OUTROS CRIMES,OCORRENCIA,ROUBO EM RESIDÊNCIA,11,1,1,1,1,1,1,0,1,0,0,1,3,26_sobradinho-ii_1-2_agregado.xls,PPV (mensal)2015
Sobradinho Ii,26,2015,3. OUTROS CRIMES,OCORRENCIA,TENTATIVA DE HOMICÍDIO,42,4,2,7,2,4,2,2,2,2,6,3,6,26_sobradinho-ii_1-2_agregado.xls,PPV (mensal)2015
Sobradinho Ii,26,2015,4. PRODUTIVIDADE POLICIAL,OCORRENCIA,LOCALIZAÇÃO DE VEICULO FURTADO OU ROUBADO,74,11,8,4,10,6,6,2,2,3,7,6,9,26_sobradinho-ii_1-2_agregado.xls,PPV (mensal)2015
Sobradinho Ii,26,2015,4. PRODUTIVIDADE POLICIAL,OCORRENCIA,POSSE/PORTE DE ARMA,19,2,1,0,2,2,0,1,1,3,5,2,0,26_sobradinho-ii_1-2_agregado.xls,PPV (mensal)2015
Sobradinho Ii,26,2015,4. PRODUTIVIDADE POLICIAL,OCORRENCIA,TRÁFICO DE DROGAS,48,1,6,3,5,4,10,8,3,0,3,1,4,26_sobradinho-ii_1-2_agregado.xls,PPV (mensal)2015
Sobradinho Ii,26,2015,4. PRODUTIVIDADE POLICIAL,OCORRENCIA,USO E PORTE DE DROGAS,157,8,19,21,12,18,28,13,8,7,18,2,3,26_sobradinho-ii_1-2_agregado.xls,PPV (mensal)2015
Sobradinho Ii,26,2016,1. C.V.L.I. - CRIMES VIOLENTOS LETAIS INTENCIONAIS,OCORRENCIA,HOMICÍDIO,23,3,1,0,2,1,3,1,3,4,1,3,1,26_sobradinho-ii_1-2_agregado.xls,PPV(mensal)2016
Sobradinho Ii,26,2016,1. C.V.L.I. - CRIMES VIOLENTOS LETAIS INTENCIONAIS,OCORRENCIA,LATROCÍNIO,1,1,0,0,0,0,0,0,0,0,0,0,0,26_sobradinho-ii_1-2_agregado.xls,PPV(mensal)2016
Sobradinho Ii,26,2016,1. C.V.L.I. - CRIMES VIOLENTOS LETAIS INTENCIONAIS,OCORRENCIA,LESÃO CORPORAL SEG. DE MORTE,0,0,0,0,0,0,0,0,0,0,0,0,0,26_sobradinho-ii_1-2_agregado.xls,PPV(mensal)2016
Sobradinho Ii,26,2016,2. C.C.P. -                                                      CRIMES CONTRA O PATRIMÔNIO,OCORRENCIA,FURTO EM VEÍCULO,61,7,6,4,6,7,5,7,3,5,5,2,4,26_sobradinho-ii_1-2_agregado.xls,PPV(mensal)2016
Sobradinho Ii,26,2016,2. C.C.P. -                                                      CRIMES CONTRA O PATRIMÔNIO,OCORRENCIA,ROUBO A TRANSEUNTE,426,28,22,39,36,42,59,31,26,29,22,55,37,26_sobradinho-ii_1-2_agregado.xls,PPV(mensal)2016
Sobradinho Ii,26,2016,2. C.C.P. -                                                      CRIMES CONTRA O PATRIMÔNIO,OCORRENCIA,ROUBO DE VEÍCULO,44,5,0,4,4,5,2,4,4,2,4,7,3,26_sobradinho-ii_1-2_agregado.xls,PPV(mensal)2016
Sobradinho Ii,26,2016,2. C.C.P. -                                                      CRIMES CONTRA O PATRIMÔNIO,OCORRENCIA,ROUBO EM COLETIVO,9,2,0,0,0,2,0,0,0,1,2,1,1,26_sobradinho-ii_1-2_agregado.xls,PPV(mensal)2016
Sobradinho Ii,26,2016,2. C.C.P. -                                                      CRIMES CONTRA O PATRIMÔNIO,OCORRENCIA,ROUBO EM COMÉRCIO *,67,3,5,4,6,5,12,4,4,3,13,5,3,26_sobradinho-ii_1-2_agregado.xls,PPV(mensal)2016
Sobradinho Ii,26,2016,2. C.C.P. -                                                      CRIMES CONTRA O PATRIMÔNIO,OCORRENCIA,ROUBO EM RESIDÊNCIA,17,2,1,0,3,1,2,0,1,2,0,3,2,26_sobradinho-ii_1-2_agregado.xls,PPV(mensal)2016
Sobradinho Ii,26,2016,3. OUTROS CRIMES,OCORRENCIA,ESTUPRO,25,1,1,0,2,2,2,1,2,5,1,2,6,26_sobradinho-ii_1-2_agregado.xls,PPV(mensal)2016
Sobradinho Ii,26,2016,3. OUTROS CRIMES,OCORRENCIA,FURTO A TRANSEUNTE,32,2,1,3,4,4,0,1,2,3,3,4,5,26_sobradinho-ii_1-2_agregado.xls,PPV(mensal)2016
Sobradinho Ii,26,2016,3. OUTROS CRIMES,OCORRENCIA,TENTATIVA DE HOMICÍDIO,41,8,2,2,1,2,3,3,6,4,4,3,3,26_sobradinho-ii_1-2_agregado.xls,PPV(mensal)2016
Sobradinho Ii,26,2016,3. OUTROS CRIMES,OCORRENCIA,TENTATIVA DE LATROCÍNIO,3,0,0,1,1,0,0,0,0,0,0,0,1,26_sobradinho-ii_1-2_agregado.xls,PPV(mensal)2016
Sobradinho Ii,26,2016,4. PRODUTIVIDADE POLICIAL,OCORRENCIA,LOCALIZAÇÃO DE VEICULO FURTADO OU ROUBADO,112,5,4,6,9,13,9,7,6,7,12,21,13,26_sobradinho-ii_1-2_agregado.xls,PPV(mensal)2016
Sobradinho Ii,26,2016,4. PRODUTIVIDADE POLICIAL,OCORRENCIA,POSSE/PORTE DE ARMA,28,3,0,1,3,3,0,2,3,9,3,0,1,26_sobradinho-ii_1-2_agregado.xls,PPV(mensal)2016
Sobradinho Ii,26,2016,4. PRODUTIVIDADE POLICIAL,OCORRENCIA,TRÁFICO DE DROGAS,40,7,3,1,4,4,3,5,2,1,5,3,2,26_sobradinho-ii_1-2_agregado.xls,PPV(mensal)2016
Sobradinho Ii,26,2016,4. PRODUTIVIDADE POLICIAL,OCORRENCIA,USO E PORTE DE DROGAS,104,5,10,12,9,12,14,11,4,3,8,10,6,26_sobradinho-ii_1-2_agregado.xls,PPV(mensal)2016
Sobradinho Ii,26,2017,1. C.V.L.I. - CRIMES VIOLENTOS LETAIS INTENCIONAIS,OCORRENCIA,HOMICÍDIO,24,3,1,1,3,0,5,2,1,3,4,0,1,26_sobradinho-ii_1-2_agregado.xls,PPV(mensal)2017
Sobradinho Ii,26,2017,2. C.C.P. -                                                      CRIMES CONTRA O PATRIMÔNIO,OCORRENCIA,FURTO EM VEÍCULO,95,5,6,9,12,12,11,3,6,3,12,9,7,26_sobradinho-ii_1-2_agregado.xls,PPV(mensal)2017
Sobradinho Ii,26,2017,2. C.C.P. -                                                      CRIMES CONTRA O PATRIMÔNIO,OCORRENCIA,ROUBO A TRANSEUNTE,544,48,36,42,36,65,41,43,66,37,44,41,45,26_sobradinho-ii_1-2_agregado.xls,PPV(mensal)2017
Sobradinho Ii,26,2017,2. C.C.P. -                                                      CRIMES CONTRA O PATRIMÔNIO,OCORRENCIA,ROUBO DE VEÍCULO,82,7,9,11,5,4,7,7,8,2,8,8,6,26_sobradinho-ii_1-2_agregado.xls,PPV(mensal)2017
Sobradinho Ii,26,2017,2. C.C.P. -                                                      CRIMES CONTRA O PATRIMÔNIO,OCORRENCIA,ROUBO EM COLETIVO,34,3,11,2,0,0,6,2,1,4,3,2,0,26_sobradinho-ii_1-2_agregado.xls,PPV(mensal)2017
Sobradinho Ii,26,2017,2. C.C.P. -                                                      CRIMES CONTRA O PATRIMÔNIO,OCORRENCIA,ROUBO EM COMÉRCIO *,61,5,0,3,4,8,5,7,5,5,10,4,5,26_sobradinho-ii_1-2_agregado.xls,PPV(mensal)2017
Sobradinho Ii,26,2017,2. C.C.P. -                                                      CRIMES CONTRA O PATRIMÔNIO,OCORRENCIA,ROUBO EM RESIDÊNCIA,11,2,0,0,1,0,2,0,2,2,0,0,2,26_sobradinho-ii_1-2_agregado.xls,PPV(mensal)2017
Sobradinho Ii,26,2017,3. OUTROS CRIMES,OCORRENCIA,ESTUPRO,28,0,1,2,6,4,2,2,0,3,4,2,2,26_sobradinho-ii_1-2_agregado.xls,PPV(mensal)2017
Sobradinho Ii,26,2017,3. OUTROS CRIMES,OCORRENCIA,FURTO A TRANSEUNTE,40,2,3,4,5,3,0,6,9,1,1,0,6,26_sobradinho-ii_1-2_agregado.xls,PPV(mensal)2017
Sobradinho Ii,26,2017,3. OUTROS CRIMES,OCORRENCIA,TENTATIVA DE HOMICÍDIO,39,1,0,2,3,4,5,5,6,2,3,4,4,26_sobradinho-ii_1-2_agregado.xls,PPV(mensal)2017
Sobradinho Ii,26,2017,3. OUTROS CRIMES,OCORRENCIA,TENTATIVA DE LATROCÍNIO,3,0,0,1,0,1,0,0,0,0,1,0,0,26_sobradinho-ii_1-2_agregado.xls,PPV(mensal)2017
Sobradinho Ii,26,2017,4. PRODUTIVIDADE POLICIAL,OCORRENCIA,LOCALIZAÇÃO DE VEICULO FURTADO OU ROUBADO,125,6,7,12,10,9,13,12,9,12,12,11,12,26_sobradinho-ii_1-2_agregado.xls,PPV(mensal)2017
Sobradinho Ii,26,2017,4. PRODUTIVIDADE POLICIAL,OCORRENCIA,POSSE/PORTE DE ARMA,29,4,1,3,2,3,3,2,1,4,3,1,2,26_sobradinho-ii_1-2_agregado.xls,PPV(mensal)2017
Sobradinho Ii,26,2017,4. PRODUTIVIDADE POLICIAL,OCORRENCIA,TRÁFICO DE DROGAS,39,6,1,2,2,1,5,4,2,3,7,2,4,26_sobradinho-ii_1-2_agregado.xls,PPV(mensal)2017
Sobradinho Ii,26,2017,4. PRODUTIVIDADE POLICIAL,OCORRENCIA,USO E PORTE DE DROGAS,110,12,10,13,7,8,12,3,5,5,9,13,13,26_sobradinho-ii_1-2_agregado.xls,PPV(mensal)2017
Sobradinho Ii,26,2018,1. C.V.L.I. - CRIMES VIOLENTOS LETAIS INTENCIONAIS,OCORRENCIA,HOMICÍDIO,13,0,3,1,1,0,1,1,0,0,4,0,2,26_sobradinho-ii_1-2_agregado.xls,PPV(mensal)2018
Sobradinho Ii,26,2018,1. C.V.L.I. - CRIMES VIOLENTOS LETAIS INTENCIONAIS,OCORRENCIA,LATROCÍNIO,2,0,0,0,1,0,0,0,0,0,0,1,0,26_sobradinho-ii_1-2_agregado.xls,PPV(mensal)2018
Sobradinho Ii,26,2018,1. C.V.L.I. - CRIMES VIOLENTOS LETAIS INTENCIONAIS,OCORRENCIA,LESÃO CORPORAL SEG. DE MORTE,0,0,0,0,0,0,0,0,0,0,0,0,0,26_sobradinho-ii_1-2_agregado.xls,PPV(mensal)2018
Sobradinho Ii,26,2018,2. C.C.P. -                                                      CRIMES CONTRA O PATRIMÔNIO,OCORRENCIA,FURTO EM VEÍCULO,77,8,5,6,2,6,7,10,8,5,5,7,8,26_sobradinho-ii_1-2_agregado.xls,PPV(mensal)2018
Sobradinho Ii,26,2018,2. C.C.P. -                                                      CRIMES CONTRA O PATRIMÔNIO,OCORRENCIA,ROUBO A TRANSEUNTE,426,48,25,21,43,28,45,34,45,42,32,33,30,26_sobradinho-ii_1-2_agregado.xls,PPV(mensal)2018
Sobradinho Ii,26,2018,2. C.C.P. -                                                      CRIMES CONTRA O PATRIMÔNIO,OCORRENCIA,ROUBO DE VEÍCULO,52,4,6,5,2,4,7,3,5,3,5,7,1,26_sobradinho-ii_1-2_agregado.xls,PPV(mensal)2018
Sobradinho Ii,26,2018,2. C.C.P. -                                                      CRIMES CONTRA O PATRIMÔNIO,OCORRENCIA,ROUBO EM COLETIVO,23,0,3,3,2,5,2,2,2,3,1,0,0,26_sobradinho-ii_1-2_agregado.xls,PPV(mensal)2018
Sobradinho Ii,26,2018,2. C.C.P. -                                                      CRIMES CONTRA O PATRIMÔNIO,OCORRENCIA,ROUBO EM COMÉRCIO *,43,6,9,4,4,6,3,4,1,3,2,1,0,26_sobradinho-ii_1-2_agregado.xls,PPV(mensal)2018
Sobradinho Ii,26,2018,2. C.C.P. -                                                      CRIMES CONTRA O PATRIMÔNIO,OCORRENCIA,ROUBO EM RESIDÊNCIA,13,1,2,2,0,1,1,0,2,2,1,1,0,26_sobradinho-ii_1-2_agregado.xls,PPV(mensal)2018
Sobradinho Ii,26,2018,3. OUTROS CRIMES,OCORRENCIA,ESTUPRO,42,2,8,2,3,5,3,1,6,3,1,2,6,26_sobradinho-ii_1-2_agregado.xls,PPV(mensal)2018
Sobradinho Ii,26,2018,3. OUTROS CRIMES,OCORRENCIA,FURTO A TRANSEUNTE,31,2,1,0,7,3,5,2,5,3,1,1,1,26_sobradinho-ii_1-2_agregado.xls,PPV(mensal)2018
Sobradinho Ii,26,2018,3. OUTROS CRIMES,OCORRENCIA,TENTATIVA DE HOMICÍDIO,26,0,2,3,1,2,2,1,3,3,6,2,1,26_sobradinho-ii_1-2_agregado.xls,PPV(mensal)2018
Sobradinho Ii,26,2018,3. OUTROS CRIMES,OCORRENCIA,TENTATIVA DE LATROCÍNIO,3,0,0,0,0,1,0,0,0,1,0,1,0,26_sobradinho-ii_1-2_agregado.xls,PPV(mensal)2018
Sobradinho Ii,26,2018,4. PRODUTIVIDADE POLICIAL,OCORRENCIA,LOCALIZAÇÃO DE VEICULO FURTADO OU ROUBADO,84,7,9,10,8,9,6,2,9,8,6,4,6,26_sobradinho-ii_1-2_agregado.xls,PPV(mensal)2018
Sobradinho Ii,26,2018,4. PRODUTIVIDADE POLICIAL,OCORRENCIA,POSSE/PORTE DE ARMA,33,4,1,1,2,7,4,4,2,3,2,1,2,26_sobradinho-ii_1-2_agregado.xls,PPV(mensal)2018
Sobradinho Ii,26,2018,4. PRODUTIVIDADE POLICIAL,OCORRENCIA,TRÁFICO DE DROGAS,54,3,4,8,0,6,5,5,6,8,3,4,2,26_sobradinho-ii_1-2_agregado.xls,PPV(mensal)2018
Sobradinho Ii,26,2018,4. PRODUTIVIDADE POLICIAL,OCORRENCIA,USO E PORTE DE DROGAS,96,10,8,11,9,3,8,9,11,10,4,6,7,26_sobradinho-ii_1-2_agregado.xls,PPV(mensal)2018
Sobradinho Ii,26,2026,1. C.V.L.I. - CRIMES VIOLENTOS LETAIS INTENCIONAIS,OCORRENCIA,HOMICÍDIO,3,1,0,0,0,0,0,2,0,0,0,0,0,26_SOBRADINHO II (4)_2026.xlsx,mensal
Sobradinho Ii,26,2026,1. C.V.L.I. - CRIMES VIOLENTOS LETAIS INTENCIONAIS,OCORRENCIA,LATROCÍNIO,0,0,0,0,0,0,0,0,0,0,0,0,0,26_SOBRADINHO II (4)_2026.xlsx,mensal
Sobradinho Ii,26,2026,1. C.V.L.I. - CRIMES VIOLENTOS LETAIS INTENCIONAIS,OCORRENCIA,LESÃO CORPORAL SEG. DE MORTE,0,0,0,0,0,0,0,0,0,0,0,0,0,26_SOBRADINHO II (4)_2026.xlsx,mensal
Sobradinho Ii,26,2026,2. C.C.P. -                                                      CRIMES CONTRA O PATRIMÔNIO,OCORRENCIA,FURTO EM VEÍCULO,22,4,3,4,3,2,2,3,1,0,0,0,0,26_SOBRADINHO II (4)_2026.xlsx,mensal
Sobradinho Ii,26,2026,2. C.C.P. -                                                      CRIMES CONTRA O PATRIMÔNIO,OCORRENCIA,ROUBO A TRANSEUNTE,31,7,3,5,3,3,4,3,3,0,0,0,0,26_SOBRADINHO II (4)_2026.xlsx,mensal
Sobradinho Ii,26,2026,2. C.C.P. -                                                      CRIMES CONTRA O PATRIMÔNIO,OCORRENCIA,ROUBO DE VEÍCULO,3,0,0,0,0,2,0,1,0,0,0,0,0,26_SOBRADINHO II (4)_2026.xlsx,mensal
Sobradinho Ii,26,2026,2. C.C.P. -                                                      CRIMES CONTRA O PATRIMÔNIO,OCORRENCIA,ROUBO EM COLETIVO,0,0,0,0,0,0,0,0,0,0,0,0,0,26_SOBRADINHO II (4)_2026.xlsx,mensal
Sobradinho Ii,26,2026,2. C.C.P. -                                                      CRIMES CONTRA O PATRIMÔNIO,OCORRENCIA,ROUBO EM COMÉRCIO *,2,0,1,0,0,0,0,1,0,0,0,0,0,26_SOBRADINHO II (4)_2026.xlsx,mensal
Sobradinho Ii,26,2026,2. C.C.P. -                                                      CRIMES CONTRA O PATRIMÔNIO,OCORRENCIA,ROUBO EM RESIDÊNCIA,1,0,0,0,0,0,0,1,0,0,0,0,0,26_SOBRADINHO II (4)_2026.xlsx,mensal
Sobradinho Ii,26,2026,3. OUTROS CRIMES,OCORRENCIA,ESTUPRO,3,2,0,0,0,0,0,1,0,0,0,0,0,26_SOBRADINHO II (4)_2026.xlsx,mensal
Sobradinho Ii,26,2026,3. OUTROS CRIMES,OCORRENCIA,ESTUPRO DE VULNERÁVEL,14,0,2,0,2,3,1,3,3,0,0,0,0,26_SOBRADINHO II (4)_2026.xlsx,mensal
Sobradinho Ii,26,2026,3. OUTROS CRIMES,OCORRENCIA,TENTATIVA DE HOMICÍDIO,7,1,1,0,1,1,0,0,3,0,0,0,0,26_SOBRADINHO II (4)_2026.xlsx,mensal
Sobradinho Ii,26,2026,3. OUTROS CRIMES,OCORRENCIA,TENTATIVA DE LATROCÍNIO,0,0,0,0,0,0,0,0,0,0,0,0,0,26_SOBRADINHO II (4)_2026.xlsx,mensal
Sobradinho Ii,26,2026,4. PRODUTIVIDADE POLICIAL,OCORRENCIA,LOCALIZAÇÃO DE VEICULO FURTADO OU ROUBADO,9,2,0,3,1,1,1,1,0,0,0,0,0,26_SOBRADINHO II (4)_2026.xlsx,mensal
Sobradinho Ii,26,2026,4. PRODUTIVIDADE POLICIAL,OCORRENCIA,POSSE/PORTE DE ARMA,13,2,1,2,2,0,0,3,3,0,0,0,0,26_SOBRADINHO II (4)_2026.xlsx,mensal
Sobradinho Ii,26,2026,4. PRODUTIVIDADE POLICIAL,OCORRENCIA,TRÁFICO DE DROGAS,41,4,1,12,8,4,6,3,3,0,0,0,0,26_SOBRADINHO II (4)_2026.xlsx,mensal
Sobradinho Ii,26,2026,4. PRODUTIVIDADE POLICIAL,OCORRENCIA,USO E PORTE DE DROGAS,28,5,1,5,6,5,3,1,2,0,0,0,0,26_SOBRADINHO II (4)_2026.xlsx,mensal
Sol Nascente  (4),32,2026,1. C.V.L.I. - CRIMES VIOLENTOS LETAIS INTENCIONAIS,OCORRENCIA,HOMICÍDIO,6,1,1,0,0,1,1,2,0,0,0,0,0,32_SOL NASCENTE  (4)_2026.xlsx,mensal
Sol Nascente  (4),32,2026,1. C.V.L.I. - CRIMES VIOLENTOS LETAIS INTENCIONAIS,OCORRENCIA,LATROCÍNIO,0,0,0,0,0,0,0,0,0,0,0,0,0,32_SOL NASCENTE  (4)_2026.xlsx,mensal
Sol Nascente  (4),32,2026,1. C.V.L.I. - CRIMES VIOLENTOS LETAIS INTENCIONAIS,OCORRENCIA,LESÃO CORPORAL SEG. DE MORTE,0,0,0,0,0,0,0,0,0,0,0,0,0,32_SOL NASCENTE  (4)_2026.xlsx,mensal
Sol Nascente  (4),32,2026,2. C.C.P. -                                                      CRIMES CONTRA O PATRIMÔNIO,OCORRENCIA,FURTO EM VEÍCULO,23,5,4,2,1,3,1,4,3,0,0,0,0,32_SOL NASCENTE  (4)_2026.xlsx,mensal
Sol Nascente  (4),32,2026,2. C.C.P. -                                                      CRIMES CONTRA O PATRIMÔNIO,OCORRENCIA,ROUBO A TRANSEUNTE,119,24,13,16,16,16,13,16,5,0,0,0,0,32_SOL NASCENTE  (4)_2026.xlsx,mensal
Sol Nascente  (4),32,2026,2. C.C.P. -                                                      CRIMES CONTRA O PATRIMÔNIO,OCORRENCIA,ROUBO DE VEÍCULO,18,4,5,1,0,0,1,3,4,0,0,0,0,32_SOL NASCENTE  (4)_2026.xlsx,mensal
Sol Nascente  (4),32,2026,2. C.C.P. -                                                      CRIMES CONTRA O PATRIMÔNIO,OCORRENCIA,ROUBO EM COLETIVO,1,0,0,0,1,0,0,0,0,0,0,0,0,32_SOL NASCENTE  (4)_2026.xlsx,mensal
Sol Nascente  (4),32,2026,2. C.C.P. -                                                      CRIMES CONTRA O PATRIMÔNIO,OCORRENCIA,ROUBO EM COMÉRCIO *,5,0,2,0,0,1,1,0,1,0,0,0,0,32_SOL NASCENTE  (4)_2026.xlsx,mensal
Sol Nascente  (4),32,2026,2. C.C.P. -                                                      CRIMES CONTRA O PATRIMÔNIO,OCORRENCIA,ROUBO EM RESIDÊNCIA,6,1,1,0,0,1,2,0,1,0,0,0,0,32_SOL NASCENTE  (4)_2026.xlsx,mensal
Sol Nascente  (4),32,2026,3. OUTROS CRIMES,OCORRENCIA,ESTUPRO,13,3,1,1,4,1,1,2,0,0,0,0,0,32_SOL NASCENTE  (4)_2026.xlsx,mensal
Sol Nascente  (4),32,2026,3. OUTROS CRIMES,OCORRENCIA,ESTUPRO DE VULNERÁVEL,25,2,5,5,1,3,4,3,2,0,0,0,0,32_SOL NASCENTE  (4)_2026.xlsx,mensal
Sol Nascente  (4),32,2026,3. OUTROS CRIMES,OCORRENCIA,TENTATIVA DE HOMICÍDIO,18,1,1,4,3,4,0,2,3,0,0,0,0,32_SOL NASCENTE  (4)_2026.xlsx,mensal
Sol Nascente  (4),32,2026,3. OUTROS CRIMES,OCORRENCIA,TENTATIVA DE LATROCÍNIO,3,0,0,0,0,0,1,1,1,0,0,0,0,32_SOL NASCENTE  (4)_2026.xlsx,mensal
Sol Nascente  (4),32,2026,4. PRODUTIVIDADE POLICIAL,OCORRENCIA,LOCALIZAÇÃO DE VEICULO FURTADO OU ROUBADO,77,13,8,11,12,9,7,8,9,0,0,0,0,32_SOL NASCENTE  (4)_2026.xlsx,mensal
Sol Nascente  (4),32,2026,4. PRODUTIVIDADE POLICIAL,OCORRENCIA,POSSE/PORTE DE ARMA,18,3,3,2,2,2,1,2,3,0,0,0,0,32_SOL NASCENTE  (4)_2026.xlsx,mensal
Sol Nascente  (4),32,2026,4. PRODUTIVIDADE POLICIAL,OCORRENCIA,TRÁFICO DE DROGAS,60,16,7,8,7,5,7,3,7,0,0,0,0,32_SOL NASCENTE  (4)_2026.xlsx,mensal
Sol Nascente  (4),32,2026,4. PRODUTIVIDADE POLICIAL,OCORRENCIA,USO E PORTE DE DROGAS,24,6,2,3,2,4,4,3,0,0,0,0,0,32_SOL NASCENTE  (4)_2026.xlsx,mensal
Sudoeste,22,2014,1. C.V.L.I. - CRIMES VIOLENTOS LETAIS INTENCIONAIS,OCORRENCIA,HOMICÍDIO,2,1,0,0,0,0,0,0,0,1,0,0,0,22_sudoeste_octogonal_1-2_agregado.xls,PPV (mensal)2014
Sudoeste,22,2014,1. C.V.L.I. - CRIMES VIOLENTOS LETAIS INTENCIONAIS,OCORRENCIA,LATROCÍNIO,0,0,0,0,0,0,0,0,0,0,0,0,0,22_sudoeste_octogonal_1-2_agregado.xls,PPV (mensal)2014
Sudoeste,22,2014,1. C.V.L.I. - CRIMES VIOLENTOS LETAIS INTENCIONAIS,OCORRENCIA,LESÃO CORPORAL SEG. DE MORTE,0,0,0,0,0,0,0,0,0,0,0,0,0,22_sudoeste_octogonal_1-2_agregado.xls,PPV (mensal)2014
Sudoeste,22,2014,2. C.C.P. -                                                      CRIMES CONTRA O PATRIMÔNIO,OCORRENCIA,FURTO EM VEÍCULO,236,19,22,29,13,16,19,29,19,17,16,16,21,22_sudoeste_octogonal_1-2_agregado.xls,PPV (mensal)2014
Sudoeste,22,2014,2. C.C.P. -                                                      CRIMES CONTRA O PATRIMÔNIO,OCORRENCIA,ROUBO A TRANSEUNTE,108,14,8,9,7,8,11,8,8,9,7,13,6,22_sudoeste_octogonal_1-2_agregado.xls,PPV (mensal)2014
Sudoeste,22,2014,2. C.C.P. -                                                      CRIMES CONTRA O PATRIMÔNIO,OCORRENCIA,ROUBO DE VEÍCULO,39,4,13,4,2,0,1,1,3,4,4,3,0,22_sudoeste_octogonal_1-2_agregado.xls,PPV (mensal)2014
Sudoeste,22,2014,2. C.C.P. -                                                      CRIMES CONTRA O PATRIMÔNIO,OCORRENCIA,ROUBO EM COLETIVO,1,1,0,0,0,0,0,0,0,0,0,0,0,22_sudoeste_octogonal_1-2_agregado.xls,PPV (mensal)2014
Sudoeste,22,2014,2. C.C.P. -                                                      CRIMES CONTRA O PATRIMÔNIO,OCORRENCIA,ROUBO EM COMÉRCIO *,10,1,1,1,2,2,1,0,0,0,0,2,0,22_sudoeste_octogonal_1-2_agregado.xls,PPV (mensal)2014
Sudoeste,22,2014,3. OUTROS CRIMES,OCORRENCIA,ESTUPRO,4,0,0,0,1,0,0,0,1,2,0,0,0,22_sudoeste_octogonal_1-2_agregado.xls,PPV (mensal)2014
Sudoeste,22,2014,3. OUTROS CRIMES,OCORRENCIA,FURTO A TRANSEUNTE,8,0,1,0,1,1,0,3,0,0,0,0,2,22_sudoeste_octogonal_1-2_agregado.xls,PPV (mensal)2014
Sudoeste,22,2014,3. OUTROS CRIMES,OCORRENCIA,ROUBO EM RESIDÊNCIA,0,0,0,0,0,0,0,0,0,0,0,0,0,22_sudoeste_octogonal_1-2_agregado.xls,PPV (mensal)2014
Sudoeste,22,2014,3. OUTROS CRIMES,OCORRENCIA,TENTATIVA DE HOMICÍDIO,1,0,0,0,0,0,0,1,0,0,0,0,0,22_sudoeste_octogonal_1-2_agregado.xls,PPV (mensal)2014
Sudoeste,22,2014,4. PRODUTIVIDADE POLICIAL,OCORRENCIA,LOCALIZAÇÃO DE VEICULO FURTADO OU ROUBADO,22,3,2,2,0,2,0,1,3,1,5,0,3,22_sudoeste_octogonal_1-2_agregado.xls,PPV (mensal)2014
Sudoeste,22,2014,4. PRODUTIVIDADE POLICIAL,OCORRENCIA,POSSE/PORTE DE ARMA,0,0,0,0,0,0,0,0,0,0,0,0,0,22_sudoeste_octogonal_1-2_agregado.xls,PPV (mensal)2014
Sudoeste,22,2014,4. PRODUTIVIDADE POLICIAL,OCORRENCIA,TRÁFICO DE DROGAS,4,0,0,1,0,0,0,0,1,1,0,0,1,22_sudoeste_octogonal_1-2_agregado.xls,PPV (mensal)2014
Sudoeste,22,2014,4. PRODUTIVIDADE POLICIAL,OCORRENCIA,USO E PORTE DE DROGAS,36,0,0,3,4,5,2,4,4,6,3,3,2,22_sudoeste_octogonal_1-2_agregado.xls,PPV (mensal)2014
Sudoeste,22,2015,1. C.V.L.I. - CRIMES VIOLENTOS LETAIS INTENCIONAIS,OCORRENCIA,HOMICÍDIO,0,0,0,0,0,0,0,0,0,0,0,0,0,22_sudoeste_octogonal_1-2_agregado.xls,PPV (mensal)2015
Sudoeste,22,2015,1. C.V.L.I. - CRIMES VIOLENTOS LETAIS INTENCIONAIS,OCORRENCIA,LATROCÍNIO,0,0,0,0,0,0,0,0,0,0,0,0,0,22_sudoeste_octogonal_1-2_agregado.xls,PPV (mensal)2015
Sudoeste,22,2015,1. C.V.L.I. - CRIMES VIOLENTOS LETAIS INTENCIONAIS,OCORRENCIA,LESÃO CORPORAL SEG. DE MORTE,0,0,0,0,0,0,0,0,0,0,0,0,0,22_sudoeste_octogonal_1-2_agregado.xls,PPV (mensal)2015
Sudoeste,22,2015,2. C.C.P. -                                                      CRIMES CONTRA O PATRIMÔNIO,OCORRENCIA,FURTO EM VEÍCULO,178,23,20,22,9,10,25,20,20,2,15,10,2,22_sudoeste_octogonal_1-2_agregado.xls,PPV (mensal)2015
Sudoeste,22,2015,2. C.C.P. -                                                      CRIMES CONTRA O PATRIMÔNIO,OCORRENCIA,ROUBO A TRANSEUNTE,76,10,5,6,6,8,8,7,5,3,4,5,9,22_sudoeste_octogonal_1-2_agregado.xls,PPV (mensal)2015
Sudoeste,22,2015,2. C.C.P. -                                                      CRIMES CONTRA O PATRIMÔNIO,OCORRENCIA,ROUBO DE VEÍCULO,26,1,5,6,6,0,0,1,0,1,2,3,1,22_sudoeste_octogonal_1-2_agregado.xls,PPV (mensal)2015
Sudoeste,22,2015,2. C.C.P. -                                                      CRIMES CONTRA O PATRIMÔNIO,OCORRENCIA,ROUBO EM COLETIVO,2,0,0,0,0,0,0,0,0,0,0,2,0,22_sudoeste_octogonal_1-2_agregado.xls,PPV (mensal)2015
Sudoeste,22,2015,2. C.C.P. -                                                      CRIMES CONTRA O PATRIMÔNIO,OCORRENCIA,ROUBO EM COMÉRCIO *,15,2,1,6,0,0,0,2,1,0,0,2,1,22_sudoeste_octogonal_1-2_agregado.xls,PPV (mensal)2015
Sudoeste,22,2015,3. OUTROS CRIMES,OCORRENCIA,ESTUPRO,0,0,0,0,0,0,0,0,0,0,0,0,0,22_sudoeste_octogonal_1-2_agregado.xls,PPV (mensal)2015
Sudoeste,22,2015,3. OUTROS CRIMES,OCORRENCIA,FURTO A TRANSEUNTE,12,2,1,2,0,1,0,1,0,0,1,2,2,22_sudoeste_octogonal_1-2_agregado.xls,PPV (mensal)2015
Sudoeste,22,2015,3. OUTROS CRIMES,OCORRENCIA,ROUBO EM RESIDÊNCIA,0,0,0,0,0,0,0,0,0,0,0,0,0,22_sudoeste_octogonal_1-2_agregado.xls,PPV (mensal)2015
Sudoeste,22,2015,3. OUTROS CRIMES,OCORRENCIA,TENTATIVA DE HOMICÍDIO,2,2,0,0,0,0,0,0,0,0,0,0,0,22_sudoeste_octogonal_1-2_agregado.xls,PPV (mensal)2015
Sudoeste,22,2015,4. PRODUTIVIDADE POLICIAL,OCORRENCIA,LOCALIZAÇÃO DE VEICULO FURTADO OU ROUBADO,32,4,3,1,0,4,3,10,3,0,2,1,1,22_sudoeste_octogonal_1-2_agregado.xls,PPV (mensal)2015
Sudoeste,22,2015,4. PRODUTIVIDADE POLICIAL,OCORRENCIA,POSSE/PORTE DE ARMA,0,0,0,0,0,0,0,0,0,0,0,0,0,22_sudoeste_octogonal_1-2_agregado.xls,PPV (mensal)2015
Sudoeste,22,2015,4. PRODUTIVIDADE POLICIAL,OCORRENCIA,TRÁFICO DE DROGAS,4,0,0,0,2,1,0,0,0,0,0,1,0,22_sudoeste_octogonal_1-2_agregado.xls,PPV (mensal)2015
Sudoeste,22,2015,4. PRODUTIVIDADE POLICIAL,OCORRENCIA,USO E PORTE DE DROGAS,41,1,1,6,2,2,4,13,3,2,2,4,1,22_sudoeste_octogonal_1-2_agregado.xls,PPV (mensal)2015
Sudoeste,22,2016,1. C.V.L.I. - CRIMES VIOLENTOS LETAIS INTENCIONAIS,OCORRENCIA,HOMICÍDIO,1,0,0,0,0,0,0,0,1,0,0,0,0,22_sudoeste_octogonal_1-2_agregado.xls,PPV(mensal)2016
Sudoeste,22,2016,1. C.V.L.I. - CRIMES VIOLENTOS LETAIS INTENCIONAIS,OCORRENCIA,LATROCÍNIO,0,0,0,0,0,0,0,0,0,0,0,0,0,22_sudoeste_octogonal_1-2_agregado.xls,PPV(mensal)2016
Sudoeste,22,2016,1. C.V.L.I. - CRIMES VIOLENTOS LETAIS INTENCIONAIS,OCORRENCIA,LESÃO CORPORAL SEG. DE MORTE,0,0,0,0,0,0,0,0,0,0,0,0,0,22_sudoeste_octogonal_1-2_agregado.xls,PPV(mensal)2016
Sudoeste,22,2016,2. C.C.P. -                                                      CRIMES CONTRA O PATRIMÔNIO,OCORRENCIA,FURTO EM VEÍCULO,197,8,10,18,20,17,29,26,11,18,18,11,11,22_sudoeste_octogonal_1-2_agregado.xls,PPV(mensal)2016
Sudoeste,22,2016,2. C.C.P. -                                                      CRIMES CONTRA O PATRIMÔNIO,OCORRENCIA,ROUBO A TRANSEUNTE,75,7,13,7,4,9,9,2,1,7,4,5,7,22_sudoeste_octogonal_1-2_agregado.xls,PPV(mensal)2016
Sudoeste,22,2016,2. C.C.P. -                                                      CRIMES CONTRA O PATRIMÔNIO,OCORRENCIA,ROUBO DE VEÍCULO,14,0,0,2,2,2,0,0,2,1,2,1,2,22_sudoeste_octogonal_1-2_agregado.xls,PPV(mensal)2016
Sudoeste,22,2016,2. C.C.P. -                                                      CRIMES CONTRA O PATRIMÔNIO,OCORRENCIA,ROUBO EM COLETIVO,4,0,0,1,0,0,0,1,1,1,0,0,0,22_sudoeste_octogonal_1-2_agregado.xls,PPV(mensal)2016
Sudoeste,22,2016,2. C.C.P. -                                                      CRIMES CONTRA O PATRIMÔNIO,OCORRENCIA,ROUBO EM COMÉRCIO *,9,2,0,0,0,3,1,0,0,0,1,1,1,22_sudoeste_octogonal_1-2_agregado.xls,PPV(mensal)2016
Sudoeste,22,2016,2. C.C.P. -                                                      CRIMES CONTRA O PATRIMÔNIO,OCORRENCIA,ROUBO EM RESIDÊNCIA,0,0,0,0,0,0,0,0,0,0,0,0,0,22_sudoeste_octogonal_1-2_agregado.xls,PPV(mensal)2016
Sudoeste,22,2016,3. OUTROS CRIMES,OCORRENCIA,ESTUPRO,0,0,0,0,0,0,0,0,0,0,0,0,0,22_sudoeste_octogonal_1-2_agregado.xls,PPV(mensal)2016
Sudoeste,22,2016,3. OUTROS CRIMES,OCORRENCIA,FURTO A TRANSEUNTE,6,1,0,0,0,0,0,1,1,0,1,0,2,22_sudoeste_octogonal_1-2_agregado.xls,PPV(mensal)2016
Sudoeste,22,2016,3. OUTROS CRIMES,OCORRENCIA,TENTATIVA DE HOMICÍDIO,0,0,0,0,0,0,0,0,0,0,0,0,0,22_sudoeste_octogonal_1-2_agregado.xls,PPV(mensal)2016
Sudoeste,22,2016,3. OUTROS CRIMES,OCORRENCIA,TENTATIVA DE LATROCÍNIO,0,0,0,0,0,0,0,0,0,0,0,0,0,22_sudoeste_octogonal_1-2_agregado.xls,PPV(mensal)2016
Sudoeste,22,2016,4. PRODUTIVIDADE POLICIAL,OCORRENCIA,LOCALIZAÇÃO DE VEICULO FURTADO OU ROUBADO,20,1,0,1,1,0,1,4,4,2,3,0,3,22_sudoeste_octogonal_1-2_agregado.xls,PPV(mensal)2016
Sudoeste,22,2016,4. PRODUTIVIDADE POLICIAL,OCORRENCIA,POSSE/PORTE DE ARMA,1,0,0,1,0,0,0,0,0,0,0,0,0,22_sudoeste_octogonal_1-2_agregado.xls,PPV(mensal)2016
Sudoeste,22,2016,4. PRODUTIVIDADE POLICIAL,OCORRENCIA,TRÁFICO DE DROGAS,4,0,0,0,0,1,3,0,0,0,0,0,0,22_sudoeste_octogonal_1-2_agregado.xls,PPV(mensal)2016
Sudoeste,22,2016,4. PRODUTIVIDADE POLICIAL,OCORRENCIA,USO E PORTE DE DROGAS,30,4,3,6,2,2,4,2,2,1,1,3,0,22_sudoeste_octogonal_1-2_agregado.xls,PPV(mensal)2016
Sudoeste,22,2017,1. C.V.L.I. - CRIMES VIOLENTOS LETAIS INTENCIONAIS,OCORRENCIA,HOMICÍDIO,0,0,0,0,0,0,0,0,0,0,0,0,0,22_sudoeste_octogonal_1-2_agregado.xls,PPV(mensal)2017
Sudoeste,22,2017,1. C.V.L.I. - CRIMES VIOLENTOS LETAIS INTENCIONAIS,OCORRENCIA,LATROCÍNIO,0,0,0,0,0,0,0,0,0,0,0,0,0,22_sudoeste_octogonal_1-2_agregado.xls,PPV(mensal)2017
Sudoeste,22,2017,1. C.V.L.I. - CRIMES VIOLENTOS LETAIS INTENCIONAIS,OCORRENCIA,LESÃO CORPORAL SEG. DE MORTE,0,0,0,0,0,0,0,0,0,0,0,0,0,22_sudoeste_octogonal_1-2_agregado.xls,PPV(mensal)2017
Sudoeste,22,2017,2. C.C.P. -                                                      CRIMES CONTRA O PATRIMÔNIO,OCORRENCIA,FURTO EM VEÍCULO,253,11,19,15,16,22,27,18,23,20,22,28,32,22_sudoeste_octogonal_1-2_agregado.xls,PPV(mensal)2017
Sudoeste,22,2017,2. C.C.P. -                                                      CRIMES CONTRA O PATRIMÔNIO,OCORRENCIA,ROUBO A TRANSEUNTE,79,11,9,17,5,8,3,4,5,3,4,3,7,22_sudoeste_octogonal_1-2_agregado.xls,PPV(mensal)2017
Sudoeste,22,2017,2. C.C.P. -                                                      CRIMES CONTRA O PATRIMÔNIO,OCORRENCIA,ROUBO DE VEÍCULO,14,1,1,2,2,3,0,1,0,0,0,0,4,22_sudoeste_octogonal_1-2_agregado.xls,PPV(mensal)2017
Sudoeste,22,2017,2. C.C.P. -                                                      CRIMES CONTRA O PATRIMÔNIO,OCORRENCIA,ROUBO EM COLETIVO,0,0,0,0,0,0,0,0,0,0,0,0,0,22_sudoeste_octogonal_1-2_agregado.xls,PPV(mensal)2017
Sudoeste,22,2017,2. C.C.P. -                                                      CRIMES CONTRA O PATRIMÔNIO,OCORRENCIA,ROUBO EM COMÉRCIO *,12,0,1,1,1,2,0,0,2,2,1,1,1,22_sudoeste_octogonal_1-2_agregado.xls,PPV(mensal)2017
Sudoeste,22,2017,2. C.C.P. -                                                      CRIMES CONTRA O PATRIMÔNIO,OCORRENCIA,ROUBO EM RESIDÊNCIA,0,0,0,0,0,0,0,0,0,0,0,0,0,22_sudoeste_octogonal_1-2_agregado.xls,PPV(mensal)2017
Sudoeste,22,2017,3. OUTROS CRIMES,OCORRENCIA,ESTUPRO,6,0,0,1,0,1,0,1,1,0,1,0,1,22_sudoeste_octogonal_1-2_agregado.xls,PPV(mensal)2017
Sudoeste,22,2017,3. OUTROS CRIMES,OCORRENCIA,FURTO A TRANSEUNTE,10,1,2,2,0,2,2,1,0,0,0,0,0,22_sudoeste_octogonal_1-2_agregado.xls,PPV(mensal)2017
Sudoeste,22,2017,3. OUTROS CRIMES,OCORRENCIA,TENTATIVA DE HOMICÍDIO,1,0,0,0,0,0,0,1,0,0,0,0,0,22_sudoeste_octogonal_1-2_agregado.xls,PPV(mensal)2017
Sudoeste,22,2017,3. OUTROS CRIMES,OCORRENCIA,TENTATIVA DE LATROCÍNIO,0,0,0,0,0,0,0,0,0,0,0,0,0,22_sudoeste_octogonal_1-2_agregado.xls,PPV(mensal)2017
Sudoeste,22,2017,4. PRODUTIVIDADE POLICIAL,OCORRENCIA,LOCALIZAÇÃO DE VEICULO FURTADO OU ROUBADO,15,0,1,1,2,5,1,0,0,2,0,0,3,22_sudoeste_octogonal_1-2_agregado.xls,PPV(mensal)2017
Sudoeste,22,2017,4. PRODUTIVIDADE POLICIAL,OCORRENCIA,POSSE/PORTE DE ARMA,1,0,0,0,0,0,0,0,0,0,0,0,1,22_sudoeste_octogonal_1-2_agregado.xls,PPV(mensal)2017
Sudoeste,22,2017,4. PRODUTIVIDADE POLICIAL,OCORRENCIA,TRÁFICO DE DROGAS,8,1,0,0,4,0,1,0,1,0,0,0,1,22_sudoeste_octogonal_1-2_agregado.xls,PPV(mensal)2017
Sudoeste,22,2017,4. PRODUTIVIDADE POLICIAL,OCORRENCIA,USO E PORTE DE DROGAS,46,2,1,5,4,4,5,1,6,4,7,4,3,22_sudoeste_octogonal_1-2_agregado.xls,PPV(mensal)2017
Sudoeste,22,2018,1. C.V.L.I. - CRIMES VIOLENTOS LETAIS INTENCIONAIS,OCORRENCIA,HOMICÍDIO,0,0,0,0,0,0,0,0,0,0,0,0,0,22_sudoeste_octogonal_1-2_agregado.xls,PPV(mensal)2018
Sudoeste,22,2018,1. C.V.L.I. - CRIMES VIOLENTOS LETAIS INTENCIONAIS,OCORRENCIA,LATROCÍNIO,0,0,0,0,0,0,0,0,0,0,0,0,0,22_sudoeste_octogonal_1-2_agregado.xls,PPV(mensal)2018
Sudoeste,22,2018,1. C.V.L.I. - CRIMES VIOLENTOS LETAIS INTENCIONAIS,OCORRENCIA,LESÃO CORPORAL SEG. DE MORTE,0,0,0,0,0,0,0,0,0,0,0,0,0,22_sudoeste_octogonal_1-2_agregado.xls,PPV(mensal)2018
Sudoeste,22,2018,2. C.C.P. -                                                      CRIMES CONTRA O PATRIMÔNIO,OCORRENCIA,FURTO EM VEÍCULO,273,25,26,25,27,33,19,30,30,18,25,9,6,22_sudoeste_octogonal_1-2_agregado.xls,PPV(mensal)2018
Sudoeste,22,2018,2. C.C.P. -                                                      CRIMES CONTRA O PATRIMÔNIO,OCORRENCIA,ROUBO A TRANSEUNTE,76,4,10,7,3,4,9,4,9,8,5,7,6,22_sudoeste_octogonal_1-2_agregado.xls,PPV(mensal)2018
Sudoeste,22,2018,2. C.C.P. -                                                      CRIMES CONTRA O PATRIMÔNIO,OCORRENCIA,ROUBO DE VEÍCULO,12,2,1,0,0,3,0,2,0,0,2,0,2,22_sudoeste_octogonal_1-2_agregado.xls,PPV(mensal)2018
Sudoeste,22,2018,2. C.C.P. -                                                      CRIMES CONTRA O PATRIMÔNIO,OCORRENCIA,ROUBO EM COLETIVO,3,0,0,0,0,1,0,0,0,2,0,0,0,22_sudoeste_octogonal_1-2_agregado.xls,PPV(mensal)2018
Sudoeste,22,2018,2. C.C.P. -                                                      CRIMES CONTRA O PATRIMÔNIO,OCORRENCIA,ROUBO EM COMÉRCIO *,10,1,2,1,0,3,1,0,2,0,0,0,0,22_sudoeste_octogonal_1-2_agregado.xls,PPV(mensal)2018
Sudoeste,22,2018,2. C.C.P. -                                                      CRIMES CONTRA O PATRIMÔNIO,OCORRENCIA,ROUBO EM RESIDÊNCIA,0,0,0,0,0,0,0,0,0,0,0,0,0,22_sudoeste_octogonal_1-2_agregado.xls,PPV(mensal)2018
Sudoeste,22,2018,3. OUTROS CRIMES,OCORRENCIA,ESTUPRO,0,0,0,0,0,0,0,0,0,0,0,0,0,22_sudoeste_octogonal_1-2_agregado.xls,PPV(mensal)2018
Sudoeste,22,2018,3. OUTROS CRIMES,OCORRENCIA,FURTO A TRANSEUNTE,9,0,2,0,2,0,3,0,1,1,0,0,0,22_sudoeste_octogonal_1-2_agregado.xls,PPV(mensal)2018
Sudoeste,22,2018,3. OUTROS CRIMES,OCORRENCIA,TENTATIVA DE HOMICÍDIO,2,0,0,1,0,1,0,0,0,0,0,0,0,22_sudoeste_octogonal_1-2_agregado.xls,PPV(mensal)2018
Sudoeste,22,2018,3. OUTROS CRIMES,OCORRENCIA,TENTATIVA DE LATROCÍNIO,0,0,0,0,0,0,0,0,0,0,0,0,0,22_sudoeste_octogonal_1-2_agregado.xls,PPV(mensal)2018
Sudoeste,22,2018,4. PRODUTIVIDADE POLICIAL,OCORRENCIA,LOCALIZAÇÃO DE VEICULO FURTADO OU ROUBADO,12,0,0,3,0,2,0,2,1,0,1,1,2,22_sudoeste_octogonal_1-2_agregado.xls,PPV(mensal)2018
Sudoeste,22,2018,4. PRODUTIVIDADE POLICIAL,OCORRENCIA,POSSE/PORTE DE ARMA,4,0,1,0,0,1,0,1,0,0,0,0,1,22_sudoeste_octogonal_1-2_agregado.xls,PPV(mensal)2018
Sudoeste,22,2018,4. PRODUTIVIDADE POLICIAL,OCORRENCIA,TRÁFICO DE DROGAS,14,2,2,0,3,1,3,2,0,0,1,0,0,22_sudoeste_octogonal_1-2_agregado.xls,PPV(mensal)2018
Sudoeste,22,2018,4. PRODUTIVIDADE POLICIAL,OCORRENCIA,USO E PORTE DE DROGAS,46,0,7,3,5,1,4,1,4,7,8,0,6,22_sudoeste_octogonal_1-2_agregado.xls,PPV(mensal)2018
Sudoeste,22,2026,1. C.V.L.I. - CRIMES VIOLENTOS LETAIS INTENCIONAIS,OCORRENCIA,HOMICÍDIO,0,0,0,0,0,0,0,0,0,0,0,0,0,22_SUDOESTE (4)_2026.xlsx,mensal
Sudoeste,22,2026,1. C.V.L.I. - CRIMES VIOLENTOS LETAIS INTENCIONAIS,OCORRENCIA,LATROCÍNIO,0,0,0,0,0,0,0,0,0,0,0,0,0,22_SUDOESTE (4)_2026.xlsx,mensal
Sudoeste,22,2026,1. C.V.L.I. - CRIMES VIOLENTOS LETAIS INTENCIONAIS,OCORRENCIA,LESÃO CORPORAL SEG. DE MORTE,0,0,0,0,0,0,0,0,0,0,0,0,0,22_SUDOESTE (4)_2026.xlsx,mensal
Sudoeste,22,2026,2. C.C.P. -                                                      CRIMES CONTRA O PATRIMÔNIO,OCORRENCIA,FURTO EM VEÍCULO,35,4,6,7,1,6,1,5,5,0,0,0,0,22_SUDOESTE (4)_2026.xlsx,mensal
Sudoeste,22,2026,2. C.C.P. -                                                      CRIMES CONTRA O PATRIMÔNIO,OCORRENCIA,ROUBO A TRANSEUNTE,9,3,1,4,0,1,0,0,0,0,0,0,0,22_SUDOESTE (4)_2026.xlsx,mensal
Sudoeste,22,2026,2. C.C.P. -                                                      CRIMES CONTRA O PATRIMÔNIO,OCORRENCIA,ROUBO DE VEÍCULO,2,1,0,1,0,0,0,0,0,0,0,0,0,22_SUDOESTE (4)_2026.xlsx,mensal
Sudoeste,22,2026,2. C.C.P. -                                                      CRIMES CONTRA O PATRIMÔNIO,OCORRENCIA,ROUBO EM COLETIVO,0,0,0,0,0,0,0,0,0,0,0,0,0,22_SUDOESTE (4)_2026.xlsx,mensal
Sudoeste,22,2026,2. C.C.P. -                                                      CRIMES CONTRA O PATRIMÔNIO,OCORRENCIA,ROUBO EM COMÉRCIO *,0,0,0,0,0,0,0,0,0,0,0,0,0,22_SUDOESTE (4)_2026.xlsx,mensal
Sudoeste,22,2026,2. C.C.P. -                                                      CRIMES CONTRA O PATRIMÔNIO,OCORRENCIA,ROUBO EM RESIDÊNCIA,0,0,0,0,0,0,0,0,0,0,0,0,0,22_SUDOESTE (4)_2026.xlsx,mensal
Sudoeste,22,2026,3. OUTROS CRIMES,OCORRENCIA,ESTUPRO,1,0,0,0,0,1,0,0,0,0,0,0,0,22_SUDOESTE (4)_2026.xlsx,mensal
Sudoeste,22,2026,3. OUTROS CRIMES,OCORRENCIA,ESTUPRO DE VULNERÁVEL,2,0,0,0,0,0,1,1,0,0,0,0,0,22_SUDOESTE (4)_2026.xlsx,mensal
Sudoeste,22,2026,3. OUTROS CRIMES,OCORRENCIA,TENTATIVA DE HOMICÍDIO,0,0,0,0,0,0,0,0,0,0,0,0,0,22_SUDOESTE (4)_2026.xlsx,mensal
Sudoeste,22,2026,3. OUTROS CRIMES,OCORRENCIA,TENTATIVA DE LATROCÍNIO,0,0,0,0,0,0,0,0,0,0,0,0,0,22_SUDOESTE (4)_2026.xlsx,mensal
Sudoeste,22,2026,4. PRODUTIVIDADE POLICIAL,OCORRENCIA,LOCALIZAÇÃO DE VEICULO FURTADO OU ROUBADO,3,0,0,0,0,0,2,1,0,0,0,0,0,22_SUDOESTE (4)_2026.xlsx,mensal
Sudoeste,22,2026,4. PRODUTIVIDADE POLICIAL,OCORRENCIA,POSSE/PORTE DE ARMA,1,1,0,0,0,0,0,0,0,0,0,0,0,22_SUDOESTE (4)_2026.xlsx,mensal
Sudoeste,22,2026,4. PRODUTIVIDADE POLICIAL,OCORRENCIA,TRÁFICO DE DROGAS,7,0,0,2,0,1,1,2,1,0,0,0,0,22_SUDOESTE (4)_2026.xlsx,mensal
Sudoeste,22,2026,4. PRODUTIVIDADE POLICIAL,OCORRENCIA,USO E PORTE DE DROGAS,4,0,0,2,0,1,0,1,0,0,0,0,0,22_SUDOESTE (4)_2026.xlsx,mensal
São Sebastião,14,2014,1. C.V.L.I. - CRIMES VIOLENTOS LETAIS INTENCIONAIS,OCORRENCIA,HOMICÍDIO,44,4,6,4,5,1,4,2,1,4,3,5,5,14_so-sebastio_1-2_agregado.xls,PPV (mensal)2014
São Sebastião,14,2014,1. C.V.L.I. - CRIMES VIOLENTOS LETAIS INTENCIONAIS,OCORRENCIA,LATROCÍNIO,0,0,0,0,0,0,0,0,0,0,0,0,0,14_so-sebastio_1-2_agregado.xls,PPV (mensal)2014
São Sebastião,14,2014,1. C.V.L.I. - CRIMES VIOLENTOS LETAIS INTENCIONAIS,OCORRENCIA,LESÃO CORPORAL SEG. DE MORTE,1,0,0,0,0,0,0,1,0,0,0,0,0,14_so-sebastio_1-2_agregado.xls,PPV (mensal)2014
São Sebastião,14,2014,2. C.C.P. -                                                      CRIMES CONTRA O PATRIMÔNIO,OCORRENCIA,FURTO EM VEÍCULO,70,7,6,6,8,6,5,4,10,5,2,8,3,14_so-sebastio_1-2_agregado.xls,PPV (mensal)2014
São Sebastião,14,2014,2. C.C.P. -                                                      CRIMES CONTRA O PATRIMÔNIO,OCORRENCIA,ROUBO A TRANSEUNTE,484,40,42,41,44,45,39,32,44,32,29,43,53,14_so-sebastio_1-2_agregado.xls,PPV (mensal)2014
São Sebastião,14,2014,2. C.C.P. -                                                      CRIMES CONTRA O PATRIMÔNIO,OCORRENCIA,ROUBO DE VEÍCULO,138,17,18,12,11,16,13,9,3,2,14,12,11,14_so-sebastio_1-2_agregado.xls,PPV (mensal)2014
São Sebastião,14,2014,2. C.C.P. -                                                      CRIMES CONTRA O PATRIMÔNIO,OCORRENCIA,ROUBO EM COLETIVO,24,2,3,2,3,3,1,1,1,0,5,1,2,14_so-sebastio_1-2_agregado.xls,PPV (mensal)2014
São Sebastião,14,2014,2. C.C.P. -                                                      CRIMES CONTRA O PATRIMÔNIO,OCORRENCIA,ROUBO EM COMÉRCIO *,176,17,15,32,22,19,20,10,7,8,14,5,7,14_so-sebastio_1-2_agregado.xls,PPV (mensal)2014
São Sebastião,14,2014,3. OUTROS CRIMES,OCORRENCIA,ESTUPRO,48,7,2,6,5,3,2,1,5,5,4,5,3,14_so-sebastio_1-2_agregado.xls,PPV (mensal)2014
São Sebastião,14,2014,3. OUTROS CRIMES,OCORRENCIA,FURTO A TRANSEUNTE,43,3,1,3,2,2,5,2,3,3,3,4,12,14_so-sebastio_1-2_agregado.xls,PPV (mensal)2014
São Sebastião,14,2014,3. OUTROS CRIMES,OCORRENCIA,ROUBO EM RESIDÊNCIA,26,5,1,2,2,3,0,3,1,3,2,1,3,14_so-sebastio_1-2_agregado.xls,PPV (mensal)2014
São Sebastião,14,2014,3. OUTROS CRIMES,OCORRENCIA,TENTATIVA DE HOMICÍDIO,71,11,5,3,7,7,2,4,7,6,10,8,1,14_so-sebastio_1-2_agregado.xls,PPV (mensal)2014
São Sebastião,14,2014,4. PRODUTIVIDADE POLICIAL,OCORRENCIA,LOCALIZAÇÃO DE VEICULO FURTADO OU ROUBADO,204,21,12,24,32,19,12,14,14,5,14,18,19,14_so-sebastio_1-2_agregado.xls,PPV (mensal)2014
São Sebastião,14,2014,4. PRODUTIVIDADE POLICIAL,OCORRENCIA,POSSE/PORTE DE ARMA,81,6,4,12,8,11,3,5,4,5,5,11,7,14_so-sebastio_1-2_agregado.xls,PPV (mensal)2014
São Sebastião,14,2014,4. PRODUTIVIDADE POLICIAL,OCORRENCIA,TRÁFICO DE DROGAS,195,10,8,17,18,24,17,16,9,20,23,16,17,14_so-sebastio_1-2_agregado.xls,PPV (mensal)2014
São Sebastião,14,2014,4. PRODUTIVIDADE POLICIAL,OCORRENCIA,USO E PORTE DE DROGAS,143,13,6,11,14,14,10,11,10,13,14,9,18,14_so-sebastio_1-2_agregado.xls,PPV (mensal)2014
São Sebastião,14,2015,1. C.V.L.I. - CRIMES VIOLENTOS LETAIS INTENCIONAIS,OCORRENCIA,HOMICÍDIO,25,1,2,0,4,3,2,2,3,2,1,2,3,14_so-sebastio_1-2_agregado.xls,PPV (mensal)2015
São Sebastião,14,2015,1. C.V.L.I. - CRIMES VIOLENTOS LETAIS INTENCIONAIS,OCORRENCIA,LATROCÍNIO,0,0,0,0,0,0,0,0,0,0,0,0,0,14_so-sebastio_1-2_agregado.xls,PPV (mensal)2015
São Sebastião,14,2015,1. C.V.L.I. - CRIMES VIOLENTOS LETAIS INTENCIONAIS,OCORRENCIA,LESÃO CORPORAL SEG. DE MORTE,1,0,0,0,0,0,0,0,0,0,1,0,0,14_so-sebastio_1-2_agregado.xls,PPV (mensal)2015
São Sebastião,14,2015,2. C.C.P. -                                                      CRIMES CONTRA O PATRIMÔNIO,OCORRENCIA,FURTO EM VEÍCULO,66,4,2,5,9,7,6,4,6,2,7,7,7,14_so-sebastio_1-2_agregado.xls,PPV (mensal)2015
São Sebastião,14,2015,2. C.C.P. -                                                      CRIMES CONTRA O PATRIMÔNIO,OCORRENCIA,ROUBO A TRANSEUNTE,785,59,49,74,80,55,62,61,61,32,74,96,82,14_so-sebastio_1-2_agregado.xls,PPV (mensal)2015
São Sebastião,14,2015,2. C.C.P. -                                                      CRIMES CONTRA O PATRIMÔNIO,OCORRENCIA,ROUBO DE VEÍCULO,121,8,6,16,13,10,6,9,8,9,17,12,7,14_so-sebastio_1-2_agregado.xls,PPV (mensal)2015
São Sebastião,14,2015,2. C.C.P. -                                                      CRIMES CONTRA O PATRIMÔNIO,OCORRENCIA,ROUBO EM COLETIVO,5,0,1,0,2,1,0,0,0,1,0,0,0,14_so-sebastio_1-2_agregado.xls,PPV (mensal)2015
São Sebastião,14,2015,2. C.C.P. -                                                      CRIMES CONTRA O PATRIMÔNIO,OCORRENCIA,ROUBO EM COMÉRCIO *,119,20,5,11,7,1,0,10,10,11,16,10,18,14_so-sebastio_1-2_agregado.xls,PPV (mensal)2015
São Sebastião,14,2015,3. OUTROS CRIMES,OCORRENCIA,ESTUPRO,26,1,4,1,1,1,1,2,3,4,4,2,2,14_so-sebastio_1-2_agregado.xls,PPV (mensal)2015
São Sebastião,14,2015,3. OUTROS CRIMES,OCORRENCIA,FURTO A TRANSEUNTE,62,3,8,12,3,7,9,5,1,1,2,8,3,14_so-sebastio_1-2_agregado.xls,PPV (mensal)2015
São Sebastião,14,2015,3. OUTROS CRIMES,OCORRENCIA,ROUBO EM RESIDÊNCIA,37,3,3,1,3,0,1,6,6,1,7,1,5,14_so-sebastio_1-2_agregado.xls,PPV (mensal)2015
São Sebastião,14,2015,3. OUTROS CRIMES,OCORRENCIA,TENTATIVA DE HOMICÍDIO,67,6,5,2,2,6,5,3,8,10,7,5,8,14_so-sebastio_1-2_agregado.xls,PPV (mensal)2015
São Sebastião,14,2015,4. PRODUTIVIDADE POLICIAL,OCORRENCIA,LOCALIZAÇÃO DE VEICULO FURTADO OU ROUBADO,184,5,16,18,17,18,13,23,15,4,19,21,15,14_so-sebastio_1-2_agregado.xls,PPV (mensal)2015
São Sebastião,14,2015,4. PRODUTIVIDADE POLICIAL,OCORRENCIA,POSSE/PORTE DE ARMA,61,2,1,3,6,11,6,5,8,3,5,7,4,14_so-sebastio_1-2_agregado.xls,PPV (mensal)2015
São Sebastião,14,2015,4. PRODUTIVIDADE POLICIAL,OCORRENCIA,TRÁFICO DE DROGAS,207,22,12,16,17,15,20,15,22,12,22,13,21,14_so-sebastio_1-2_agregado.xls,PPV (mensal)2015
São Sebastião,14,2015,4. PRODUTIVIDADE POLICIAL,OCORRENCIA,USO E PORTE DE DROGAS,185,11,20,22,16,18,16,12,23,13,12,12,10,14_so-sebastio_1-2_agregado.xls,PPV (mensal)2015
São Sebastião,14,2016,1. C.V.L.I. - CRIMES VIOLENTOS LETAIS INTENCIONAIS,OCORRENCIA,HOMICÍDIO,40,2,3,5,5,6,6,2,2,2,1,3,3,14_so-sebastio_1-2_agregado.xls,PPV(mensal)2016
São Sebastião,14,2016,1. C.V.L.I. - CRIMES VIOLENTOS LETAIS INTENCIONAIS,OCORRENCIA,LATROCÍNIO,4,0,1,0,1,1,0,0,0,0,0,0,1,14_so-sebastio_1-2_agregado.xls,PPV(mensal)2016
São Sebastião,14,2016,1. C.V.L.I. - CRIMES VIOLENTOS LETAIS INTENCIONAIS,OCORRENCIA,LESÃO CORPORAL SEG. DE MORTE,0,0,0,0,0,0,0,0,0,0,0,0,0,14_so-sebastio_1-2_agregado.xls,PPV(mensal)2016
São Sebastião,14,2016,2. C.C.P. -                                                      CRIMES CONTRA O PATRIMÔNIO,OCORRENCIA,FURTO EM VEÍCULO,92,11,13,11,8,6,6,3,7,6,7,6,8,14_so-sebastio_1-2_agregado.xls,PPV(mensal)2016
São Sebastião,14,2016,2. C.C.P. -                                                      CRIMES CONTRA O PATRIMÔNIO,OCORRENCIA,ROUBO A TRANSEUNTE,1269,111,100,111,114,111,83,111,107,132,89,115,85,14_so-sebastio_1-2_agregado.xls,PPV(mensal)2016
São Sebastião,14,2016,2. C.C.P. -                                                      CRIMES CONTRA O PATRIMÔNIO,OCORRENCIA,ROUBO DE VEÍCULO,116,9,19,9,7,8,4,6,4,13,9,15,13,14_so-sebastio_1-2_agregado.xls,PPV(mensal)2016
São Sebastião,14,2016,2. C.C.P. -                                                      CRIMES CONTRA O PATRIMÔNIO,OCORRENCIA,ROUBO EM COLETIVO,20,4,1,1,3,1,0,0,1,2,0,3,4,14_so-sebastio_1-2_agregado.xls,PPV(mensal)2016
São Sebastião,14,2016,2. C.C.P. -                                                      CRIMES CONTRA O PATRIMÔNIO,OCORRENCIA,ROUBO EM COMÉRCIO *,189,24,25,13,19,12,30,16,11,10,9,9,11,14_so-sebastio_1-2_agregado.xls,PPV(mensal)2016
São Sebastião,14,2016,2. C.C.P. -                                                      CRIMES CONTRA O PATRIMÔNIO,OCORRENCIA,ROUBO EM RESIDÊNCIA,52,5,3,4,8,2,4,5,1,4,2,5,9,14_so-sebastio_1-2_agregado.xls,PPV(mensal)2016
São Sebastião,14,2016,3. OUTROS CRIMES,OCORRENCIA,ESTUPRO,35,2,3,3,6,1,2,1,5,3,1,3,5,14_so-sebastio_1-2_agregado.xls,PPV(mensal)2016
São Sebastião,14,2016,3. OUTROS CRIMES,OCORRENCIA,FURTO A TRANSEUNTE,75,4,7,7,8,6,8,9,6,5,2,10,3,14_so-sebastio_1-2_agregado.xls,PPV(mensal)2016
São Sebastião,14,2016,3. OUTROS CRIMES,OCORRENCIA,ROUBO EM RESIDÊNCIA,5,0,1,1,0,0,0,0,0,0,2,0,1,14_so-sebastio_1-2_agregado.xls,PPV(mensal)2016
São Sebastião,14,2016,3. OUTROS CRIMES,OCORRENCIA,TENTATIVA DE HOMICÍDIO,62,6,8,5,6,4,4,6,2,5,4,5,7,14_so-sebastio_1-2_agregado.xls,PPV(mensal)2016
São Sebastião,14,2016,4. PRODUTIVIDADE POLICIAL,OCORRENCIA,LOCALIZAÇÃO DE VEICULO FURTADO OU ROUBADO,175,18,11,19,9,21,15,10,11,11,13,24,13,14_so-sebastio_1-2_agregado.xls,PPV(mensal)2016
São Sebastião,14,2016,4. PRODUTIVIDADE POLICIAL,OCORRENCIA,POSSE/PORTE DE ARMA,56,2,5,7,3,7,6,4,8,3,4,4,3,14_so-sebastio_1-2_agregado.xls,PPV(mensal)2016
São Sebastião,14,2016,4. PRODUTIVIDADE POLICIAL,OCORRENCIA,TRÁFICO DE DROGAS,220,18,23,24,16,16,23,22,22,9,12,17,18,14_so-sebastio_1-2_agregado.xls,PPV(mensal)2016
São Sebastião,14,2016,4. PRODUTIVIDADE POLICIAL,OCORRENCIA,USO E PORTE DE DROGAS,162,19,13,20,14,10,15,18,10,9,15,9,10,14_so-sebastio_1-2_agregado.xls,PPV(mensal)2016
São Sebastião,14,2017,1. C.V.L.I. - CRIMES VIOLENTOS LETAIS INTENCIONAIS,OCORRENCIA,HOMICÍDIO,20,1,3,7,2,1,1,2,0,2,1,5,5,14_so-sebastio_1-2_agregado.xls,PPV(mensal)2017
São Sebastião,14,2017,1. C.V.L.I. - CRIMES VIOLENTOS LETAIS INTENCIONAIS,OCORRENCIA,LATROCÍNIO,1,0,0,0,0,1,0,0,0,0,0,0,0,14_so-sebastio_1-2_agregado.xls,PPV(mensal)2017
São Sebastião,14,2017,1. C.V.L.I. - CRIMES VIOLENTOS LETAIS INTENCIONAIS,OCORRENCIA,LESÃO CORPORAL SEG. DE MORTE,0,0,0,0,0,0,0,0,0,0,0,0,0,14_so-sebastio_1-2_agregado.xls,PPV(mensal)2017
São Sebastião,14,2017,2. C.C.P. -                                                      CRIMES CONTRA O PATRIMÔNIO,OCORRENCIA,FURTO EM VEÍCULO,84,5,5,7,13,12,9,6,8,7,12,7,8,14_so-sebastio_1-2_agregado.xls,PPV(mensal)2017
São Sebastião,14,2017,2. C.C.P. -                                                      CRIMES CONTRA O PATRIMÔNIO,OCORRENCIA,ROUBO A TRANSEUNTE,1163,102,107,145,143,126,78,113,120,117,112,116,107,14_so-sebastio_1-2_agregado.xls,PPV(mensal)2017
São Sebastião,14,2017,2. C.C.P. -                                                      CRIMES CONTRA O PATRIMÔNIO,OCORRENCIA,ROUBO DE VEÍCULO,95,5,13,8,18,9,5,9,12,7,9,7,3,14_so-sebastio_1-2_agregado.xls,PPV(mensal)2017
São Sebastião,14,2017,2. C.C.P. -                                                      CRIMES CONTRA O PATRIMÔNIO,OCORRENCIA,ROUBO EM COLETIVO,34,2,0,3,2,4,4,3,9,6,1,2,1,14_so-sebastio_1-2_agregado.xls,PPV(mensal)2017
São Sebastião,14,2017,2. C.C.P. -                                                      CRIMES CONTRA O PATRIMÔNIO,OCORRENCIA,ROUBO EM COMÉRCIO *,100,10,14,7,14,5,11,15,6,7,11,6,14,14_so-sebastio_1-2_agregado.xls,PPV(mensal)2017
São Sebastião,14,2017,2. C.C.P. -                                                      CRIMES CONTRA O PATRIMÔNIO,OCORRENCIA,ROUBO EM RESIDÊNCIA,31,0,3,0,10,0,5,1,4,3,5,2,0,14_so-sebastio_1-2_agregado.xls,PPV(mensal)2017
São Sebastião,14,2017,3. OUTROS CRIMES,OCORRENCIA,ESTUPRO,44,10,3,2,3,3,2,6,5,7,3,2,9,14_so-sebastio_1-2_agregado.xls,PPV(mensal)2017
São Sebastião,14,2017,3. OUTROS CRIMES,OCORRENCIA,FURTO A TRANSEUNTE,51,4,5,10,5,5,4,2,8,1,7,7,5,14_so-sebastio_1-2_agregado.xls,PPV(mensal)2017
São Sebastião,14,2017,3. OUTROS CRIMES,OCORRENCIA,ROUBO EM RESIDÊNCIA,10,0,0,2,2,1,1,1,0,1,2,3,0,14_so-sebastio_1-2_agregado.xls,PPV(mensal)2017
São Sebastião,14,2017,3. OUTROS CRIMES,OCORRENCIA,TENTATIVA DE HOMICÍDIO,44,5,5,2,5,3,5,3,5,6,5,12,4,14_so-sebastio_1-2_agregado.xls,PPV(mensal)2017
São Sebastião,14,2017,4. PRODUTIVIDADE POLICIAL,OCORRENCIA,LOCALIZAÇÃO DE VEICULO FURTADO OU ROUBADO,139,9,14,11,23,15,10,10,15,12,20,13,11,14_so-sebastio_1-2_agregado.xls,PPV(mensal)2017
São Sebastião,14,2017,4. PRODUTIVIDADE POLICIAL,OCORRENCIA,POSSE/PORTE DE ARMA,55,8,6,5,4,3,6,6,5,7,5,3,4,14_so-sebastio_1-2_agregado.xls,PPV(mensal)2017
São Sebastião,14,2017,4. PRODUTIVIDADE POLICIAL,OCORRENCIA,TRÁFICO DE DROGAS,277,20,19,18,32,23,14,25,32,22,22,23,25,14_so-sebastio_1-2_agregado.xls,PPV(mensal)2017
São Sebastião,14,2017,4. PRODUTIVIDADE POLICIAL,OCORRENCIA,USO E PORTE DE DROGAS,108,9,9,7,11,8,15,10,13,14,12,18,16,14_so-sebastio_1-2_agregado.xls,PPV(mensal)2017
São Sebastião,14,2018,1. C.V.L.I. - CRIMES VIOLENTOS LETAIS INTENCIONAIS,OCORRENCIA,HOMICÍDIO,27,2,3,2,3,2,2,3,0,2,3,2,3,14_so-sebastio_1-2_agregado.xls,PPV(mensal)2018
São Sebastião,14,2018,1. C.V.L.I. - CRIMES VIOLENTOS LETAIS INTENCIONAIS,OCORRENCIA,LATROCÍNIO,0,0,0,0,0,0,0,0,0,0,0,0,0,14_so-sebastio_1-2_agregado.xls,PPV(mensal)2018
São Sebastião,14,2018,1. C.V.L.I. - CRIMES VIOLENTOS LETAIS INTENCIONAIS,OCORRENCIA,LESÃO CORPORAL SEG. DE MORTE,0,0,0,0,0,0,0,0,0,0,0,0,0,14_so-sebastio_1-2_agregado.xls,PPV(mensal)2018
São Sebastião,14,2018,2. C.C.P. -                                                      CRIMES CONTRA O PATRIMÔNIO,OCORRENCIA,FURTO EM VEÍCULO,102,10,10,9,7,6,6,11,5,6,13,8,11,14_so-sebastio_1-2_agregado.xls,PPV(mensal)2018
São Sebastião,14,2018,2. C.C.P. -                                                      CRIMES CONTRA O PATRIMÔNIO,OCORRENCIA,ROUBO A TRANSEUNTE,1425,109,112,128,123,112,144,126,100,114,130,129,98,14_so-sebastio_1-2_agregado.xls,PPV(mensal)2018
São Sebastião,14,2018,2. C.C.P. -                                                      CRIMES CONTRA O PATRIMÔNIO,OCORRENCIA,ROUBO DE VEÍCULO,126,6,12,11,11,13,13,14,13,11,8,5,9,14_so-sebastio_1-2_agregado.xls,PPV(mensal)2018
São Sebastião,14,2018,2. C.C.P. -                                                      CRIMES CONTRA O PATRIMÔNIO,OCORRENCIA,ROUBO EM COLETIVO,21,4,1,1,2,4,2,3,1,1,2,0,0,14_so-sebastio_1-2_agregado.xls,PPV(mensal)2018
São Sebastião,14,2018,2. C.C.P. -                                                      CRIMES CONTRA O PATRIMÔNIO,OCORRENCIA,ROUBO EM COMÉRCIO *,152,28,26,10,8,15,16,4,15,12,7,5,6,14_so-sebastio_1-2_agregado.xls,PPV(mensal)2018
São Sebastião,14,2018,2. C.C.P. -                                                      CRIMES CONTRA O PATRIMÔNIO,OCORRENCIA,ROUBO EM RESIDÊNCIA,26,2,5,5,2,1,3,0,1,1,3,2,1,14_so-sebastio_1-2_agregado.xls,PPV(mensal)2018
São Sebastião,14,2018,3. OUTROS CRIMES,OCORRENCIA,ESTUPRO,46,5,5,3,6,2,4,4,4,4,3,4,2,14_so-sebastio_1-2_agregado.xls,PPV(mensal)2018
São Sebastião,14,2018,3. OUTROS CRIMES,OCORRENCIA,FURTO A TRANSEUNTE,42,3,6,4,9,3,2,2,3,4,0,2,4,14_so-sebastio_1-2_agregado.xls,PPV(mensal)2018
São Sebastião,14,2018,3. OUTROS CRIMES,OCORRENCIA,ROUBO EM RESIDÊNCIA,13,2,2,2,2,1,2,1,1,0,0,0,0,14_so-sebastio_1-2_agregado.xls,PPV(mensal)2018
São Sebastião,14,2018,3. OUTROS CRIMES,OCORRENCIA,TENTATIVA DE HOMICÍDIO,50,5,5,6,5,5,7,3,2,4,1,6,1,14_so-sebastio_1-2_agregado.xls,PPV(mensal)2018
São Sebastião,14,2018,4. PRODUTIVIDADE POLICIAL,OCORRENCIA,LOCALIZAÇÃO DE VEICULO FURTADO OU ROUBADO,201,12,22,21,23,19,13,21,12,12,18,16,12,14_so-sebastio_1-2_agregado.xls,PPV(mensal)2018
São Sebastião,14,2018,4. PRODUTIVIDADE POLICIAL,OCORRENCIA,POSSE/PORTE DE ARMA,67,4,3,2,9,5,6,11,6,6,4,9,2,14_so-sebastio_1-2_agregado.xls,PPV(mensal)2018
São Sebastião,14,2018,4. PRODUTIVIDADE POLICIAL,OCORRENCIA,TRÁFICO DE DROGAS,318,31,29,33,29,28,24,27,27,20,22,32,16,14_so-sebastio_1-2_agregado.xls,PPV(mensal)2018
São Sebastião,14,2018,4. PRODUTIVIDADE POLICIAL,OCORRENCIA,USO E PORTE DE DROGAS,212,23,12,28,20,23,7,17,22,17,16,17,10,14_so-sebastio_1-2_agregado.xls,PPV(mensal)2018
São Sebastião,14,2026,1. C.V.L.I. - CRIMES VIOLENTOS LETAIS INTENCIONAIS,OCORRENCIA,HOMICÍDIO,7,1,0,0,1,1,1,1,2,0,0,0,0,14_SAO SEBASTIAO (4)_2026.xlsx,mensal
São Sebastião,14,2026,1. C.V.L.I. - CRIMES VIOLENTOS LETAIS INTENCIONAIS,OCORRENCIA,LATROCÍNIO,1,0,0,0,1,0,0,0,0,0,0,0,0,14_SAO SEBASTIAO (4)_2026.xlsx,mensal
São Sebastião,14,2026,1. C.V.L.I. - CRIMES VIOLENTOS LETAIS INTENCIONAIS,OCORRENCIA,LESÃO CORPORAL SEG. DE MORTE,0,0,0,0,0,0,0,0,0,0,0,0,0,14_SAO SEBASTIAO (4)_2026.xlsx,mensal
São Sebastião,14,2026,2. C.C.P. -                                                      CRIMES CONTRA O PATRIMÔNIO,OCORRENCIA,FURTO EM VEÍCULO,26,4,7,1,5,3,3,3,0,0,0,0,0,14_SAO SEBASTIAO (4)_2026.xlsx,mensal
São Sebastião,14,2026,2. C.C.P. -                                                      CRIMES CONTRA O PATRIMÔNIO,OCORRENCIA,ROUBO A TRANSEUNTE,178,31,28,27,25,12,18,23,14,0,0,0,0,14_SAO SEBASTIAO (4)_2026.xlsx,mensal
São Sebastião,14,2026,2. C.C.P. -                                                      CRIMES CONTRA O PATRIMÔNIO,OCORRENCIA,ROUBO DE VEÍCULO,17,5,0,2,4,3,0,2,1,0,0,0,0,14_SAO SEBASTIAO (4)_2026.xlsx,mensal
São Sebastião,14,2026,2. C.C.P. -                                                      CRIMES CONTRA O PATRIMÔNIO,OCORRENCIA,ROUBO EM COLETIVO,0,0,0,0,0,0,0,0,0,0,0,0,0,14_SAO SEBASTIAO (4)_2026.xlsx,mensal
São Sebastião,14,2026,2. C.C.P. -                                                      CRIMES CONTRA O PATRIMÔNIO,OCORRENCIA,ROUBO EM COMÉRCIO *,5,0,2,0,1,0,0,1,1,0,0,0,0,14_SAO SEBASTIAO (4)_2026.xlsx,mensal
São Sebastião,14,2026,2. C.C.P. -                                                      CRIMES CONTRA O PATRIMÔNIO,OCORRENCIA,ROUBO EM RESIDÊNCIA,10,1,1,2,0,2,1,2,1,0,0,0,0,14_SAO SEBASTIAO (4)_2026.xlsx,mensal
São Sebastião,14,2026,3. OUTROS CRIMES,OCORRENCIA,ESTUPRO,7,1,0,0,1,2,2,1,0,0,0,0,0,14_SAO SEBASTIAO (4)_2026.xlsx,mensal
São Sebastião,14,2026,3. OUTROS CRIMES,OCORRENCIA,ESTUPRO DE VULNERÁVEL,17,2,3,1,1,1,3,3,3,0,0,0,0,14_SAO SEBASTIAO (4)_2026.xlsx,mensal
São Sebastião,14,2026,3. OUTROS CRIMES,OCORRENCIA,TENTATIVA DE HOMICÍDIO,36,6,2,6,4,6,7,2,3,0,0,0,0,14_SAO SEBASTIAO (4)_2026.xlsx,mensal
São Sebastião,14,2026,3. OUTROS CRIMES,OCORRENCIA,TENTATIVA DE LATROCÍNIO,2,0,0,0,1,0,0,0,1,0,0,0,0,14_SAO SEBASTIAO (4)_2026.xlsx,mensal
São Sebastião,14,2026,4. PRODUTIVIDADE POLICIAL,OCORRENCIA,LOCALIZAÇÃO DE VEICULO FURTADO OU ROUBADO,70,9,4,10,13,6,10,10,8,0,0,0,0,14_SAO SEBASTIAO (4)_2026.xlsx,mensal
São Sebastião,14,2026,4. PRODUTIVIDADE POLICIAL,OCORRENCIA,POSSE/PORTE DE ARMA,39,5,5,7,4,5,5,4,4,0,0,0,0,14_SAO SEBASTIAO (4)_2026.xlsx,mensal
São Sebastião,14,2026,4. PRODUTIVIDADE POLICIAL,OCORRENCIA,TRÁFICO DE DROGAS,85,10,9,6,14,10,8,12,16,0,0,0,0,14_SAO SEBASTIAO (4)_2026.xlsx,mensal
São Sebastião,14,2026,4. PRODUTIVIDADE POLICIAL,OCORRENCIA,USO E PORTE DE DROGAS,30,4,5,5,5,4,2,3,2,0,0,0,0,14_SAO SEBASTIAO (4)_2026.xlsx,mensal
Taguatinga,03,2014,1. C.V.L.I. - CRIMES VIOLENTOS LETAIS INTENCIONAIS,OCORRENCIA,HOMICÍDIO,32,2,3,4,2,2,2,2,2,5,2,2,4,3_taguatinga_1-2-2_agregado.xls,PPV (mensal)2014
Taguatinga,03,2014,1. C.V.L.I. - CRIMES VIOLENTOS LETAIS INTENCIONAIS,OCORRENCIA,LATROCÍNIO,9,1,0,2,0,0,0,0,1,1,2,1,1,3_taguatinga_1-2-2_agregado.xls,PPV (mensal)2014
Taguatinga,03,2014,1. C.V.L.I. - CRIMES VIOLENTOS LETAIS INTENCIONAIS,OCORRENCIA,LESÃO CORPORAL SEG. DE MORTE,1,0,0,0,1,0,0,0,0,0,0,0,0,3_taguatinga_1-2-2_agregado.xls,PPV (mensal)2014
Taguatinga,03,2014,2. C.C.P. -                                                      CRIMES CONTRA O PATRIMÔNIO,OCORRENCIA,FURTO EM VEÍCULO,2325,198,183,170,172,218,203,200,186,215,178,209,193,3_taguatinga_1-2-2_agregado.xls,PPV (mensal)2014
Taguatinga,03,2014,2. C.C.P. -                                                      CRIMES CONTRA O PATRIMÔNIO,OCORRENCIA,ROUBO A TRANSEUNTE,4073,342,310,366,326,397,296,330,333,353,361,333,326,3_taguatinga_1-2-2_agregado.xls,PPV (mensal)2014
Taguatinga,03,2014,2. C.C.P. -                                                      CRIMES CONTRA O PATRIMÔNIO,OCORRENCIA,ROUBO DE VEÍCULO,1321,175,166,142,141,113,64,59,81,110,100,99,71,3_taguatinga_1-2-2_agregado.xls,PPV (mensal)2014
Taguatinga,03,2014,2. C.C.P. -                                                      CRIMES CONTRA O PATRIMÔNIO,OCORRENCIA,ROUBO EM COLETIVO,70,6,9,9,10,5,1,1,8,5,3,3,10,3_taguatinga_1-2-2_agregado.xls,PPV (mensal)2014
Taguatinga,03,2014,2. C.C.P. -                                                      CRIMES CONTRA O PATRIMÔNIO,OCORRENCIA,ROUBO EM COMÉRCIO *,285,33,29,23,32,28,21,22,21,17,21,20,18,3_taguatinga_1-2-2_agregado.xls,PPV (mensal)2014
Taguatinga,03,2014,3. OUTROS CRIMES,OCORRENCIA,ESTUPRO,64,3,4,9,5,8,8,1,9,3,6,6,2,3_taguatinga_1-2-2_agregado.xls,PPV (mensal)2014
Taguatinga,03,2014,3. OUTROS CRIMES,OCORRENCIA,FURTO A TRANSEUNTE,561,28,32,32,45,44,45,62,46,37,55,56,79,3_taguatinga_1-2-2_agregado.xls,PPV (mensal)2014
Taguatinga,03,2014,3. OUTROS CRIMES,OCORRENCIA,ROUBO EM RESIDÊNCIA,69,11,5,4,7,6,8,5,4,5,2,4,8,3_taguatinga_1-2-2_agregado.xls,PPV (mensal)2014
Taguatinga,03,2014,3. OUTROS CRIMES,OCORRENCIA,TENTATIVA DE HOMICÍDIO,59,2,7,6,4,3,5,5,2,10,6,7,2,3_taguatinga_1-2-2_agregado.xls,PPV (mensal)2014
Taguatinga,03,2014,4. PRODUTIVIDADE POLICIAL,OCORRENCIA,LOCALIZAÇÃO DE VEICULO FURTADO OU ROUBADO,941,118,100,79,66,73,74,78,77,70,59,72,75,3_taguatinga_1-2-2_agregado.xls,PPV (mensal)2014
Taguatinga,03,2014,4. PRODUTIVIDADE POLICIAL,OCORRENCIA,POSSE/PORTE DE ARMA,127,5,12,19,10,14,15,6,17,5,6,9,9,3_taguatinga_1-2-2_agregado.xls,PPV (mensal)2014
Taguatinga,03,2014,4. PRODUTIVIDADE POLICIAL,OCORRENCIA,TRÁFICO DE DROGAS,235,14,17,17,24,15,20,22,22,23,22,15,24,3_taguatinga_1-2-2_agregado.xls,PPV (mensal)2014
Taguatinga,03,2014,4. PRODUTIVIDADE POLICIAL,OCORRENCIA,USO E PORTE DE DROGAS,430,24,33,31,42,29,36,44,45,39,34,38,35,3_taguatinga_1-2-2_agregado.xls,PPV (mensal)2014
Taguatinga,03,2015,1. C.V.L.I. - CRIMES VIOLENTOS LETAIS INTENCIONAIS,OCORRENCIA,HOMICÍDIO,35,6,1,6,3,3,3,0,0,1,4,5,3,3_taguatinga_1-2-2_agregado.xls,PPV (mensal)2015
Taguatinga,03,2015,1. C.V.L.I. - CRIMES VIOLENTOS LETAIS INTENCIONAIS,OCORRENCIA,LATROCÍNIO,4,3,0,0,0,0,0,1,0,0,0,0,0,3_taguatinga_1-2-2_agregado.xls,PPV (mensal)2015
Taguatinga,03,2015,1. C.V.L.I. - CRIMES VIOLENTOS LETAIS INTENCIONAIS,OCORRENCIA,LESÃO CORPORAL SEG. DE MORTE,0,0,0,0,0,0,0,0,0,0,0,0,0,3_taguatinga_1-2-2_agregado.xls,PPV (mensal)2015
Taguatinga,03,2015,2. C.C.P. -                                                      CRIMES CONTRA O PATRIMÔNIO,OCORRENCIA,FURTO EM VEÍCULO,1366,139,123,175,151,126,116,110,76,42,85,106,117,3_taguatinga_1-2-2_agregado.xls,PPV (mensal)2015
Taguatinga,03,2015,2. C.C.P. -                                                      CRIMES CONTRA O PATRIMÔNIO,OCORRENCIA,ROUBO A TRANSEUNTE,3297,373,275,371,314,269,251,273,211,113,268,285,294,3_taguatinga_1-2-2_agregado.xls,PPV (mensal)2015
Taguatinga,03,2015,2. C.C.P. -                                                      CRIMES CONTRA O PATRIMÔNIO,OCORRENCIA,ROUBO DE VEÍCULO,840,73,58,70,81,48,48,61,57,85,82,107,70,3_taguatinga_1-2-2_agregado.xls,PPV (mensal)2015
Taguatinga,03,2015,2. C.C.P. -                                                      CRIMES CONTRA O PATRIMÔNIO,OCORRENCIA,ROUBO EM COLETIVO,108,14,7,5,5,3,8,11,13,6,18,7,11,3_taguatinga_1-2-2_agregado.xls,PPV (mensal)2015
Taguatinga,03,2015,2. C.C.P. -                                                      CRIMES CONTRA O PATRIMÔNIO,OCORRENCIA,ROUBO EM COMÉRCIO *,213,35,23,19,14,14,24,12,8,10,20,17,17,3_taguatinga_1-2-2_agregado.xls,PPV (mensal)2015
Taguatinga,03,2015,3. OUTROS CRIMES,OCORRENCIA,ESTUPRO,35,5,0,1,0,4,4,3,4,3,6,4,1,3_taguatinga_1-2-2_agregado.xls,PPV (mensal)2015
Taguatinga,03,2015,3. OUTROS CRIMES,OCORRENCIA,FURTO A TRANSEUNTE,524,40,36,42,34,44,40,44,43,18,47,48,88,3_taguatinga_1-2-2_agregado.xls,PPV (mensal)2015
Taguatinga,03,2015,3. OUTROS CRIMES,OCORRENCIA,ROUBO EM RESIDÊNCIA,50,4,2,7,4,0,4,4,0,4,4,9,8,3_taguatinga_1-2-2_agregado.xls,PPV (mensal)2015
Taguatinga,03,2015,3. OUTROS CRIMES,OCORRENCIA,TENTATIVA DE HOMICÍDIO,47,5,6,5,4,3,2,4,5,5,0,5,3,3_taguatinga_1-2-2_agregado.xls,PPV (mensal)2015
Taguatinga,03,2015,4. PRODUTIVIDADE POLICIAL,OCORRENCIA,LOCALIZAÇÃO DE VEICULO FURTADO OU ROUBADO,657,68,52,47,58,56,60,54,56,37,60,47,62,3_taguatinga_1-2-2_agregado.xls,PPV (mensal)2015
Taguatinga,03,2015,4. PRODUTIVIDADE POLICIAL,OCORRENCIA,POSSE/PORTE DE ARMA,111,11,11,7,8,6,8,12,12,14,12,5,5,3_taguatinga_1-2-2_agregado.xls,PPV (mensal)2015
Taguatinga,03,2015,4. PRODUTIVIDADE POLICIAL,OCORRENCIA,TRÁFICO DE DROGAS,266,22,18,19,21,24,36,30,27,16,21,13,19,3_taguatinga_1-2-2_agregado.xls,PPV (mensal)2015
Taguatinga,03,2015,4. PRODUTIVIDADE POLICIAL,OCORRENCIA,USO E PORTE DE DROGAS,503,39,34,47,39,43,55,46,56,29,40,41,34,3_taguatinga_1-2-2_agregado.xls,PPV (mensal)2015
Taguatinga,03,2016,1. C.V.L.I. - CRIMES VIOLENTOS LETAIS INTENCIONAIS,OCORRENCIA,HOMICÍDIO,28,6,0,2,1,1,1,3,3,5,4,1,1,3_taguatinga_1-2-2_agregado.xls,PPV (mensal)2016
Taguatinga,03,2016,1. C.V.L.I. - CRIMES VIOLENTOS LETAIS INTENCIONAIS,OCORRENCIA,LATROCÍNIO,3,0,0,0,2,0,1,0,0,0,0,0,0,3_taguatinga_1-2-2_agregado.xls,PPV (mensal)2016
Taguatinga,03,2016,1. C.V.L.I. - CRIMES VIOLENTOS LETAIS INTENCIONAIS,OCORRENCIA,LESÃO CORPORAL SEG. DE MORTE,0,0,0,0,0,0,0,0,0,0,0,0,0,3_taguatinga_1-2-2_agregado.xls,PPV (mensal)2016
Taguatinga,03,2016,2. C.C.P. -                                                      CRIMES CONTRA O PATRIMÔNIO,OCORRENCIA,FURTO EM VEÍCULO,1394,111,105,123,158,140,119,166,126,70,72,87,117,3_taguatinga_1-2-2_agregado.xls,PPV (mensal)2016
Taguatinga,03,2016,2. C.C.P. -                                                      CRIMES CONTRA O PATRIMÔNIO,OCORRENCIA,ROUBO A TRANSEUNTE,3704,313,311,375,385,364,317,334,320,270,258,239,218,3_taguatinga_1-2-2_agregado.xls,PPV (mensal)2016
Taguatinga,03,2016,2. C.C.P. -                                                      CRIMES CONTRA O PATRIMÔNIO,OCORRENCIA,ROUBO DE VEÍCULO,914,79,65,66,94,73,59,58,79,85,85,91,80,3_taguatinga_1-2-2_agregado.xls,PPV (mensal)2016
Taguatinga,03,2016,2. C.C.P. -                                                      CRIMES CONTRA O PATRIMÔNIO,OCORRENCIA,ROUBO EM COLETIVO,115,8,3,12,5,11,13,10,10,12,10,11,10,3_taguatinga_1-2-2_agregado.xls,PPV (mensal)2016
Taguatinga,03,2016,2. C.C.P. -                                                      CRIMES CONTRA O PATRIMÔNIO,OCORRENCIA,ROUBO EM COMÉRCIO *,268,36,40,19,23,16,22,22,16,21,15,23,15,3_taguatinga_1-2-2_agregado.xls,PPV (mensal)2016
Taguatinga,03,2016,2. C.C.P. -                                                      CRIMES CONTRA O PATRIMÔNIO,OCORRENCIA,ROUBO EM RESIDÊNCIA,94,13,11,13,6,1,4,5,13,6,4,10,8,3_taguatinga_1-2-2_agregado.xls,PPV (mensal)2016
Taguatinga,03,2016,3. OUTROS CRIMES,OCORRENCIA,ESTUPRO,52,3,3,4,5,4,9,4,5,5,6,4,0,3_taguatinga_1-2-2_agregado.xls,PPV (mensal)2016
Taguatinga,03,2016,3. OUTROS CRIMES,OCORRENCIA,FURTO A TRANSEUNTE,483,39,45,37,31,48,53,41,29,39,24,24,73,3_taguatinga_1-2-2_agregado.xls,PPV (mensal)2016
Taguatinga,03,2016,3. OUTROS CRIMES,OCORRENCIA,TENTATIVA DE HOMICÍDIO,49,5,5,3,3,4,3,1,6,8,3,5,3,3_taguatinga_1-2-2_agregado.xls,PPV (mensal)2016
Taguatinga,03,2016,3. OUTROS CRIMES,OCORRENCIA,TENTATIVA DE LATROCÍNIO,21,1,0,2,4,2,2,2,2,2,0,0,4,3_taguatinga_1-2-2_agregado.xls,PPV (mensal)2016
Taguatinga,03,2016,4. PRODUTIVIDADE POLICIAL,OCORRENCIA,LOCALIZAÇÃO DE VEICULO FURTADO OU ROUBADO,602,52,47,47,65,49,43,53,44,48,48,46,60,3_taguatinga_1-2-2_agregado.xls,PPV (mensal)2016
Taguatinga,03,2016,4. PRODUTIVIDADE POLICIAL,OCORRENCIA,POSSE/PORTE DE ARMA,65,9,8,4,5,4,3,5,6,7,5,5,4,3_taguatinga_1-2-2_agregado.xls,PPV (mensal)2016
Taguatinga,03,2016,4. PRODUTIVIDADE POLICIAL,OCORRENCIA,TRÁFICO DE DROGAS,164,14,16,14,17,16,26,27,11,2,7,8,6,3_taguatinga_1-2-2_agregado.xls,PPV (mensal)2016
Taguatinga,03,2016,4. PRODUTIVIDADE POLICIAL,OCORRENCIA,USO E PORTE DE DROGAS,440,35,37,37,42,50,41,60,31,25,24,37,21,3_taguatinga_1-2-2_agregado.xls,PPV (mensal)2016
Taguatinga,03,2017,1. C.V.L.I. - CRIMES VIOLENTOS LETAIS INTENCIONAIS,OCORRENCIA,HOMICÍDIO,18,1,2,4,0,1,1,0,1,3,1,4,4,3_taguatinga_1-2-2_agregado.xls,PPV (mensal)2017
Taguatinga,03,2017,1. C.V.L.I. - CRIMES VIOLENTOS LETAIS INTENCIONAIS,OCORRENCIA,LATROCÍNIO,1,1,0,0,0,0,0,0,0,0,0,0,0,3_taguatinga_1-2-2_agregado.xls,PPV (mensal)2017
Taguatinga,03,2017,1. C.V.L.I. - CRIMES VIOLENTOS LETAIS INTENCIONAIS,OCORRENCIA,LESÃO CORPORAL SEG. DE MORTE,2,0,0,0,0,1,0,1,0,0,0,0,0,3_taguatinga_1-2-2_agregado.xls,PPV (mensal)2017
Taguatinga,03,2017,2. C.C.P. -                                                      CRIMES CONTRA O PATRIMÔNIO,OCORRENCIA,FURTO EM VEÍCULO,1230,111,113,101,114,140,140,100,90,96,105,120,105,3_taguatinga_1-2-2_agregado.xls,PPV (mensal)2017
Taguatinga,03,2017,2. C.C.P. -                                                      CRIMES CONTRA O PATRIMÔNIO,OCORRENCIA,ROUBO A TRANSEUNTE,3426,258,304,371,339,338,341,306,333,277,290,269,235,3_taguatinga_1-2-2_agregado.xls,PPV (mensal)2017
Taguatinga,03,2017,2. C.C.P. -                                                      CRIMES CONTRA O PATRIMÔNIO,OCORRENCIA,ROUBO DE VEÍCULO,591,64,55,61,39,77,39,51,59,40,46,60,50,3_taguatinga_1-2-2_agregado.xls,PPV (mensal)2017
Taguatinga,03,2017,2. C.C.P. -                                                      CRIMES CONTRA O PATRIMÔNIO,OCORRENCIA,ROUBO EM COLETIVO,118,4,11,9,12,14,11,4,15,16,8,14,11,3_taguatinga_1-2-2_agregado.xls,PPV (mensal)2017
Taguatinga,03,2017,2. C.C.P. -                                                      CRIMES CONTRA O PATRIMÔNIO,OCORRENCIA,ROUBO EM COMÉRCIO *,160,21,12,14,11,14,17,16,15,14,13,13,14,3_taguatinga_1-2-2_agregado.xls,PPV (mensal)2017
Taguatinga,03,2017,2. C.C.P. -                                                      CRIMES CONTRA O PATRIMÔNIO,OCORRENCIA,ROUBO EM RESIDÊNCIA,57,12,5,4,1,2,9,2,5,5,5,7,4,3_taguatinga_1-2-2_agregado.xls,PPV (mensal)2017
Taguatinga,03,2017,3. OUTROS CRIMES,OCORRENCIA,ESTUPRO,53,4,4,2,7,7,5,4,4,5,4,7,5,3_taguatinga_1-2-2_agregado.xls,PPV (mensal)2017
Taguatinga,03,2017,3. OUTROS CRIMES,OCORRENCIA,FURTO A TRANSEUNTE,436,28,43,45,37,35,34,43,46,50,40,35,77,3_taguatinga_1-2-2_agregado.xls,PPV (mensal)2017
Taguatinga,03,2017,3. OUTROS CRIMES,OCORRENCIA,TENTATIVA DE HOMICÍDIO,40,1,2,7,4,4,4,2,6,4,2,4,1,3_taguatinga_1-2-2_agregado.xls,PPV (mensal)2017
Taguatinga,03,2017,3. OUTROS CRIMES,OCORRENCIA,TENTATIVA DE LATROCÍNIO,19,2,0,2,0,0,4,2,3,1,3,2,3,3_taguatinga_1-2-2_agregado.xls,PPV (mensal)2017
Taguatinga,03,2017,4. PRODUTIVIDADE POLICIAL,OCORRENCIA,LOCALIZAÇÃO DE VEICULO FURTADO OU ROUBADO,512,54,37,57,40,54,47,39,53,45,41,45,56,3_taguatinga_1-2-2_agregado.xls,PPV (mensal)2017
Taguatinga,03,2017,4. PRODUTIVIDADE POLICIAL,OCORRENCIA,POSSE/PORTE DE ARMA,64,6,4,7,12,2,6,5,9,2,9,2,10,3_taguatinga_1-2-2_agregado.xls,PPV (mensal)2017
Taguatinga,03,2017,4. PRODUTIVIDADE POLICIAL,OCORRENCIA,TRÁFICO DE DROGAS,198,4,13,10,14,23,24,23,23,28,26,10,23,3_taguatinga_1-2-2_agregado.xls,PPV (mensal)2017
Taguatinga,03,2017,4. PRODUTIVIDADE POLICIAL,OCORRENCIA,USO E PORTE DE DROGAS,519,34,35,35,33,40,61,55,53,68,53,52,58,3_taguatinga_1-2-2_agregado.xls,PPV (mensal)2017
Taguatinga,03,2018,1. C.V.L.I. - CRIMES VIOLENTOS LETAIS INTENCIONAIS,OCORRENCIA,HOMICÍDIO,21,1,3,1,2,3,0,3,1,2,1,1,3,3_taguatinga_1-2-2_agregado.xls,PPV (mensal)2018
Taguatinga,03,2018,1. C.V.L.I. - CRIMES VIOLENTOS LETAIS INTENCIONAIS,OCORRENCIA,LATROCÍNIO,3,0,1,0,0,0,1,0,1,0,0,0,0,3_taguatinga_1-2-2_agregado.xls,PPV (mensal)2018
Taguatinga,03,2018,1. C.V.L.I. - CRIMES VIOLENTOS LETAIS INTENCIONAIS,OCORRENCIA,LESÃO CORPORAL SEG. DE MORTE,0,0,0,0,0,0,0,0,0,0,0,0,0,3_taguatinga_1-2-2_agregado.xls,PPV (mensal)2018
Taguatinga,03,2018,2. C.C.P. -                                                      CRIMES CONTRA O PATRIMÔNIO,OCORRENCIA,FURTO EM VEÍCULO,1088,127,82,100,90,95,78,92,84,84,86,89,81,3_taguatinga_1-2-2_agregado.xls,PPV (mensal)2018
Taguatinga,03,2018,2. C.C.P. -                                                      CRIMES CONTRA O PATRIMÔNIO,OCORRENCIA,ROUBO A TRANSEUNTE,3191,254,240,266,266,298,290,283,283,215,310,259,227,3_taguatinga_1-2-2_agregado.xls,PPV (mensal)2018
Taguatinga,03,2018,2. C.C.P. -                                                      CRIMES CONTRA O PATRIMÔNIO,OCORRENCIA,ROUBO DE VEÍCULO,594,51,51,51,52,30,52,65,70,47,55,45,25,3_taguatinga_1-2-2_agregado.xls,PPV (mensal)2018
Taguatinga,03,2018,2. C.C.P. -                                                      CRIMES CONTRA O PATRIMÔNIO,OCORRENCIA,ROUBO EM COLETIVO,79,8,4,6,8,7,10,3,7,5,3,6,12,3_taguatinga_1-2-2_agregado.xls,PPV (mensal)2018
Taguatinga,03,2018,2. C.C.P. -                                                      CRIMES CONTRA O PATRIMÔNIO,OCORRENCIA,ROUBO EM COMÉRCIO *,162,9,14,17,14,7,26,8,16,13,10,20,8,3_taguatinga_1-2-2_agregado.xls,PPV (mensal)2018
Taguatinga,03,2018,2. C.C.P. -                                                      CRIMES CONTRA O PATRIMÔNIO,OCORRENCIA,ROUBO EM RESIDÊNCIA,53,4,7,4,4,2,4,8,8,4,3,2,3,3_taguatinga_1-2-2_agregado.xls,PPV (mensal)2018
Taguatinga,03,2018,3. OUTROS CRIMES,OCORRENCIA,ESTUPRO,60,3,0,6,11,5,4,8,9,5,2,5,2,3_taguatinga_1-2-2_agregado.xls,PPV (mensal)2018
Taguatinga,03,2018,3. OUTROS CRIMES,OCORRENCIA,FURTO A TRANSEUNTE,487,36,24,41,35,39,40,35,45,40,48,42,62,3_taguatinga_1-2-2_agregado.xls,PPV (mensal)2018
Taguatinga,03,2018,3. OUTROS CRIMES,OCORRENCIA,TENTATIVA DE HOMICÍDIO,48,2,3,4,9,6,3,3,4,4,2,5,3,3_taguatinga_1-2-2_agregado.xls,PPV (mensal)2018
Taguatinga,03,2018,3. OUTROS CRIMES,OCORRENCIA,TENTATIVA DE LATROCÍNIO,18,1,3,2,1,1,2,1,2,1,0,3,1,3_taguatinga_1-2-2_agregado.xls,PPV (mensal)2018
Taguatinga,03,2018,4. PRODUTIVIDADE POLICIAL,OCORRENCIA,LOCALIZAÇÃO DE VEICULO FURTADO OU ROUBADO,528,36,37,45,45,38,59,69,40,34,54,44,27,3_taguatinga_1-2-2_agregado.xls,PPV (mensal)2018
Taguatinga,03,2018,4. PRODUTIVIDADE POLICIAL,OCORRENCIA,POSSE/PORTE DE ARMA,56,7,2,1,6,5,5,6,2,8,5,6,3,3_taguatinga_1-2-2_agregado.xls,PPV (mensal)2018
Taguatinga,03,2018,4. PRODUTIVIDADE POLICIAL,OCORRENCIA,TRÁFICO DE DROGAS,297,22,15,23,34,31,23,23,23,26,28,27,22,3_taguatinga_1-2-2_agregado.xls,PPV (mensal)2018
Taguatinga,03,2018,4. PRODUTIVIDADE POLICIAL,OCORRENCIA,USO E PORTE DE DROGAS,600,59,53,46,70,52,47,37,61,48,52,44,31,3_taguatinga_1-2-2_agregado.xls,PPV (mensal)2018
Taguatinga,03,2026,1. C.V.L.I. - CRIMES VIOLENTOS LETAIS INTENCIONAIS,OCORRENCIA,HOMICÍDIO,9,1,0,3,2,1,1,0,1,0,0,0,0,03_TAGUATINGA (4)_2026.xlsx,mensal
Taguatinga,03,2026,1. C.V.L.I. - CRIMES VIOLENTOS LETAIS INTENCIONAIS,OCORRENCIA,LATROCÍNIO,1,0,0,0,0,1,0,0,0,0,0,0,0,03_TAGUATINGA (4)_2026.xlsx,mensal
Taguatinga,03,2026,1. C.V.L.I. - CRIMES VIOLENTOS LETAIS INTENCIONAIS,OCORRENCIA,LESÃO CORPORAL SEG. DE MORTE,0,0,0,0,0,0,0,0,0,0,0,0,0,03_TAGUATINGA (4)_2026.xlsx,mensal
Taguatinga,03,2026,2. C.C.P. -                                                      CRIMES CONTRA O PATRIMÔNIO,OCORRENCIA,FURTO EM VEÍCULO,315,42,29,50,38,40,44,38,34,0,0,0,0,03_TAGUATINGA (4)_2026.xlsx,mensal
Taguatinga,03,2026,2. C.C.P. -                                                      CRIMES CONTRA O PATRIMÔNIO,OCORRENCIA,ROUBO A TRANSEUNTE,422,54,48,49,61,68,48,54,40,0,0,0,0,03_TAGUATINGA (4)_2026.xlsx,mensal
Taguatinga,03,2026,2. C.C.P. -                                                      CRIMES CONTRA O PATRIMÔNIO,OCORRENCIA,ROUBO DE VEÍCULO,40,8,3,11,4,5,1,5,3,0,0,0,0,03_TAGUATINGA (4)_2026.xlsx,mensal
Taguatinga,03,2026,2. C.C.P. -                                                      CRIMES CONTRA O PATRIMÔNIO,OCORRENCIA,ROUBO EM COLETIVO,7,2,0,1,3,0,0,0,1,0,0,0,0,03_TAGUATINGA (4)_2026.xlsx,mensal
Taguatinga,03,2026,2. C.C.P. -                                                      CRIMES CONTRA O PATRIMÔNIO,OCORRENCIA,ROUBO EM COMÉRCIO *,14,1,0,3,3,3,0,2,2,0,0,0,0,03_TAGUATINGA (4)_2026.xlsx,mensal
Taguatinga,03,2026,2. C.C.P. -                                                      CRIMES CONTRA O PATRIMÔNIO,OCORRENCIA,ROUBO EM RESIDÊNCIA,3,0,0,0,0,0,2,0,1,0,0,0,0,03_TAGUATINGA (4)_2026.xlsx,mensal
Taguatinga,03,2026,3. OUTROS CRIMES,OCORRENCIA,ESTUPRO,19,2,5,2,6,1,1,1,1,0,0,0,0,03_TAGUATINGA (4)_2026.xlsx,mensal
Taguatinga,03,2026,3. OUTROS CRIMES,OCORRENCIA,ESTUPRO DE VULNERÁVEL,22,3,1,3,2,4,2,3,4,0,0,0,0,03_TAGUATINGA (4)_2026.xlsx,mensal
Taguatinga,03,2026,3. OUTROS CRIMES,OCORRENCIA,TENTATIVA DE HOMICÍDIO,15,1,3,2,2,2,1,1,3,0,0,0,0,03_TAGUATINGA (4)_2026.xlsx,mensal
Taguatinga,03,2026,3. OUTROS CRIMES,OCORRENCIA,TENTATIVA DE LATROCÍNIO,1,0,0,0,0,1,0,0,0,0,0,0,0,03_TAGUATINGA (4)_2026.xlsx,mensal
Taguatinga,03,2026,4. PRODUTIVIDADE POLICIAL,OCORRENCIA,LOCALIZAÇÃO DE VEICULO FURTADO OU ROUBADO,80,12,15,15,13,4,9,7,5,0,0,0,0,03_TAGUATINGA (4)_2026.xlsx,mensal
Taguatinga,03,2026,4. PRODUTIVIDADE POLICIAL,OCORRENCIA,POSSE/PORTE DE ARMA,39,4,4,2,10,4,6,3,6,0,0,0,0,03_TAGUATINGA (4)_2026.xlsx,mensal
Taguatinga,03,2026,4. PRODUTIVIDADE POLICIAL,OCORRENCIA,TRÁFICO DE DROGAS,170,17,14,23,18,25,25,26,22,0,0,0,0,03_TAGUATINGA (4)_2026.xlsx,mensal
Taguatinga,03,2026,4. PRODUTIVIDADE POLICIAL,OCORRENCIA,USO E PORTE DE DROGAS,131,14,14,18,16,18,18,18,15,0,0,0,0,03_TAGUATINGA (4)_2026.xlsx,mensal
Varjão,23,2026,1. C.V.L.I. - CRIMES VIOLENTOS LETAIS INTENCIONAIS,OCORRENCIA,HOMICÍDIO,0,0,0,0,0,0,0,0,0,0,0,0,0,23_VARJAO (4)_2026.xlsx,mensal
Varjão,23,2026,1. C.V.L.I. - CRIMES VIOLENTOS LETAIS INTENCIONAIS,OCORRENCIA,LATROCÍNIO,0,0,0,0,0,0,0,0,0,0,0,0,0,23_VARJAO (4)_2026.xlsx,mensal
Varjão,23,2026,1. C.V.L.I. - CRIMES VIOLENTOS LETAIS INTENCIONAIS,OCORRENCIA,LESÃO CORPORAL SEG. DE MORTE,0,0,0,0,0,0,0,0,0,0,0,0,0,23_VARJAO (4)_2026.xlsx,mensal
Varjão,23,2026,2. C.C.P. -                                                      CRIMES CONTRA O PATRIMÔNIO,OCORRENCIA,FURTO EM VEÍCULO,1,0,0,0,1,0,0,0,0,0,0,0,0,23_VARJAO (4)_2026.xlsx,mensal
Varjão,23,2026,2. C.C.P. -                                                      CRIMES CONTRA O PATRIMÔNIO,OCORRENCIA,ROUBO A TRANSEUNTE,4,0,0,1,1,0,0,1,1,0,0,0,0,23_VARJAO (4)_2026.xlsx,mensal
Varjão,23,2026,2. C.C.P. -                                                      CRIMES CONTRA O PATRIMÔNIO,OCORRENCIA,ROUBO DE VEÍCULO,0,0,0,0,0,0,0,0,0,0,0,0,0,23_VARJAO (4)_2026.xlsx,mensal
Varjão,23,2026,2. C.C.P. -                                                      CRIMES CONTRA O PATRIMÔNIO,OCORRENCIA,ROUBO EM COLETIVO,0,0,0,0,0,0,0,0,0,0,0,0,0,23_VARJAO (4)_2026.xlsx,mensal
Varjão,23,2026,2. C.C.P. -                                                      CRIMES CONTRA O PATRIMÔNIO,OCORRENCIA,ROUBO EM COMÉRCIO *,0,0,0,0,0,0,0,0,0,0,0,0,0,23_VARJAO (4)_2026.xlsx,mensal
Varjão,23,2026,2. C.C.P. -                                                      CRIMES CONTRA O PATRIMÔNIO,OCORRENCIA,ROUBO EM RESIDÊNCIA,0,0,0,0,0,0,0,0,0,0,0,0,0,23_VARJAO (4)_2026.xlsx,mensal
Varjão,23,2026,3. OUTROS CRIMES,OCORRENCIA,ESTUPRO,1,1,0,0,0,0,0,0,0,0,0,0,0,23_VARJAO (4)_2026.xlsx,mensal
Varjão,23,2026,3. OUTROS CRIMES,OCORRENCIA,ESTUPRO DE VULNERÁVEL,0,0,0,0,0,0,0,0,0,0,0,0,0,23_VARJAO (4)_2026.xlsx,mensal
Varjão,23,2026,3. OUTROS CRIMES,OCORRENCIA,TENTATIVA DE HOMICÍDIO,4,0,0,2,1,0,0,1,0,0,0,0,0,23_VARJAO (4)_2026.xlsx,mensal
Varjão,23,2026,3. OUTROS CRIMES,OCORRENCIA,TENTATIVA DE LATROCÍNIO,0,0,0,0,0,0,0,0,0,0,0,0,0,23_VARJAO (4)_2026.xlsx,mensal
Varjão,23,2026,4. PRODUTIVIDADE POLICIAL,OCORRENCIA,LOCALIZAÇÃO DE VEICULO FURTADO OU ROUBADO,4,1,0,1,1,1,0,0,0,0,0,0,0,23_VARJAO (4)_2026.xlsx,mensal
Varjão,23,2026,4. PRODUTIVIDADE POLICIAL,OCORRENCIA,POSSE/PORTE DE ARMA,4,0,0,2,1,1,0,0,0,0,0,0,0,23_VARJAO (4)_2026.xlsx,mensal
Varjão,23,2026,4. PRODUTIVIDADE POLICIAL,OCORRENCIA,TRÁFICO DE DROGAS,22,4,3,3,4,1,0,3,4,0,0,0,0,23_VARJAO (4)_2026.xlsx,mensal
Varjão,23,2026,4. PRODUTIVIDADE POLICIAL,OCORRENCIA,USO E PORTE DE DROGAS,10,2,2,1,0,2,1,0,2,0,0,0,0,23_VARJAO (4)_2026.xlsx,mensal
Varjão Do Torto,23,2014,1. C.V.L.I. - CRIMES VIOLENTOS LETAIS INTENCIONAIS,OCORRENCIA,HOMICÍDIO,3,0,0,1,0,0,0,1,0,0,0,1,0,23_varjo_1-2-2_agregado.xls,PPV (mensal)2014
Varjão Do Torto,23,2014,1. C.V.L.I. - CRIMES VIOLENTOS LETAIS INTENCIONAIS,OCORRENCIA,LATROCÍNIO,0,0,0,0,0,0,0,0,0,0,0,0,0,23_varjo_1-2-2_agregado.xls,PPV (mensal)2014
Varjão Do Torto,23,2014,1. C.V.L.I. - CRIMES VIOLENTOS LETAIS INTENCIONAIS,OCORRENCIA,LESÃO CORPORAL SEG. DE MORTE,0,0,0,0,0,0,0,0,0,0,0,0,0,23_varjo_1-2-2_agregado.xls,PPV (mensal)2014
Varjão Do Torto,23,2014,2. C.C.P. -                                                      CRIMES CONTRA O PATRIMÔNIO,OCORRENCIA,FURTO EM VEÍCULO,6,0,1,1,1,1,0,0,0,1,0,1,0,23_varjo_1-2-2_agregado.xls,PPV (mensal)2014
Varjão Do Torto,23,2014,2. C.C.P. -                                                      CRIMES CONTRA O PATRIMÔNIO,OCORRENCIA,ROUBO A TRANSEUNTE,7,0,0,1,0,0,0,0,0,0,2,2,2,23_varjo_1-2-2_agregado.xls,PPV (mensal)2014
Varjão Do Torto,23,2014,2. C.C.P. -                                                      CRIMES CONTRA O PATRIMÔNIO,OCORRENCIA,ROUBO DE VEÍCULO,0,0,0,0,0,0,0,0,0,0,0,0,0,23_varjo_1-2-2_agregado.xls,PPV (mensal)2014
Varjão Do Torto,23,2014,2. C.C.P. -                                                      CRIMES CONTRA O PATRIMÔNIO,OCORRENCIA,ROUBO EM COLETIVO,1,0,0,0,0,0,0,0,0,1,0,0,0,23_varjo_1-2-2_agregado.xls,PPV (mensal)2014
Varjão Do Torto,23,2014,2. C.C.P. -                                                      CRIMES CONTRA O PATRIMÔNIO,OCORRENCIA,ROUBO EM COMÉRCIO *,2,0,0,0,0,0,0,0,0,2,0,0,0,23_varjo_1-2-2_agregado.xls,PPV (mensal)2014
Varjão Do Torto,23,2014,3. OUTROS CRIMES,OCORRENCIA,ESTUPRO,9,0,3,0,2,0,1,0,0,1,1,0,1,23_varjo_1-2-2_agregado.xls,PPV (mensal)2014
Varjão Do Torto,23,2014,3. OUTROS CRIMES,OCORRENCIA,FURTO A TRANSEUNTE,0,0,0,0,0,0,0,0,0,0,0,0,0,23_varjo_1-2-2_agregado.xls,PPV (mensal)2014
Varjão Do Torto,23,2014,3. OUTROS CRIMES,OCORRENCIA,ROUBO EM RESIDÊNCIA,1,0,0,0,0,0,1,0,0,0,0,0,0,23_varjo_1-2-2_agregado.xls,PPV (mensal)2014
Varjão Do Torto,23,2014,3. OUTROS CRIMES,OCORRENCIA,TENTATIVA DE HOMICÍDIO,6,1,1,1,0,0,0,3,0,0,0,0,0,23_varjo_1-2-2_agregado.xls,PPV (mensal)2014
Varjão Do Torto,23,2014,4. PRODUTIVIDADE POLICIAL,OCORRENCIA,LOCALIZAÇÃO DE VEICULO FURTADO OU ROUBADO,18,1,1,1,1,1,2,0,0,2,2,5,2,23_varjo_1-2-2_agregado.xls,PPV (mensal)2014
Varjão Do Torto,23,2014,4. PRODUTIVIDADE POLICIAL,OCORRENCIA,POSSE/PORTE DE ARMA,6,0,0,0,0,1,1,1,0,0,0,1,2,23_varjo_1-2-2_agregado.xls,PPV (mensal)2014
Varjão Do Torto,23,2014,4. PRODUTIVIDADE POLICIAL,OCORRENCIA,TRÁFICO DE DROGAS,14,1,1,2,1,0,0,0,1,3,1,1,3,23_varjo_1-2-2_agregado.xls,PPV (mensal)2014
Varjão Do Torto,23,2014,4. PRODUTIVIDADE POLICIAL,OCORRENCIA,USO E PORTE DE DROGAS,49,1,3,4,1,2,6,1,5,6,5,8,7,23_varjo_1-2-2_agregado.xls,PPV (mensal)2014
Varjão Do Torto,23,2015,1. C.V.L.I. - CRIMES VIOLENTOS LETAIS INTENCIONAIS,OCORRENCIA,HOMICÍDIO,0,0,0,0,0,0,0,0,0,0,0,0,0,23_varjo_1-2-2_agregado.xls,PPV (mensal)2015
Varjão Do Torto,23,2015,1. C.V.L.I. - CRIMES VIOLENTOS LETAIS INTENCIONAIS,OCORRENCIA,LATROCÍNIO,0,0,0,0,0,0,0,0,0,0,0,0,0,23_varjo_1-2-2_agregado.xls,PPV (mensal)2015
Varjão Do Torto,23,2015,1. C.V.L.I. - CRIMES VIOLENTOS LETAIS INTENCIONAIS,OCORRENCIA,LESÃO CORPORAL SEG. DE MORTE,0,0,0,0,0,0,0,0,0,0,0,0,0,23_varjo_1-2-2_agregado.xls,PPV (mensal)2015
Varjão Do Torto,23,2015,2. C.C.P. -                                                      CRIMES CONTRA O PATRIMÔNIO,OCORRENCIA,FURTO EM VEÍCULO,23,3,3,1,4,1,1,1,2,1,2,2,2,23_varjo_1-2-2_agregado.xls,PPV (mensal)2015
Varjão Do Torto,23,2015,2. C.C.P. -                                                      CRIMES CONTRA O PATRIMÔNIO,OCORRENCIA,ROUBO A TRANSEUNTE,9,1,1,1,0,0,1,0,2,0,2,1,0,23_varjo_1-2-2_agregado.xls,PPV (mensal)2015
Varjão Do Torto,23,2015,2. C.C.P. -                                                      CRIMES CONTRA O PATRIMÔNIO,OCORRENCIA,ROUBO DE VEÍCULO,4,1,0,0,0,0,0,3,0,0,0,0,0,23_varjo_1-2-2_agregado.xls,PPV (mensal)2015
Varjão Do Torto,23,2015,2. C.C.P. -                                                      CRIMES CONTRA O PATRIMÔNIO,OCORRENCIA,ROUBO EM COLETIVO,0,0,0,0,0,0,0,0,0,0,0,0,0,23_varjo_1-2-2_agregado.xls,PPV (mensal)2015
Varjão Do Torto,23,2015,2. C.C.P. -                                                      CRIMES CONTRA O PATRIMÔNIO,OCORRENCIA,ROUBO EM COMÉRCIO *,1,0,0,0,0,1,0,0,0,0,0,0,0,23_varjo_1-2-2_agregado.xls,PPV (mensal)2015
Varjão Do Torto,23,2015,3. OUTROS CRIMES,OCORRENCIA,ESTUPRO,3,0,1,0,2,0,0,0,0,0,0,0,0,23_varjo_1-2-2_agregado.xls,PPV (mensal)2015
Varjão Do Torto,23,2015,3. OUTROS CRIMES,OCORRENCIA,FURTO A TRANSEUNTE,4,0,0,0,0,0,0,0,0,0,3,1,0,23_varjo_1-2-2_agregado.xls,PPV (mensal)2015
Varjão Do Torto,23,2015,3. OUTROS CRIMES,OCORRENCIA,ROUBO EM RESIDÊNCIA,0,0,0,0,0,0,0,0,0,0,0,0,0,23_varjo_1-2-2_agregado.xls,PPV (mensal)2015
Varjão Do Torto,23,2015,3. OUTROS CRIMES,OCORRENCIA,TENTATIVA DE HOMICÍDIO,6,0,0,0,2,0,0,1,0,0,1,0,2,23_varjo_1-2-2_agregado.xls,PPV (mensal)2015
Varjão Do Torto,23,2015,4. PRODUTIVIDADE POLICIAL,OCORRENCIA,LOCALIZAÇÃO DE VEICULO FURTADO OU ROUBADO,34,2,1,3,9,5,2,3,6,0,0,2,1,23_varjo_1-2-2_agregado.xls,PPV (mensal)2015
Varjão Do Torto,23,2015,4. PRODUTIVIDADE POLICIAL,OCORRENCIA,POSSE/PORTE DE ARMA,4,0,1,0,2,1,0,0,0,0,0,0,0,23_varjo_1-2-2_agregado.xls,PPV (mensal)2015
Varjão Do Torto,23,2015,4. PRODUTIVIDADE POLICIAL,OCORRENCIA,TRÁFICO DE DROGAS,30,3,1,2,6,1,2,0,6,3,0,1,5,23_varjo_1-2-2_agregado.xls,PPV (mensal)2015
Varjão Do Torto,23,2015,4. PRODUTIVIDADE POLICIAL,OCORRENCIA,USO E PORTE DE DROGAS,89,9,12,8,3,6,6,6,9,9,5,8,8,23_varjo_1-2-2_agregado.xls,PPV (mensal)2015
Varjão Do Torto,23,2016,1. C.V.L.I. - CRIMES VIOLENTOS LETAIS INTENCIONAIS,OCORRENCIA,HOMICÍDIO,2,0,1,0,1,0,0,0,0,0,0,0,0,23_varjo_1-2-2_agregado.xls,PPV(mensal)2016
Varjão Do Torto,23,2016,1. C.V.L.I. - CRIMES VIOLENTOS LETAIS INTENCIONAIS,OCORRENCIA,LATROCÍNIO,0,0,0,0,0,0,0,0,0,0,0,0,0,23_varjo_1-2-2_agregado.xls,PPV(mensal)2016
Varjão Do Torto,23,2016,1. C.V.L.I. - CRIMES VIOLENTOS LETAIS INTENCIONAIS,OCORRENCIA,LESÃO CORPORAL SEG. DE MORTE,0,0,0,0,0,0,0,0,0,0,0,0,0,23_varjo_1-2-2_agregado.xls,PPV(mensal)2016
Varjão Do Torto,23,2016,2. C.C.P. -                                                      CRIMES CONTRA O PATRIMÔNIO,OCORRENCIA,FURTO EM VEÍCULO,11,1,1,1,0,0,1,1,0,1,0,4,1,23_varjo_1-2-2_agregado.xls,PPV(mensal)2016
Varjão Do Torto,23,2016,2. C.C.P. -                                                      CRIMES CONTRA O PATRIMÔNIO,OCORRENCIA,ROUBO A TRANSEUNTE,14,5,0,0,0,2,0,2,0,0,4,0,1,23_varjo_1-2-2_agregado.xls,PPV(mensal)2016
Varjão Do Torto,23,2016,2. C.C.P. -                                                      CRIMES CONTRA O PATRIMÔNIO,OCORRENCIA,ROUBO DE VEÍCULO,1,1,0,0,0,0,0,0,0,0,0,0,0,23_varjo_1-2-2_agregado.xls,PPV(mensal)2016
Varjão Do Torto,23,2016,2. C.C.P. -                                                      CRIMES CONTRA O PATRIMÔNIO,OCORRENCIA,ROUBO EM COLETIVO,0,0,0,0,0,0,0,0,0,0,0,0,0,23_varjo_1-2-2_agregado.xls,PPV(mensal)2016
Varjão Do Torto,23,2016,2. C.C.P. -                                                      CRIMES CONTRA O PATRIMÔNIO,OCORRENCIA,ROUBO EM COMÉRCIO *,2,0,0,0,1,0,0,0,1,0,0,0,0,23_varjo_1-2-2_agregado.xls,PPV(mensal)2016
Varjão Do Torto,23,2016,2. C.C.P. -                                                      CRIMES CONTRA O PATRIMÔNIO,OCORRENCIA,ROUBO EM RESIDÊNCIA,0,0,0,0,0,0,0,0,0,0,0,0,0,23_varjo_1-2-2_agregado.xls,PPV(mensal)2016
Varjão Do Torto,23,2016,3. OUTROS CRIMES,OCORRENCIA,ESTUPRO,2,0,0,0,0,0,0,1,1,0,0,0,0,23_varjo_1-2-2_agregado.xls,PPV(mensal)2016
Varjão Do Torto,23,2016,3. OUTROS CRIMES,OCORRENCIA,FURTO A TRANSEUNTE,3,0,0,1,0,0,0,0,1,0,0,1,0,23_varjo_1-2-2_agregado.xls,PPV(mensal)2016
Varjão Do Torto,23,2016,3. OUTROS CRIMES,OCORRENCIA,TENTATIVA DE HOMICÍDIO,6,2,0,0,0,0,2,0,0,1,1,0,0,23_varjo_1-2-2_agregado.xls,PPV(mensal)2016
Varjão Do Torto,23,2016,3. OUTROS CRIMES,OCORRENCIA,TENTATIVA DE LATROCÍNIO,0,0,0,0,0,0,0,0,0,0,0,0,0,23_varjo_1-2-2_agregado.xls,PPV(mensal)2016
Varjão Do Torto,23,2016,4. PRODUTIVIDADE POLICIAL,OCORRENCIA,LOCALIZAÇÃO DE VEICULO FURTADO OU ROUBADO,13,3,0,1,3,0,1,1,2,0,0,2,0,23_varjo_1-2-2_agregado.xls,PPV(mensal)2016
Varjão Do Torto,23,2016,4. PRODUTIVIDADE POLICIAL,OCORRENCIA,POSSE/PORTE DE ARMA,2,0,0,0,0,0,1,0,1,0,0,0,0,23_varjo_1-2-2_agregado.xls,PPV(mensal)2016
Varjão Do Torto,23,2016,4. PRODUTIVIDADE POLICIAL,OCORRENCIA,TRÁFICO DE DROGAS,18,3,2,3,3,1,2,2,1,1,0,0,0,23_varjo_1-2-2_agregado.xls,PPV(mensal)2016
Varjão Do Torto,23,2016,4. PRODUTIVIDADE POLICIAL,OCORRENCIA,USO E PORTE DE DROGAS,79,9,9,13,5,9,4,5,4,1,7,3,10,23_varjo_1-2-2_agregado.xls,PPV(mensal)2016
Varjão Do Torto,23,2017,1. C.V.L.I. - CRIMES VIOLENTOS LETAIS INTENCIONAIS,OCORRENCIA,HOMICÍDIO,1,0,0,0,0,0,0,0,0,0,0,1,0,23_varjo_1-2-2_agregado.xls,PPV(mensal)2017
Varjão Do Torto,23,2017,1. C.V.L.I. - CRIMES VIOLENTOS LETAIS INTENCIONAIS,OCORRENCIA,LATROCÍNIO,0,0,0,0,0,0,0,0,0,0,0,0,0,23_varjo_1-2-2_agregado.xls,PPV(mensal)2017
Varjão Do Torto,23,2017,1. C.V.L.I. - CRIMES VIOLENTOS LETAIS INTENCIONAIS,OCORRENCIA,LESÃO CORPORAL SEG. DE MORTE,0,0,0,0,0,0,0,0,0,0,0,0,0,23_varjo_1-2-2_agregado.xls,PPV(mensal)2017
Varjão Do Torto,23,2017,2. C.C.P. -                                                      CRIMES CONTRA O PATRIMÔNIO,OCORRENCIA,FURTO EM VEÍCULO,12,2,1,2,0,2,0,2,0,1,0,0,2,23_varjo_1-2-2_agregado.xls,PPV(mensal)2017
Varjão Do Torto,23,2017,2. C.C.P. -                                                      CRIMES CONTRA O PATRIMÔNIO,OCORRENCIA,ROUBO A TRANSEUNTE,18,1,0,1,1,0,0,0,0,5,3,5,2,23_varjo_1-2-2_agregado.xls,PPV(mensal)2017
Varjão Do Torto,23,2017,2. C.C.P. -                                                      CRIMES CONTRA O PATRIMÔNIO,OCORRENCIA,ROUBO DE VEÍCULO,6,1,0,0,0,0,2,1,0,1,1,0,0,23_varjo_1-2-2_agregado.xls,PPV(mensal)2017
Varjão Do Torto,23,2017,2. C.C.P. -                                                      CRIMES CONTRA O PATRIMÔNIO,OCORRENCIA,ROUBO EM COLETIVO,7,2,1,1,0,0,0,2,0,0,0,0,1,23_varjo_1-2-2_agregado.xls,PPV(mensal)2017
Varjão Do Torto,23,2017,2. C.C.P. -                                                      CRIMES CONTRA O PATRIMÔNIO,OCORRENCIA,ROUBO EM COMÉRCIO *,6,0,0,0,2,3,0,1,0,0,0,0,0,23_varjo_1-2-2_agregado.xls,PPV(mensal)2017
Varjão Do Torto,23,2017,2. C.C.P. -                                                      CRIMES CONTRA O PATRIMÔNIO,OCORRENCIA,ROUBO EM RESIDÊNCIA,1,1,0,0,0,0,0,0,0,0,0,0,0,23_varjo_1-2-2_agregado.xls,PPV(mensal)2017
Varjão Do Torto,23,2017,3. OUTROS CRIMES,OCORRENCIA,ESTUPRO,2,0,0,0,0,0,1,0,0,0,1,1,0,23_varjo_1-2-2_agregado.xls,PPV(mensal)2017
Varjão Do Torto,23,2017,3. OUTROS CRIMES,OCORRENCIA,FURTO A TRANSEUNTE,3,0,0,1,2,0,0,0,0,0,0,0,0,23_varjo_1-2-2_agregado.xls,PPV(mensal)2017
Varjão Do Torto,23,2017,3. OUTROS CRIMES,OCORRENCIA,TENTATIVA DE HOMICÍDIO,4,0,0,2,0,0,0,0,1,1,0,0,0,23_varjo_1-2-2_agregado.xls,PPV(mensal)2017
Varjão Do Torto,23,2017,4. PRODUTIVIDADE POLICIAL,OCORRENCIA,LOCALIZAÇÃO DE VEICULO FURTADO OU ROUBADO,6,0,0,1,0,1,3,1,0,0,0,2,2,23_varjo_1-2-2_agregado.xls,PPV(mensal)2017
Varjão Do Torto,23,2017,4. PRODUTIVIDADE POLICIAL,OCORRENCIA,POSSE/PORTE DE ARMA,7,1,1,1,1,0,0,0,0,1,2,1,0,23_varjo_1-2-2_agregado.xls,PPV(mensal)2017
Varjão Do Torto,23,2017,4. PRODUTIVIDADE POLICIAL,OCORRENCIA,TRÁFICO DE DROGAS,8,1,0,1,0,2,1,0,0,2,1,1,2,23_varjo_1-2-2_agregado.xls,PPV(mensal)2017
Varjão Do Torto,23,2017,4. PRODUTIVIDADE POLICIAL,OCORRENCIA,USO E PORTE DE DROGAS,30,1,1,2,1,5,3,3,6,2,6,4,2,23_varjo_1-2-2_agregado.xls,PPV(mensal)2017
Varjão Do Torto,23,2018,1. C.V.L.I. - CRIMES VIOLENTOS LETAIS INTENCIONAIS,OCORRENCIA,HOMICÍDIO,1,0,0,0,0,0,0,1,0,0,0,0,0,23_varjo_1-2-2_agregado.xls,PPV(mensal)2018
Varjão Do Torto,23,2018,1. C.V.L.I. - CRIMES VIOLENTOS LETAIS INTENCIONAIS,OCORRENCIA,LATROCÍNIO,0,0,0,0,0,0,0,0,0,0,0,0,0,23_varjo_1-2-2_agregado.xls,PPV(mensal)2018
Varjão Do Torto,23,2018,1. C.V.L.I. - CRIMES VIOLENTOS LETAIS INTENCIONAIS,OCORRENCIA,LESÃO CORPORAL SEG. DE MORTE,0,0,0,0,0,0,0,0,0,0,0,0,0,23_varjo_1-2-2_agregado.xls,PPV(mensal)2018
Varjão Do Torto,23,2018,2. C.C.P. -                                                      CRIMES CONTRA O PATRIMÔNIO,OCORRENCIA,FURTO EM VEÍCULO,15,2,1,1,2,1,2,2,1,1,0,2,0,23_varjo_1-2-2_agregado.xls,PPV(mensal)2018
Varjão Do Torto,23,2018,2. C.C.P. -                                                      CRIMES CONTRA O PATRIMÔNIO,OCORRENCIA,ROUBO A TRANSEUNTE,35,1,2,0,5,2,4,4,3,3,3,7,1,23_varjo_1-2-2_agregado.xls,PPV(mensal)2018
Varjão Do Torto,23,2018,2. C.C.P. -                                                      CRIMES CONTRA O PATRIMÔNIO,OCORRENCIA,ROUBO DE VEÍCULO,5,0,0,1,0,0,0,0,1,0,3,0,0,23_varjo_1-2-2_agregado.xls,PPV(mensal)2018
Varjão Do Torto,23,2018,2. C.C.P. -                                                      CRIMES CONTRA O PATRIMÔNIO,OCORRENCIA,ROUBO EM COLETIVO,4,0,0,0,1,1,0,0,0,0,2,0,0,23_varjo_1-2-2_agregado.xls,PPV(mensal)2018
Varjão Do Torto,23,2018,2. C.C.P. -                                                      CRIMES CONTRA O PATRIMÔNIO,OCORRENCIA,ROUBO EM COMÉRCIO *,7,0,2,0,2,0,0,0,0,0,1,1,1,23_varjo_1-2-2_agregado.xls,PPV(mensal)2018
Varjão Do Torto,23,2018,2. C.C.P. -                                                      CRIMES CONTRA O PATRIMÔNIO,OCORRENCIA,ROUBO EM RESIDÊNCIA,2,0,0,0,0,0,0,0,2,0,0,0,0,23_varjo_1-2-2_agregado.xls,PPV(mensal)2018
Varjão Do Torto,23,2018,3. OUTROS CRIMES,OCORRENCIA,ESTUPRO,4,1,1,0,0,0,0,0,0,1,0,1,0,23_varjo_1-2-2_agregado.xls,PPV(mensal)2018
Varjão Do Torto,23,2018,3. OUTROS CRIMES,OCORRENCIA,FURTO A TRANSEUNTE,4,0,0,0,0,0,0,4,0,0,0,0,0,23_varjo_1-2-2_agregado.xls,PPV(mensal)2018
Varjão Do Torto,23,2018,3. OUTROS CRIMES,OCORRENCIA,TENTATIVA DE HOMICÍDIO,6,0,1,0,1,0,0,0,0,0,0,3,1,23_varjo_1-2-2_agregado.xls,PPV(mensal)2018
Varjão Do Torto,23,2018,3. OUTROS CRIMES,OCORRENCIA,TENTATIVA DE LATROCÍNIO,0,0,0,0,0,0,0,0,0,0,0,0,0,23_varjo_1-2-2_agregado.xls,PPV(mensal)2018
Varjão Do Torto,23,2018,4. PRODUTIVIDADE POLICIAL,OCORRENCIA,LOCALIZAÇÃO DE VEICULO FURTADO OU ROUBADO,13,1,0,2,1,0,0,1,3,0,3,2,0,23_varjo_1-2-2_agregado.xls,PPV(mensal)2018
Varjão Do Torto,23,2018,4. PRODUTIVIDADE POLICIAL,OCORRENCIA,POSSE/PORTE DE ARMA,9,0,0,4,0,0,2,0,1,0,0,1,1,23_varjo_1-2-2_agregado.xls,PPV(mensal)2018
Varjão Do Torto,23,2018,4. PRODUTIVIDADE POLICIAL,OCORRENCIA,TRÁFICO DE DROGAS,13,2,1,0,2,0,1,2,0,1,0,0,4,23_varjo_1-2-2_agregado.xls,PPV(mensal)2018
Varjão Do Torto,23,2018,4. PRODUTIVIDADE POLICIAL,OCORRENCIA,USO E PORTE DE DROGAS,65,2,5,7,7,4,3,10,5,8,5,1,8,23_varjo_1-2-2_agregado.xls,PPV(mensal)2018
Vicente Pires,30,2014,1. C.V.L.I. - CRIMES VIOLENTOS LETAIS INTENCIONAIS,OCORRENCIA,HOMICÍDIO,9,0,0,1,0,1,3,1,0,1,1,0,1,30_vicentepires_1-1-2_agregado.xls,PPV (mensal)2014
Vicente Pires,30,2014,1. C.V.L.I. - CRIMES VIOLENTOS LETAIS INTENCIONAIS,OCORRENCIA,LATROCÍNIO,1,0,0,0,0,0,0,0,0,0,0,1,0,30_vicentepires_1-1-2_agregado.xls,PPV (mensal)2014
Vicente Pires,30,2014,1. C.V.L.I. - CRIMES VIOLENTOS LETAIS INTENCIONAIS,OCORRENCIA,LESÃO CORPORAL SEG. DE MORTE,0,0,0,0,0,0,0,0,0,0,0,0,0,30_vicentepires_1-1-2_agregado.xls,PPV (mensal)2014
Vicente Pires,30,2014,2. C.C.P. -                                                      CRIMES CONTRA O PATRIMÔNIO,OCORRENCIA,FURTO EM VEÍCULO,360,31,26,32,25,20,33,24,26,30,43,42,28,30_vicentepires_1-1-2_agregado.xls,PPV (mensal)2014
Vicente Pires,30,2014,2. C.C.P. -                                                      CRIMES CONTRA O PATRIMÔNIO,OCORRENCIA,ROUBO A TRANSEUNTE,251,19,17,23,16,29,26,26,24,20,10,17,24,30_vicentepires_1-1-2_agregado.xls,PPV (mensal)2014
Vicente Pires,30,2014,2. C.C.P. -                                                      CRIMES CONTRA O PATRIMÔNIO,OCORRENCIA,ROUBO DE VEÍCULO,107,14,14,14,6,8,13,5,10,5,9,5,4,30_vicentepires_1-1-2_agregado.xls,PPV (mensal)2014
Vicente Pires,30,2014,2. C.C.P. -                                                      CRIMES CONTRA O PATRIMÔNIO,OCORRENCIA,ROUBO EM COLETIVO,14,1,0,0,0,1,1,2,0,2,5,1,1,30_vicentepires_1-1-2_agregado.xls,PPV (mensal)2014
Vicente Pires,30,2014,2. C.C.P. -                                                      CRIMES CONTRA O PATRIMÔNIO,OCORRENCIA,ROUBO EM COMÉRCIO *,33,4,6,3,3,3,4,0,0,3,3,2,2,30_vicentepires_1-1-2_agregado.xls,PPV (mensal)2014
Vicente Pires,30,2014,3. OUTROS CRIMES,OCORRENCIA,ESTUPRO,12,1,1,2,0,1,0,1,2,1,1,2,0,30_vicentepires_1-1-2_agregado.xls,PPV (mensal)2014
Vicente Pires,30,2014,3. OUTROS CRIMES,OCORRENCIA,FURTO A TRANSEUNTE,16,1,1,0,0,0,7,2,2,2,1,0,0,30_vicentepires_1-1-2_agregado.xls,PPV (mensal)2014
Vicente Pires,30,2014,3. OUTROS CRIMES,OCORRENCIA,ROUBO EM RESIDÊNCIA,23,4,3,2,4,0,1,0,0,1,5,1,2,30_vicentepires_1-1-2_agregado.xls,PPV (mensal)2014
Vicente Pires,30,2014,3. OUTROS CRIMES,OCORRENCIA,TENTATIVA DE HOMICÍDIO,21,1,0,3,0,1,4,4,4,0,2,1,1,30_vicentepires_1-1-2_agregado.xls,PPV (mensal)2014
Vicente Pires,30,2014,4. PRODUTIVIDADE POLICIAL,OCORRENCIA,LOCALIZAÇÃO DE VEICULO FURTADO OU ROUBADO,151,10,17,13,13,16,15,14,8,10,15,13,7,30_vicentepires_1-1-2_agregado.xls,PPV (mensal)2014
Vicente Pires,30,2014,4. PRODUTIVIDADE POLICIAL,OCORRENCIA,POSSE/PORTE DE ARMA,9,0,3,0,0,0,1,0,2,0,1,2,0,30_vicentepires_1-1-2_agregado.xls,PPV (mensal)2014
Vicente Pires,30,2014,4. PRODUTIVIDADE POLICIAL,OCORRENCIA,TRÁFICO DE DROGAS,12,1,0,0,1,3,1,1,2,1,1,1,0,30_vicentepires_1-1-2_agregado.xls,PPV (mensal)2014
Vicente Pires,30,2014,4. PRODUTIVIDADE POLICIAL,OCORRENCIA,USO E PORTE DE DROGAS,47,4,2,3,5,3,10,4,3,5,3,4,1,30_vicentepires_1-1-2_agregado.xls,PPV (mensal)2014
Vicente Pires,30,2015,1. C.V.L.I. - CRIMES VIOLENTOS LETAIS INTENCIONAIS,OCORRENCIA,HOMICÍDIO,3,0,1,0,0,1,0,0,0,0,1,0,0,30_vicentepires_1-1-2_agregado.xls,PPV (mensal)2015
Vicente Pires,30,2015,1. C.V.L.I. - CRIMES VIOLENTOS LETAIS INTENCIONAIS,OCORRENCIA,LATROCÍNIO,1,0,0,0,0,0,0,0,0,0,1,0,0,30_vicentepires_1-1-2_agregado.xls,PPV (mensal)2015
Vicente Pires,30,2015,1. C.V.L.I. - CRIMES VIOLENTOS LETAIS INTENCIONAIS,OCORRENCIA,LESÃO CORPORAL SEG. DE MORTE,0,0,0,0,0,0,0,0,0,0,0,0,0,30_vicentepires_1-1-2_agregado.xls,PPV (mensal)2015
Vicente Pires,30,2015,2. C.C.P. -                                                      CRIMES CONTRA O PATRIMÔNIO,OCORRENCIA,FURTO EM VEÍCULO,178,22,18,26,9,17,26,10,7,4,14,13,12,30_vicentepires_1-1-2_agregado.xls,PPV (mensal)2015
Vicente Pires,30,2015,2. C.C.P. -                                                      CRIMES CONTRA O PATRIMÔNIO,OCORRENCIA,ROUBO A TRANSEUNTE,235,24,11,23,16,18,20,23,27,13,23,17,20,30_vicentepires_1-1-2_agregado.xls,PPV (mensal)2015
Vicente Pires,30,2015,2. C.C.P. -                                                      CRIMES CONTRA O PATRIMÔNIO,OCORRENCIA,ROUBO DE VEÍCULO,68,8,4,7,6,9,6,3,5,5,6,3,6,30_vicentepires_1-1-2_agregado.xls,PPV (mensal)2015
Vicente Pires,30,2015,2. C.C.P. -                                                      CRIMES CONTRA O PATRIMÔNIO,OCORRENCIA,ROUBO EM COLETIVO,16,1,0,0,1,0,1,4,3,2,2,2,0,30_vicentepires_1-1-2_agregado.xls,PPV (mensal)2015
Vicente Pires,30,2015,2. C.C.P. -                                                      CRIMES CONTRA O PATRIMÔNIO,OCORRENCIA,ROUBO EM COMÉRCIO *,34,0,3,3,2,5,10,2,1,1,3,3,1,30_vicentepires_1-1-2_agregado.xls,PPV (mensal)2015
Vicente Pires,30,2015,3. OUTROS CRIMES,OCORRENCIA,ESTUPRO,15,2,1,0,4,1,0,1,2,0,1,1,2,30_vicentepires_1-1-2_agregado.xls,PPV (mensal)2015
Vicente Pires,30,2015,3. OUTROS CRIMES,OCORRENCIA,FURTO A TRANSEUNTE,13,1,1,1,0,3,1,4,1,0,0,0,1,30_vicentepires_1-1-2_agregado.xls,PPV (mensal)2015
Vicente Pires,30,2015,3. OUTROS CRIMES,OCORRENCIA,ROUBO EM RESIDÊNCIA,18,1,1,2,2,2,1,0,1,1,2,1,4,30_vicentepires_1-1-2_agregado.xls,PPV (mensal)2015
Vicente Pires,30,2015,3. OUTROS CRIMES,OCORRENCIA,TENTATIVA DE HOMICÍDIO,15,1,1,2,4,1,0,0,0,2,2,0,2,30_vicentepires_1-1-2_agregado.xls,PPV (mensal)2015
Vicente Pires,30,2015,4. PRODUTIVIDADE POLICIAL,OCORRENCIA,LOCALIZAÇÃO DE VEICULO FURTADO OU ROUBADO,171,19,17,25,8,20,13,8,21,6,10,13,11,30_vicentepires_1-1-2_agregado.xls,PPV (mensal)2015
Vicente Pires,30,2015,4. PRODUTIVIDADE POLICIAL,OCORRENCIA,POSSE/PORTE DE ARMA,24,5,1,0,4,2,4,0,0,1,4,1,2,30_vicentepires_1-1-2_agregado.xls,PPV (mensal)2015
Vicente Pires,30,2015,4. PRODUTIVIDADE POLICIAL,OCORRENCIA,TRÁFICO DE DROGAS,12,2,1,0,0,2,4,0,2,0,1,0,0,30_vicentepires_1-1-2_agregado.xls,PPV (mensal)2015
Vicente Pires,30,2015,4. PRODUTIVIDADE POLICIAL,OCORRENCIA,USO E PORTE DE DROGAS,52,4,2,6,2,6,7,4,4,0,3,6,8,30_vicentepires_1-1-2_agregado.xls,PPV (mensal)2015
Vicente Pires,30,2016,1. C.V.L.I. - CRIMES VIOLENTOS LETAIS INTENCIONAIS,OCORRENCIA,HOMICÍDIO,8,0,4,0,0,1,0,0,0,1,0,0,2,30_vicentepires_1-1-2_agregado.xls,PPV(mensal)2016
Vicente Pires,30,2016,1. C.V.L.I. - CRIMES VIOLENTOS LETAIS INTENCIONAIS,OCORRENCIA,LATROCÍNIO,0,0,0,0,0,0,0,0,0,0,0,0,0,30_vicentepires_1-1-2_agregado.xls,PPV(mensal)2016
Vicente Pires,30,2016,1. C.V.L.I. - CRIMES VIOLENTOS LETAIS INTENCIONAIS,OCORRENCIA,LESÃO CORPORAL SEG. DE MORTE,0,0,0,0,0,0,0,0,0,0,0,0,0,30_vicentepires_1-1-2_agregado.xls,PPV(mensal)2016
Vicente Pires,30,2016,2. C.C.P. -                                                      CRIMES CONTRA O PATRIMÔNIO,OCORRENCIA,FURTO EM VEÍCULO,202,12,15,11,21,19,19,22,16,17,20,20,10,30_vicentepires_1-1-2_agregado.xls,PPV(mensal)2016
Vicente Pires,30,2016,2. C.C.P. -                                                      CRIMES CONTRA O PATRIMÔNIO,OCORRENCIA,ROUBO A TRANSEUNTE,306,19,26,37,29,29,39,27,31,16,15,19,19,30_vicentepires_1-1-2_agregado.xls,PPV(mensal)2016
Vicente Pires,30,2016,2. C.C.P. -                                                      CRIMES CONTRA O PATRIMÔNIO,OCORRENCIA,ROUBO DE VEÍCULO,64,6,3,4,6,6,10,6,5,6,6,3,3,30_vicentepires_1-1-2_agregado.xls,PPV(mensal)2016
Vicente Pires,30,2016,2. C.C.P. -                                                      CRIMES CONTRA O PATRIMÔNIO,OCORRENCIA,ROUBO EM COLETIVO,19,2,0,3,0,3,0,1,0,1,2,3,4,30_vicentepires_1-1-2_agregado.xls,PPV(mensal)2016
Vicente Pires,30,2016,2. C.C.P. -                                                      CRIMES CONTRA O PATRIMÔNIO,OCORRENCIA,ROUBO EM COMÉRCIO *,20,3,2,0,2,1,3,3,3,2,0,1,0,30_vicentepires_1-1-2_agregado.xls,PPV(mensal)2016
Vicente Pires,30,2016,2. C.C.P. -                                                      CRIMES CONTRA O PATRIMÔNIO,OCORRENCIA,ROUBO EM RESIDÊNCIA,26,3,2,2,0,1,4,0,1,4,1,3,5,30_vicentepires_1-1-2_agregado.xls,PPV(mensal)2016
Vicente Pires,30,2016,3. OUTROS CRIMES,OCORRENCIA,ESTUPRO,20,1,0,2,1,2,0,3,1,2,6,1,1,30_vicentepires_1-1-2_agregado.xls,PPV(mensal)2016
Vicente Pires,30,2016,3. OUTROS CRIMES,OCORRENCIA,FURTO A TRANSEUNTE,14,1,0,0,0,3,1,3,3,1,1,0,1,30_vicentepires_1-1-2_agregado.xls,PPV(mensal)2016
Vicente Pires,30,2016,3. OUTROS CRIMES,OCORRENCIA,TENTATIVA DE HOMICÍDIO,11,0,2,1,1,0,0,2,0,1,2,1,1,30_vicentepires_1-1-2_agregado.xls,PPV(mensal)2016
Vicente Pires,30,2016,3. OUTROS CRIMES,OCORRENCIA,TENTATIVA DE LATROCÍNIO,2,1,0,0,1,0,0,0,0,0,0,0,0,30_vicentepires_1-1-2_agregado.xls,PPV(mensal)2016
Vicente Pires,30,2016,4. PRODUTIVIDADE POLICIAL,OCORRENCIA,LOCALIZAÇÃO DE VEICULO FURTADO OU ROUBADO,92,12,9,5,7,8,15,10,4,10,1,2,9,30_vicentepires_1-1-2_agregado.xls,PPV(mensal)2016
Vicente Pires,30,2016,4. PRODUTIVIDADE POLICIAL,OCORRENCIA,POSSE/PORTE DE ARMA,17,0,1,2,3,0,3,2,0,3,3,0,0,30_vicentepires_1-1-2_agregado.xls,PPV(mensal)2016
Vicente Pires,30,2016,4. PRODUTIVIDADE POLICIAL,OCORRENCIA,TRÁFICO DE DROGAS,19,1,0,3,3,0,3,3,0,1,0,2,3,30_vicentepires_1-1-2_agregado.xls,PPV(mensal)2016
Vicente Pires,30,2016,4. PRODUTIVIDADE POLICIAL,OCORRENCIA,USO E PORTE DE DROGAS,85,15,6,9,9,7,8,11,0,6,4,3,7,30_vicentepires_1-1-2_agregado.xls,PPV(mensal)2016
Vicente Pires,30,2017,1. C.V.L.I. - CRIMES VIOLENTOS LETAIS INTENCIONAIS,OCORRENCIA,HOMICÍDIO,6,2,0,1,0,0,0,0,2,0,1,0,0,30_vicentepires_1-1-2_agregado.xls,PPV(mensal)2017
Vicente Pires,30,2017,1. C.V.L.I. - CRIMES VIOLENTOS LETAIS INTENCIONAIS,OCORRENCIA,LATROCÍNIO,0,0,0,0,0,0,0,0,0,0,0,0,0,30_vicentepires_1-1-2_agregado.xls,PPV(mensal)2017
Vicente Pires,30,2017,1. C.V.L.I. - CRIMES VIOLENTOS LETAIS INTENCIONAIS,OCORRENCIA,LESÃO CORPORAL SEG. DE MORTE,0,0,0,0,0,0,0,0,0,0,0,0,0,30_vicentepires_1-1-2_agregado.xls,PPV(mensal)2017
Vicente Pires,30,2017,2. C.C.P. -                                                      CRIMES CONTRA O PATRIMÔNIO,OCORRENCIA,FURTO EM VEÍCULO,216,15,17,17,21,18,21,18,18,15,21,19,16,30_vicentepires_1-1-2_agregado.xls,PPV(mensal)2017
Vicente Pires,30,2017,2. C.C.P. -                                                      CRIMES CONTRA O PATRIMÔNIO,OCORRENCIA,ROUBO A TRANSEUNTE,238,13,19,29,21,25,12,14,19,23,27,21,15,30_vicentepires_1-1-2_agregado.xls,PPV(mensal)2017
Vicente Pires,30,2017,2. C.C.P. -                                                      CRIMES CONTRA O PATRIMÔNIO,OCORRENCIA,ROUBO DE VEÍCULO,63,4,4,7,7,7,2,7,9,3,3,3,7,30_vicentepires_1-1-2_agregado.xls,PPV(mensal)2017
Vicente Pires,30,2017,2. C.C.P. -                                                      CRIMES CONTRA O PATRIMÔNIO,OCORRENCIA,ROUBO EM COLETIVO,27,1,5,1,6,3,0,5,1,0,1,3,1,30_vicentepires_1-1-2_agregado.xls,PPV(mensal)2017
Vicente Pires,30,2017,2. C.C.P. -                                                      CRIMES CONTRA O PATRIMÔNIO,OCORRENCIA,ROUBO EM COMÉRCIO *,47,1,2,4,3,3,3,6,4,6,10,4,1,30_vicentepires_1-1-2_agregado.xls,PPV(mensal)2017
Vicente Pires,30,2017,2. C.C.P. -                                                      CRIMES CONTRA O PATRIMÔNIO,OCORRENCIA,ROUBO EM RESIDÊNCIA,6,0,0,1,2,1,2,0,0,0,0,0,0,30_vicentepires_1-1-2_agregado.xls,PPV(mensal)2017
Vicente Pires,30,2017,3. OUTROS CRIMES,OCORRENCIA,ESTUPRO,18,3,0,0,1,2,2,2,1,2,2,2,1,30_vicentepires_1-1-2_agregado.xls,PPV(mensal)2017
Vicente Pires,30,2017,3. OUTROS CRIMES,OCORRENCIA,FURTO A TRANSEUNTE,16,0,0,4,0,0,2,2,1,0,4,0,3,30_vicentepires_1-1-2_agregado.xls,PPV(mensal)2017
Vicente Pires,30,2017,3. OUTROS CRIMES,OCORRENCIA,TENTATIVA DE HOMICÍDIO,10,0,1,1,0,0,0,1,2,0,2,2,1,30_vicentepires_1-1-2_agregado.xls,PPV(mensal)2017
Vicente Pires,30,2017,3. OUTROS CRIMES,OCORRENCIA,TENTATIVA DE LATROCÍNIO,5,0,0,0,2,1,0,0,0,0,1,0,1,30_vicentepires_1-1-2_agregado.xls,PPV(mensal)2017
Vicente Pires,30,2017,4. PRODUTIVIDADE POLICIAL,OCORRENCIA,LOCALIZAÇÃO DE VEICULO FURTADO OU ROUBADO,86,3,6,7,13,8,7,8,10,8,2,5,9,30_vicentepires_1-1-2_agregado.xls,PPV(mensal)2017
Vicente Pires,30,2017,4. PRODUTIVIDADE POLICIAL,OCORRENCIA,POSSE/PORTE DE ARMA,18,1,1,1,1,1,0,1,4,1,2,1,4,30_vicentepires_1-1-2_agregado.xls,PPV(mensal)2017
Vicente Pires,30,2017,4. PRODUTIVIDADE POLICIAL,OCORRENCIA,TRÁFICO DE DROGAS,15,2,2,2,0,3,1,1,1,1,2,0,0,30_vicentepires_1-1-2_agregado.xls,PPV(mensal)2017
Vicente Pires,30,2017,4. PRODUTIVIDADE POLICIAL,OCORRENCIA,USO E PORTE DE DROGAS,75,6,7,4,4,10,10,3,4,5,10,8,4,30_vicentepires_1-1-2_agregado.xls,PPV(mensal)2017
Vicente Pires,30,2018,1. C.V.L.I. - CRIMES VIOLENTOS LETAIS INTENCIONAIS,OCORRENCIA,HOMICÍDIO,4,0,0,0,1,0,0,1,1,0,0,0,1,30_vicentepires_1-1-2_agregado.xls,PPV(mensal)2018
Vicente Pires,30,2018,1. C.V.L.I. - CRIMES VIOLENTOS LETAIS INTENCIONAIS,OCORRENCIA,LATROCÍNIO,3,0,0,0,0,0,1,0,0,1,0,0,1,30_vicentepires_1-1-2_agregado.xls,PPV(mensal)2018
Vicente Pires,30,2018,1. C.V.L.I. - CRIMES VIOLENTOS LETAIS INTENCIONAIS,OCORRENCIA,LESÃO CORPORAL SEG. DE MORTE,0,0,0,0,0,0,0,0,0,0,0,0,0,30_vicentepires_1-1-2_agregado.xls,PPV(mensal)2018
Vicente Pires,30,2018,2. C.C.P. -                                                      CRIMES CONTRA O PATRIMÔNIO,OCORRENCIA,FURTO EM VEÍCULO,159,16,13,16,15,11,18,13,17,13,10,7,10,30_vicentepires_1-1-2_agregado.xls,PPV(mensal)2018
Vicente Pires,30,2018,2. C.C.P. -                                                      CRIMES CONTRA O PATRIMÔNIO,OCORRENCIA,ROUBO A TRANSEUNTE,263,20,13,21,29,27,23,28,28,22,14,21,17,30_vicentepires_1-1-2_agregado.xls,PPV(mensal)2018
Vicente Pires,30,2018,2. C.C.P. -                                                      CRIMES CONTRA O PATRIMÔNIO,OCORRENCIA,ROUBO DE VEÍCULO,50,4,6,5,4,3,3,3,6,4,7,3,2,30_vicentepires_1-1-2_agregado.xls,PPV(mensal)2018
Vicente Pires,30,2018,2. C.C.P. -                                                      CRIMES CONTRA O PATRIMÔNIO,OCORRENCIA,ROUBO EM COLETIVO,13,2,0,2,1,1,0,2,0,0,1,3,1,30_vicentepires_1-1-2_agregado.xls,PPV(mensal)2018
Vicente Pires,30,2018,2. C.C.P. -                                                      CRIMES CONTRA O PATRIMÔNIO,OCORRENCIA,ROUBO EM COMÉRCIO *,16,1,2,0,5,0,1,0,3,2,2,0,0,30_vicentepires_1-1-2_agregado.xls,PPV(mensal)2018
Vicente Pires,30,2018,2. C.C.P. -                                                      CRIMES CONTRA O PATRIMÔNIO,OCORRENCIA,ROUBO EM RESIDÊNCIA,12,1,3,1,1,0,1,1,1,1,2,0,0,30_vicentepires_1-1-2_agregado.xls,PPV(mensal)2018
Vicente Pires,30,2018,3. OUTROS CRIMES,OCORRENCIA,ESTUPRO,21,3,1,1,4,0,1,1,3,2,3,2,0,30_vicentepires_1-1-2_agregado.xls,PPV(mensal)2018
Vicente Pires,30,2018,3. OUTROS CRIMES,OCORRENCIA,FURTO A TRANSEUNTE,20,1,3,1,3,3,1,2,1,3,0,0,2,30_vicentepires_1-1-2_agregado.xls,PPV(mensal)2018
Vicente Pires,30,2018,3. OUTROS CRIMES,OCORRENCIA,TENTATIVA DE HOMICÍDIO,19,2,1,2,0,2,3,1,2,1,3,0,2,30_vicentepires_1-1-2_agregado.xls,PPV(mensal)2018
Vicente Pires,30,2018,3. OUTROS CRIMES,OCORRENCIA,TENTATIVA DE LATROCÍNIO,2,0,0,0,0,0,0,0,0,1,1,0,0,30_vicentepires_1-1-2_agregado.xls,PPV(mensal)2018
Vicente Pires,30,2018,4. PRODUTIVIDADE POLICIAL,OCORRENCIA,LOCALIZAÇÃO DE VEICULO FURTADO OU ROUBADO,76,4,3,7,9,6,6,3,10,6,7,7,8,30_vicentepires_1-1-2_agregado.xls,PPV(mensal)2018
Vicente Pires,30,2018,4. PRODUTIVIDADE POLICIAL,OCORRENCIA,POSSE/PORTE DE ARMA,21,4,0,3,1,0,1,1,3,3,1,3,1,30_vicentepires_1-1-2_agregado.xls,PPV(mensal)2018
Vicente Pires,30,2018,4. PRODUTIVIDADE POLICIAL,OCORRENCIA,TRÁFICO DE DROGAS,22,1,3,2,4,2,5,0,1,0,2,1,1,30_vicentepires_1-1-2_agregado.xls,PPV(mensal)2018
Vicente Pires,30,2018,4. PRODUTIVIDADE POLICIAL,OCORRENCIA,USO E PORTE DE DROGAS,80,0,2,10,10,6,9,5,9,10,7,8,4,30_vicentepires_1-1-2_agregado.xls,PPV(mensal)2018
Vicente Pires,30,2026,1. C.V.L.I. - CRIMES VIOLENTOS LETAIS INTENCIONAIS,OCORRENCIA,HOMICÍDIO,3,2,0,0,0,0,1,0,0,0,0,0,0,30_VICENTE PIRES (4)_2026.xlsx,mensal
Vicente Pires,30,2026,1. C.V.L.I. - CRIMES VIOLENTOS LETAIS INTENCIONAIS,OCORRENCIA,LATROCÍNIO,0,0,0,0,0,0,0,0,0,0,0,0,0,30_VICENTE PIRES (4)_2026.xlsx,mensal
Vicente Pires,30,2026,1. C.V.L.I. - CRIMES VIOLENTOS LETAIS INTENCIONAIS,OCORRENCIA,LESÃO CORPORAL SEG. DE MORTE,0,0,0,0,0,0,0,0,0,0,0,0,0,30_VICENTE PIRES (4)_2026.xlsx,mensal
Vicente Pires,30,2026,2. C.C.P. -                                                      CRIMES CONTRA O PATRIMÔNIO,OCORRENCIA,FURTO EM VEÍCULO,39,1,5,7,5,9,5,3,4,0,0,0,0,30_VICENTE PIRES (4)_2026.xlsx,mensal
Vicente Pires,30,2026,2. C.C.P. -                                                      CRIMES CONTRA O PATRIMÔNIO,OCORRENCIA,ROUBO A TRANSEUNTE,69,9,4,9,10,21,7,5,4,0,0,0,0,30_VICENTE PIRES (4)_2026.xlsx,mensal
Vicente Pires,30,2026,2. C.C.P. -                                                      CRIMES CONTRA O PATRIMÔNIO,OCORRENCIA,ROUBO DE VEÍCULO,5,0,0,1,0,1,0,1,2,0,0,0,0,30_VICENTE PIRES (4)_2026.xlsx,mensal
Vicente Pires,30,2026,2. C.C.P. -                                                      CRIMES CONTRA O PATRIMÔNIO,OCORRENCIA,ROUBO EM COLETIVO,0,0,0,0,0,0,0,0,0,0,0,0,0,30_VICENTE PIRES (4)_2026.xlsx,mensal
Vicente Pires,30,2026,2. C.C.P. -                                                      CRIMES CONTRA O PATRIMÔNIO,OCORRENCIA,ROUBO EM COMÉRCIO *,2,0,0,0,0,2,0,0,0,0,0,0,0,30_VICENTE PIRES (4)_2026.xlsx,mensal
Vicente Pires,30,2026,2. C.C.P. -                                                      CRIMES CONTRA O PATRIMÔNIO,OCORRENCIA,ROUBO EM RESIDÊNCIA,0,0,0,0,0,0,0,0,0,0,0,0,0,30_VICENTE PIRES (4)_2026.xlsx,mensal
Vicente Pires,30,2026,3. OUTROS CRIMES,OCORRENCIA,ESTUPRO,3,0,0,0,1,0,0,0,2,0,0,0,0,30_VICENTE PIRES (4)_2026.xlsx,mensal
Vicente Pires,30,2026,3. OUTROS CRIMES,OCORRENCIA,ESTUPRO DE VULNERÁVEL,8,2,0,1,1,0,2,0,2,0,0,0,0,30_VICENTE PIRES (4)_2026.xlsx,mensal
Vicente Pires,30,2026,3. OUTROS CRIMES,OCORRENCIA,TENTATIVA DE HOMICÍDIO,8,2,1,2,0,2,0,1,0,0,0,0,0,30_VICENTE PIRES (4)_2026.xlsx,mensal
Vicente Pires,30,2026,3. OUTROS CRIMES,OCORRENCIA,TENTATIVA DE LATROCÍNIO,0,0,0,0,0,0,0,0,0,0,0,0,0,30_VICENTE PIRES (4)_2026.xlsx,mensal
Vicente Pires,30,2026,4. PRODUTIVIDADE POLICIAL,OCORRENCIA,LOCALIZAÇÃO DE VEICULO FURTADO OU ROUBADO,33,4,4,6,8,4,5,0,2,0,0,0,0,30_VICENTE PIRES (4)_2026.xlsx,mensal
Vicente Pires,30,2026,4. PRODUTIVIDADE POLICIAL,OCORRENCIA,POSSE/PORTE DE ARMA,12,2,1,3,0,2,2,1,1,0,0,0,0,30_VICENTE PIRES (4)_2026.xlsx,mensal
Vicente Pires,30,2026,4. PRODUTIVIDADE POLICIAL,OCORRENCIA,TRÁFICO DE DROGAS,30,1,6,4,3,3,7,3,3,0,0,0,0,30_VICENTE PIRES (4)_2026.xlsx,mensal
Vicente Pires,30,2026,4. PRODUTIVIDADE POLICIAL,OCORRENCIA,USO E PORTE DE DROGAS,21,2,2,2,2,6,1,4,2,0,0,0,0,30_VICENTE PIRES (4)_2026.xlsx,mensal
Águas Claras,20,2014,1. C.V.L.I. - CRIMES VIOLENTOS LETAIS INTENCIONAIS,OCORRENCIA,HOMICÍDIO,10,1,1,1,0,2,2,0,0,2,1,0,0,20_aguas-claras_1-1-3_agregado.xls,PPV (mensal)2014
Águas Claras,20,2014,1. C.V.L.I. - CRIMES VIOLENTOS LETAIS INTENCIONAIS,OCORRENCIA,LATROCÍNIO,1,1,0,0,0,0,0,0,0,0,0,0,0,20_aguas-claras_1-1-3_agregado.xls,PPV (mensal)2014
Águas Claras,20,2014,1. C.V.L.I. - CRIMES VIOLENTOS LETAIS INTENCIONAIS,OCORRENCIA,LESÃO CORPORAL SEG. DE MORTE,0,0,0,0,0,0,0,0,0,0,0,0,0,20_aguas-claras_1-1-3_agregado.xls,PPV (mensal)2014
Águas Claras,20,2014,2. C.C.P. -                                                      CRIMES CONTRA O PATRIMÔNIO,OCORRENCIA,FURTO EM VEÍCULO,1238,74,84,99,77,96,83,121,120,110,120,111,143,20_aguas-claras_1-1-3_agregado.xls,PPV (mensal)2014
Águas Claras,20,2014,2. C.C.P. -                                                      CRIMES CONTRA O PATRIMÔNIO,OCORRENCIA,ROUBO A TRANSEUNTE,650,65,69,62,67,58,35,29,56,57,62,54,36,20_aguas-claras_1-1-3_agregado.xls,PPV (mensal)2014
Águas Claras,20,2014,2. C.C.P. -                                                      CRIMES CONTRA O PATRIMÔNIO,OCORRENCIA,ROUBO DE VEÍCULO,213,25,21,26,22,17,17,15,15,16,10,14,15,20_aguas-claras_1-1-3_agregado.xls,PPV (mensal)2014
Águas Claras,20,2014,2. C.C.P. -                                                      CRIMES CONTRA O PATRIMÔNIO,OCORRENCIA,ROUBO EM COLETIVO,7,1,1,0,1,1,0,1,0,0,1,0,1,20_aguas-claras_1-1-3_agregado.xls,PPV (mensal)2014
Águas Claras,20,2014,2. C.C.P. -                                                      CRIMES CONTRA O PATRIMÔNIO,OCORRENCIA,ROUBO EM COMÉRCIO *,84,7,11,10,6,7,8,8,8,6,4,3,6,20_aguas-claras_1-1-3_agregado.xls,PPV (mensal)2014
Águas Claras,20,2014,3. OUTROS CRIMES,OCORRENCIA,ESTUPRO,15,0,2,2,0,2,0,1,2,2,4,0,0,20_aguas-claras_1-1-3_agregado.xls,PPV (mensal)2014
Águas Claras,20,2014,3. OUTROS CRIMES,OCORRENCIA,FURTO A TRANSEUNTE,60,2,2,4,3,6,6,5,9,7,3,8,5,20_aguas-claras_1-1-3_agregado.xls,PPV (mensal)2014
Águas Claras,20,2014,3. OUTROS CRIMES,OCORRENCIA,ROUBO EM RESIDÊNCIA,8,0,1,1,0,0,2,0,1,0,0,2,1,20_aguas-claras_1-1-3_agregado.xls,PPV (mensal)2014
Águas Claras,20,2014,3. OUTROS CRIMES,OCORRENCIA,TENTATIVA DE HOMICÍDIO,10,2,1,1,1,2,0,0,0,0,0,3,0,20_aguas-claras_1-1-3_agregado.xls,PPV (mensal)2014
Águas Claras,20,2014,4. PRODUTIVIDADE POLICIAL,OCORRENCIA,LOCALIZAÇÃO DE VEICULO FURTADO OU ROUBADO,274,31,36,25,21,24,19,19,23,20,16,17,23,20_aguas-claras_1-1-3_agregado.xls,PPV (mensal)2014
Águas Claras,20,2014,4. PRODUTIVIDADE POLICIAL,OCORRENCIA,POSSE/PORTE DE ARMA,24,0,1,4,1,3,4,4,0,2,3,1,1,20_aguas-claras_1-1-3_agregado.xls,PPV (mensal)2014
Águas Claras,20,2014,4. PRODUTIVIDADE POLICIAL,OCORRENCIA,TRÁFICO DE DROGAS,50,1,1,6,2,3,4,4,6,6,6,4,7,20_aguas-claras_1-1-3_agregado.xls,PPV (mensal)2014
Águas Claras,20,2014,4. PRODUTIVIDADE POLICIAL,OCORRENCIA,USO E PORTE DE DROGAS,113,5,7,10,4,15,10,13,8,12,8,10,11,20_aguas-claras_1-1-3_agregado.xls,PPV (mensal)2014
Águas Claras,20,2015,1. C.V.L.I. - CRIMES VIOLENTOS LETAIS INTENCIONAIS,OCORRENCIA,HOMICÍDIO,11,2,0,0,0,1,0,2,4,1,0,1,0,20_aguas-claras_1-1-3_agregado.xls,PPV (mensal)2015
Águas Claras,20,2015,1. C.V.L.I. - CRIMES VIOLENTOS LETAIS INTENCIONAIS,OCORRENCIA,LATROCÍNIO,0,0,0,0,0,0,0,0,0,0,0,0,0,20_aguas-claras_1-1-3_agregado.xls,PPV (mensal)2015
Águas Claras,20,2015,1. C.V.L.I. - CRIMES VIOLENTOS LETAIS INTENCIONAIS,OCORRENCIA,LESÃO CORPORAL SEG. DE MORTE,0,0,0,0,0,0,0,0,0,0,0,0,0,20_aguas-claras_1-1-3_agregado.xls,PPV (mensal)2015
Águas Claras,20,2015,2. C.C.P. -                                                      CRIMES CONTRA O PATRIMÔNIO,OCORRENCIA,FURTO EM VEÍCULO,1008,106,77,147,128,169,82,39,58,12,63,51,76,20_aguas-claras_1-1-3_agregado.xls,PPV (mensal)2015
Águas Claras,20,2015,2. C.C.P. -                                                      CRIMES CONTRA O PATRIMÔNIO,OCORRENCIA,ROUBO A TRANSEUNTE,495,49,49,49,41,44,40,31,46,24,55,35,32,20_aguas-claras_1-1-3_agregado.xls,PPV (mensal)2015
Águas Claras,20,2015,2. C.C.P. -                                                      CRIMES CONTRA O PATRIMÔNIO,OCORRENCIA,ROUBO DE VEÍCULO,105,12,10,12,8,8,8,4,7,5,14,8,9,20_aguas-claras_1-1-3_agregado.xls,PPV (mensal)2015
Águas Claras,20,2015,2. C.C.P. -                                                      CRIMES CONTRA O PATRIMÔNIO,OCORRENCIA,ROUBO EM COLETIVO,16,6,0,2,0,0,1,1,0,1,0,1,4,20_aguas-claras_1-1-3_agregado.xls,PPV (mensal)2015
Águas Claras,20,2015,2. C.C.P. -                                                      CRIMES CONTRA O PATRIMÔNIO,OCORRENCIA,ROUBO EM COMÉRCIO *,54,11,7,3,5,4,5,3,2,3,4,2,5,20_aguas-claras_1-1-3_agregado.xls,PPV (mensal)2015
Águas Claras,20,2015,3. OUTROS CRIMES,OCORRENCIA,ESTUPRO,18,0,3,0,1,2,2,3,1,2,0,1,3,20_aguas-claras_1-1-3_agregado.xls,PPV (mensal)2015
Águas Claras,20,2015,3. OUTROS CRIMES,OCORRENCIA,FURTO A TRANSEUNTE,56,2,4,5,7,6,6,4,6,2,8,4,2,20_aguas-claras_1-1-3_agregado.xls,PPV (mensal)2015
Águas Claras,20,2015,3. OUTROS CRIMES,OCORRENCIA,ROUBO EM RESIDÊNCIA,11,2,2,1,1,0,1,1,0,0,1,2,0,20_aguas-claras_1-1-3_agregado.xls,PPV (mensal)2015
Águas Claras,20,2015,3. OUTROS CRIMES,OCORRENCIA,TENTATIVA DE HOMICÍDIO,14,2,1,1,0,2,2,0,3,1,2,0,0,20_aguas-claras_1-1-3_agregado.xls,PPV (mensal)2015
Águas Claras,20,2015,4. PRODUTIVIDADE POLICIAL,OCORRENCIA,LOCALIZAÇÃO DE VEICULO FURTADO OU ROUBADO,168,16,13,13,14,17,19,16,12,7,16,15,10,20_aguas-claras_1-1-3_agregado.xls,PPV (mensal)2015
Águas Claras,20,2015,4. PRODUTIVIDADE POLICIAL,OCORRENCIA,POSSE/PORTE DE ARMA,30,5,5,3,1,2,2,4,2,2,0,0,4,20_aguas-claras_1-1-3_agregado.xls,PPV (mensal)2015
Águas Claras,20,2015,4. PRODUTIVIDADE POLICIAL,OCORRENCIA,TRÁFICO DE DROGAS,75,3,4,10,8,5,4,7,5,6,11,9,3,20_aguas-claras_1-1-3_agregado.xls,PPV (mensal)2015
Águas Claras,20,2015,4. PRODUTIVIDADE POLICIAL,OCORRENCIA,USO E PORTE DE DROGAS,123,4,10,8,9,18,7,10,11,5,18,12,11,20_aguas-claras_1-1-3_agregado.xls,PPV (mensal)2015
Águas Claras,20,2016,1. C.V.L.I. - CRIMES VIOLENTOS LETAIS INTENCIONAIS,OCORRENCIA,HOMICÍDIO,3,0,0,0,1,1,0,0,0,0,0,1,0,20_aguas-claras_1-1-3_agregado.xls,PPV(mensal)2016
Águas Claras,20,2016,1. C.V.L.I. - CRIMES VIOLENTOS LETAIS INTENCIONAIS,OCORRENCIA,LATROCÍNIO,0,0,0,0,0,0,0,0,0,0,0,0,0,20_aguas-claras_1-1-3_agregado.xls,PPV(mensal)2016
Águas Claras,20,2016,1. C.V.L.I. - CRIMES VIOLENTOS LETAIS INTENCIONAIS,OCORRENCIA,LESÃO CORPORAL SEG. DE MORTE,0,0,0,0,0,0,0,0,0,0,0,0,0,20_aguas-claras_1-1-3_agregado.xls,PPV(mensal)2016
Águas Claras,20,2016,2. C.C.P. -                                                      CRIMES CONTRA O PATRIMÔNIO,OCORRENCIA,FURTO EM VEÍCULO,768,60,70,75,97,117,53,57,50,58,39,59,33,20_aguas-claras_1-1-3_agregado.xls,PPV(mensal)2016
Águas Claras,20,2016,2. C.C.P. -                                                      CRIMES CONTRA O PATRIMÔNIO,OCORRENCIA,ROUBO A TRANSEUNTE,544,51,43,48,46,42,44,45,43,59,46,43,34,20_aguas-claras_1-1-3_agregado.xls,PPV(mensal)2016
Águas Claras,20,2016,2. C.C.P. -                                                      CRIMES CONTRA O PATRIMÔNIO,OCORRENCIA,ROUBO DE VEÍCULO,103,12,3,9,5,8,8,8,6,8,14,8,14,20_aguas-claras_1-1-3_agregado.xls,PPV(mensal)2016
Águas Claras,20,2016,2. C.C.P. -                                                      CRIMES CONTRA O PATRIMÔNIO,OCORRENCIA,ROUBO EM COLETIVO,13,0,0,3,0,0,1,0,0,0,0,4,5,20_aguas-claras_1-1-3_agregado.xls,PPV(mensal)2016
Águas Claras,20,2016,2. C.C.P. -                                                      CRIMES CONTRA O PATRIMÔNIO,OCORRENCIA,ROUBO EM COMÉRCIO *,48,2,2,5,9,3,5,3,2,2,5,4,6,20_aguas-claras_1-1-3_agregado.xls,PPV(mensal)2016
Águas Claras,20,2016,2. C.C.P. -                                                      CRIMES CONTRA O PATRIMÔNIO,OCORRENCIA,ROUBO EM RESIDÊNCIA,15,0,1,2,0,2,2,1,0,0,3,1,3,20_aguas-claras_1-1-3_agregado.xls,PPV(mensal)2016
Águas Claras,20,2016,3. OUTROS CRIMES,OCORRENCIA,ESTUPRO,20,0,2,0,2,1,3,1,3,3,1,3,1,20_aguas-claras_1-1-3_agregado.xls,PPV(mensal)2016
Águas Claras,20,2016,3. OUTROS CRIMES,OCORRENCIA,FURTO A TRANSEUNTE,51,5,5,4,0,8,5,7,5,2,3,5,2,20_aguas-claras_1-1-3_agregado.xls,PPV(mensal)2016
Águas Claras,20,2016,3. OUTROS CRIMES,OCORRENCIA,TENTATIVA DE HOMICÍDIO,10,0,1,1,0,0,3,1,0,3,0,0,1,20_aguas-claras_1-1-3_agregado.xls,PPV(mensal)2016
Águas Claras,20,2016,3. OUTROS CRIMES,OCORRENCIA,TENTATIVA DE LATROCÍNIO,2,1,0,0,0,0,0,0,0,1,0,0,0,20_aguas-claras_1-1-3_agregado.xls,PPV(mensal)2016
Águas Claras,20,2016,4. PRODUTIVIDADE POLICIAL,OCORRENCIA,LOCALIZAÇÃO DE VEICULO FURTADO OU ROUBADO,166,19,12,11,9,22,19,11,14,7,10,15,17,20_aguas-claras_1-1-3_agregado.xls,PPV(mensal)2016
Águas Claras,20,2016,4. PRODUTIVIDADE POLICIAL,OCORRENCIA,POSSE/PORTE DE ARMA,16,4,1,2,0,2,1,1,1,1,0,2,1,20_aguas-claras_1-1-3_agregado.xls,PPV(mensal)2016
Águas Claras,20,2016,4. PRODUTIVIDADE POLICIAL,OCORRENCIA,TRÁFICO DE DROGAS,47,2,4,6,4,7,8,6,2,1,2,2,3,20_aguas-claras_1-1-3_agregado.xls,PPV(mensal)2016
Águas Claras,20,2016,4. PRODUTIVIDADE POLICIAL,OCORRENCIA,USO E PORTE DE DROGAS,156,9,16,16,17,18,17,17,11,11,6,11,7,20_aguas-claras_1-1-3_agregado.xls,PPV(mensal)2016
Águas Claras,20,2017,1. C.V.L.I. - CRIMES VIOLENTOS LETAIS INTENCIONAIS,OCORRENCIA,HOMICÍDIO,6,1,0,1,0,0,1,1,1,0,0,0,1,20_aguas-claras_1-1-3_agregado.xls,PPV(mensal)2017
Águas Claras,20,2017,1. C.V.L.I. - CRIMES VIOLENTOS LETAIS INTENCIONAIS,OCORRENCIA,LATROCÍNIO,1,0,0,1,0,0,0,0,0,0,0,0,0,20_aguas-claras_1-1-3_agregado.xls,PPV(mensal)2017
Águas Claras,20,2017,1. C.V.L.I. - CRIMES VIOLENTOS LETAIS INTENCIONAIS,OCORRENCIA,LESÃO CORPORAL SEG. DE MORTE,0,0,0,0,0,0,0,0,0,0,0,0,0,20_aguas-claras_1-1-3_agregado.xls,PPV(mensal)2017
Águas Claras,20,2017,2. C.C.P. -                                                      CRIMES CONTRA O PATRIMÔNIO,OCORRENCIA,FURTO EM VEÍCULO,607,46,36,59,48,63,61,61,48,57,40,50,38,20_aguas-claras_1-1-3_agregado.xls,PPV(mensal)2017
Águas Claras,20,2017,2. C.C.P. -                                                      CRIMES CONTRA O PATRIMÔNIO,OCORRENCIA,ROUBO A TRANSEUNTE,441,38,28,46,37,36,32,33,41,31,48,41,30,20_aguas-claras_1-1-3_agregado.xls,PPV(mensal)2017
Águas Claras,20,2017,2. C.C.P. -                                                      CRIMES CONTRA O PATRIMÔNIO,OCORRENCIA,ROUBO DE VEÍCULO,82,7,13,6,12,6,9,3,3,2,2,9,10,20_aguas-claras_1-1-3_agregado.xls,PPV(mensal)2017
Águas Claras,20,2017,2. C.C.P. -                                                      CRIMES CONTRA O PATRIMÔNIO,OCORRENCIA,ROUBO EM COLETIVO,16,4,0,1,0,1,0,0,2,7,0,1,0,20_aguas-claras_1-1-3_agregado.xls,PPV(mensal)2017
Águas Claras,20,2017,2. C.C.P. -                                                      CRIMES CONTRA O PATRIMÔNIO,OCORRENCIA,ROUBO EM COMÉRCIO *,16,1,0,3,1,2,2,3,2,0,0,2,0,20_aguas-claras_1-1-3_agregado.xls,PPV(mensal)2017
Águas Claras,20,2017,2. C.C.P. -                                                      CRIMES CONTRA O PATRIMÔNIO,OCORRENCIA,ROUBO EM RESIDÊNCIA,17,2,2,0,1,2,1,1,0,1,2,2,3,20_aguas-claras_1-1-3_agregado.xls,PPV(mensal)2017
Águas Claras,20,2017,3. OUTROS CRIMES,OCORRENCIA,ESTUPRO,34,3,2,4,2,3,6,2,2,0,5,2,3,20_aguas-claras_1-1-3_agregado.xls,PPV(mensal)2017
Águas Claras,20,2017,3. OUTROS CRIMES,OCORRENCIA,FURTO A TRANSEUNTE,38,3,1,2,5,4,3,3,1,5,5,2,4,20_aguas-claras_1-1-3_agregado.xls,PPV(mensal)2017
Águas Claras,20,2017,3. OUTROS CRIMES,OCORRENCIA,TENTATIVA DE HOMICÍDIO,8,1,0,0,2,1,1,0,2,1,0,0,0,20_aguas-claras_1-1-3_agregado.xls,PPV(mensal)2017
Águas Claras,20,2017,3. OUTROS CRIMES,OCORRENCIA,TENTATIVA DE LATROCÍNIO,0,0,0,0,0,0,0,0,0,0,0,0,0,20_aguas-claras_1-1-3_agregado.xls,PPV(mensal)2017
Águas Claras,20,2017,4. PRODUTIVIDADE POLICIAL,OCORRENCIA,LOCALIZAÇÃO DE VEICULO FURTADO OU ROUBADO,102,7,9,9,15,6,9,9,8,6,8,4,12,20_aguas-claras_1-1-3_agregado.xls,PPV(mensal)2017
Águas Claras,20,2017,4. PRODUTIVIDADE POLICIAL,OCORRENCIA,POSSE/PORTE DE ARMA,15,0,1,4,1,0,2,2,0,3,0,2,0,20_aguas-claras_1-1-3_agregado.xls,PPV(mensal)2017
Águas Claras,20,2017,4. PRODUTIVIDADE POLICIAL,OCORRENCIA,TRÁFICO DE DROGAS,43,1,1,1,5,6,3,3,3,4,6,5,5,20_aguas-claras_1-1-3_agregado.xls,PPV(mensal)2017
Águas Claras,20,2017,4. PRODUTIVIDADE POLICIAL,OCORRENCIA,USO E PORTE DE DROGAS,205,10,21,13,9,17,15,19,22,28,25,14,12,20_aguas-claras_1-1-3_agregado.xls,PPV(mensal)2017
Águas Claras,20,2018,1. C.V.L.I. - CRIMES VIOLENTOS LETAIS INTENCIONAIS,OCORRENCIA,HOMICÍDIO,7,1,2,0,0,2,0,0,2,0,0,0,0,20_aguas-claras_1-1-3_agregado.xls,PPV(mensal)2018
Águas Claras,20,2018,1. C.V.L.I. - CRIMES VIOLENTOS LETAIS INTENCIONAIS,OCORRENCIA,LATROCÍNIO,0,0,0,0,0,0,0,0,0,0,0,0,0,20_aguas-claras_1-1-3_agregado.xls,PPV(mensal)2018
Águas Claras,20,2018,1. C.V.L.I. - CRIMES VIOLENTOS LETAIS INTENCIONAIS,OCORRENCIA,LESÃO CORPORAL SEG. DE MORTE,0,0,0,0,0,0,0,0,0,0,0,0,0,20_aguas-claras_1-1-3_agregado.xls,PPV(mensal)2018
Águas Claras,20,2018,2. C.C.P. -                                                      CRIMES CONTRA O PATRIMÔNIO,OCORRENCIA,FURTO EM VEÍCULO,611,49,47,54,60,43,53,56,50,46,76,42,35,20_aguas-claras_1-1-3_agregado.xls,PPV(mensal)2018
Águas Claras,20,2018,2. C.C.P. -                                                      CRIMES CONTRA O PATRIMÔNIO,OCORRENCIA,ROUBO A TRANSEUNTE,424,42,30,44,37,33,29,26,45,34,31,41,32,20_aguas-claras_1-1-3_agregado.xls,PPV(mensal)2018
Águas Claras,20,2018,2. C.C.P. -                                                      CRIMES CONTRA O PATRIMÔNIO,OCORRENCIA,ROUBO DE VEÍCULO,48,5,5,3,3,5,4,1,9,3,1,8,1,20_aguas-claras_1-1-3_agregado.xls,PPV(mensal)2018
Águas Claras,20,2018,2. C.C.P. -                                                      CRIMES CONTRA O PATRIMÔNIO,OCORRENCIA,ROUBO EM COLETIVO,11,1,4,1,0,1,0,0,0,0,1,3,0,20_aguas-claras_1-1-3_agregado.xls,PPV(mensal)2018
Águas Claras,20,2018,2. C.C.P. -                                                      CRIMES CONTRA O PATRIMÔNIO,OCORRENCIA,ROUBO EM COMÉRCIO *,25,3,0,5,0,2,1,0,3,7,3,0,1,20_aguas-claras_1-1-3_agregado.xls,PPV(mensal)2018
Águas Claras,20,2018,2. C.C.P. -                                                      CRIMES CONTRA O PATRIMÔNIO,OCORRENCIA,ROUBO EM RESIDÊNCIA,12,2,1,0,2,1,0,1,1,1,0,1,2,20_aguas-claras_1-1-3_agregado.xls,PPV(mensal)2018
Águas Claras,20,2018,3. OUTROS CRIMES,OCORRENCIA,ESTUPRO,24,3,0,0,2,3,0,0,2,4,5,2,3,20_aguas-claras_1-1-3_agregado.xls,PPV(mensal)2018
Águas Claras,20,2018,3. OUTROS CRIMES,OCORRENCIA,FURTO A TRANSEUNTE,35,3,2,3,1,4,3,3,7,1,3,3,2,20_aguas-claras_1-1-3_agregado.xls,PPV(mensal)2018
Águas Claras,20,2018,3. OUTROS CRIMES,OCORRENCIA,TENTATIVA DE HOMICÍDIO,16,1,1,2,1,1,1,0,4,0,1,2,2,20_aguas-claras_1-1-3_agregado.xls,PPV(mensal)2018
Águas Claras,20,2018,3. OUTROS CRIMES,OCORRENCIA,TENTATIVA DE LATROCÍNIO,2,0,0,0,0,0,0,1,0,0,0,1,0,20_aguas-claras_1-1-3_agregado.xls,PPV(mensal)2018
Águas Claras,20,2018,4. PRODUTIVIDADE POLICIAL,OCORRENCIA,LOCALIZAÇÃO DE VEICULO FURTADO OU ROUBADO,90,10,4,5,10,9,6,8,10,7,7,7,7,20_aguas-claras_1-1-3_agregado.xls,PPV(mensal)2018
Águas Claras,20,2018,4. PRODUTIVIDADE POLICIAL,OCORRENCIA,POSSE/PORTE DE ARMA,19,1,2,2,1,3,2,1,1,1,0,3,2,20_aguas-claras_1-1-3_agregado.xls,PPV(mensal)2018
Águas Claras,20,2018,4. PRODUTIVIDADE POLICIAL,OCORRENCIA,TRÁFICO DE DROGAS,52,6,4,4,5,5,5,4,5,4,0,3,7,20_aguas-claras_1-1-3_agregado.xls,PPV(mensal)2018
Águas Claras,20,2018,4. PRODUTIVIDADE POLICIAL,OCORRENCIA,USO E PORTE DE DROGAS,180,14,13,9,21,11,21,12,19,24,8,9,19,20_aguas-claras_1-1-3_agregado.xls,PPV(mensal)2018
Águas Claras,20,2026,1. C.V.L.I. - CRIMES VIOLENTOS LETAIS INTENCIONAIS,OCORRENCIA,HOMICÍDIO,3,1,0,0,0,1,1,0,0,0,0,0,0,20_AGUAS CLARAS (4)_2026.xlsx,mensal
Águas Claras,20,2026,1. C.V.L.I. - CRIMES VIOLENTOS LETAIS INTENCIONAIS,OCORRENCIA,LATROCÍNIO,0,0,0,0,0,0,0,0,0,0,0,0,0,20_AGUAS CLARAS (4)_2026.xlsx,mensal
Águas Claras,20,2026,1. C.V.L.I. - CRIMES VIOLENTOS LETAIS INTENCIONAIS,OCORRENCIA,LESÃO CORPORAL SEG. DE MORTE,0,0,0,0,0,0,0,0,0,0,0,0,0,20_AGUAS CLARAS (4)_2026.xlsx,mensal
Águas Claras,20,2026,2. C.C.P. -                                                      CRIMES CONTRA O PATRIMÔNIO,OCORRENCIA,FURTO EM VEÍCULO,102,22,8,17,16,11,7,9,12,0,0,0,0,20_AGUAS CLARAS (4)_2026.xlsx,mensal
Águas Claras,20,2026,2. C.C.P. -                                                      CRIMES CONTRA O PATRIMÔNIO,OCORRENCIA,ROUBO A TRANSEUNTE,61,9,5,9,14,6,9,4,5,0,0,0,0,20_AGUAS CLARAS (4)_2026.xlsx,mensal
Águas Claras,20,2026,2. C.C.P. -                                                      CRIMES CONTRA O PATRIMÔNIO,OCORRENCIA,ROUBO DE VEÍCULO,0,0,0,0,0,0,0,0,0,0,0,0,0,20_AGUAS CLARAS (4)_2026.xlsx,mensal
Águas Claras,20,2026,2. C.C.P. -                                                      CRIMES CONTRA O PATRIMÔNIO,OCORRENCIA,ROUBO EM COLETIVO,0,0,0,0,0,0,0,0,0,0,0,0,0,20_AGUAS CLARAS (4)_2026.xlsx,mensal
Águas Claras,20,2026,2. C.C.P. -                                                      CRIMES CONTRA O PATRIMÔNIO,OCORRENCIA,ROUBO EM COMÉRCIO *,1,1,0,0,0,0,0,0,0,0,0,0,0,20_AGUAS CLARAS (4)_2026.xlsx,mensal
Águas Claras,20,2026,2. C.C.P. -                                                      CRIMES CONTRA O PATRIMÔNIO,OCORRENCIA,ROUBO EM RESIDÊNCIA,0,0,0,0,0,0,0,0,0,0,0,0,0,20_AGUAS CLARAS (4)_2026.xlsx,mensal
Águas Claras,20,2026,3. OUTROS CRIMES,OCORRENCIA,ESTUPRO,7,0,2,2,0,0,0,1,2,0,0,0,0,20_AGUAS CLARAS (4)_2026.xlsx,mensal
Águas Claras,20,2026,3. OUTROS CRIMES,OCORRENCIA,ESTUPRO DE VULNERÁVEL,9,1,1,2,1,0,2,1,1,0,0,0,0,20_AGUAS CLARAS (4)_2026.xlsx,mensal
Águas Claras,20,2026,3. OUTROS CRIMES,OCORRENCIA,TENTATIVA DE HOMICÍDIO,5,1,0,1,1,1,0,0,1,0,0,0,0,20_AGUAS CLARAS (4)_2026.xlsx,mensal
Águas Claras,20,2026,3. OUTROS CRIMES,OCORRENCIA,TENTATIVA DE LATROCÍNIO,0,0,0,0,0,0,0,0,0,0,0,0,0,20_AGUAS CLARAS (4)_2026.xlsx,mensal
Águas Claras,20,2026,4. PRODUTIVIDADE POLICIAL,OCORRENCIA,LOCALIZAÇÃO DE VEICULO FURTADO OU ROUBADO,23,4,1,2,2,4,1,3,6,0,0,0,0,20_AGUAS CLARAS (4)_2026.xlsx,mensal
Águas Claras,20,2026,4. PRODUTIVIDADE POLICIAL,OCORRENCIA,POSSE/PORTE DE ARMA,1,0,0,0,1,0,0,0,0,0,0,0,0,20_AGUAS CLARAS (4)_2026.xlsx,mensal
Águas Claras,20,2026,4. PRODUTIVIDADE POLICIAL,OCORRENCIA,TRÁFICO DE DROGAS,28,4,4,5,6,4,1,2,2,0,0,0,0,20_AGUAS CLARAS (4)_2026.xlsx,mensal
Águas Claras,20,2026,4. PRODUTIVIDADE POLICIAL,OCORRENCIA,USO E PORTE DE DROGAS,18,1,2,3,4,3,0,2,3,0,0,0,0,20_AGUAS CLARAS (4)_2026.xlsx,mensal
