id,regiao_administrativa,natureza_crime,data,ano,mes,hora,periodo_dia,latitude,longitude,logradouro_detalhe,peso_severidade
DF-2023-00001,Águas Claras,Roubo de Veículo,2023-06-21,2023,6,02:47,Madrugada,-15.845122,-48.028106,Quadra 162 - Águas Claras,7
DF-2022-00002,Guará,Furto a Transeunte,2022-04-30,2022,4,23:07,Noite,-15.809493,-47.990753,Quadra 100 - Guará,3
DF-2023-00003,Ceilândia,Furto a Transeunte,2023-12-14,2023,12,13:42,Tarde,-15.847959,-48.108106,Quadra 109 - Ceilândia,3
DF-2022-00004,Águas Claras,Roubo a Transeunte,2022-09-28,2022,9,16:08,Tarde,-15.86201,-48.033708,Quadra 218 - Águas Claras,6
DF-2022-00005,Planaltina,Roubo em Coletivo,2022-01-20,2022,1,18:05,Noite,-15.621873,-47.668673,Quadra 796 - Planaltina,6
DF-2022-00006,Plano Piloto,Roubo a Transeunte,2022-02-04,2022,2,20:15,Noite,-15.789763,-47.856259,Quadra 719 - Plano Piloto,6
DF-2024-00007,Plano Piloto,Roubo a Transeunte,2024-07-14,2024,7,02:41,Madrugada,-15.78569,-47.867416,Quadra 782 - Plano Piloto,6
DF-2022-00008,Samambaia,Furto a Transeunte,2022-12-01,2022,12,23:16,Noite,-15.882754,-48.077656,Quadra 511 - Samambaia,3
DF-2024-00009,Guará,Roubo a Comércio,2024-12-10,2024,12,23:22,Noite,-15.816988,-47.980702,Quadra 291 - Guará,6
DF-2023-00010,Ceilândia,Roubo a Comércio,2023-09-20,2023,9,19:41,Noite,-15.809997,-48.127924,Quadra 334 - Ceilândia,6
DF-2023-00011,Taguatinga,Roubo de Veículo,2023-11-23,2023,11,07:05,Manhã,-15.849285,-48.080187,Quadra 705 - Taguatinga,7
DF-2023-00012,Recanto das Emas,Roubo em Coletivo,2023-10-15,2023,10,19:20,Noite,-15.916406,-48.083354,Quadra 668 - Recanto das Emas,6
DF-2023-00013,Samambaia,Furto de Veículo,2023-01-30,2023,1,19:36,Noite,-15.867194,-48.067469,Quadra 148 - Samambaia,4
DF-2022-00014,Taguatinga,Roubo a Transeunte,2022-02-27,2022,2,21:50,Noite,-15.821579,-48.045253,Quadra 429 - Taguatinga,6
DF-2022-00015,Gama,Roubo de Veículo,2022-10-25,2022,10,16:45,Tarde,-16.03015,-48.045953,Quadra 387 - Gama,7
DF-2022-00016,Ceilândia,Roubo de Veículo,2022-09-30,2022,9,13:24,Tarde,-15.837044,-48.112913,Quadra 279 - Ceilândia,7
DF-2024-00017,São Sebastião,Roubo de Veículo,2024-06-04,2024,6,09:23,Manhã,-15.89346,-47.749693,Quadra 580 - São Sebastião,7
DF-2024-00018,Plano Piloto,Furto de Veículo,2024-04-15,2024,4,17:02,Tarde,-15.804796,-47.847947,Quadra 142 - Plano Piloto,4
DF-2022-00019,Ceilândia,Roubo a Transeunte,2022-01-14,2022,1,18:52,Noite,-15.817888,-48.114186,Quadra 632 - Ceilândia,6
DF-2022-00020,Ceilândia,Roubo de Veículo,2022-11-24,2022,11,22:49,Noite,-15.808197,-48.109131,Quadra 336 - Ceilândia,7
DF-2024-00021,Planaltina,Tráfico de Drogas,2024-02-14,2024,2,09:41,Manhã,-15.617915,-47.634666,Quadra 637 - Planaltina,5
DF-2024-00022,Ceilândia,Roubo de Veículo,2024-09-28,2024,9,00:37,Madrugada,-15.80438,-48.117597,Quadra 676 - Ceilândia,7
DF-2024-00023,Águas Claras,Roubo a Comércio,2024-04-02,2024,4,11:15,Manhã,-15.819672,-48.052442,Quadra 771 - Águas Claras,6
DF-2023-00024,Ceilândia,Roubo a Transeunte,2023-01-08,2023,1,18:30,Noite,-15.814772,-48.108083,Quadra 364 - Ceilândia,6
DF-2024-00025,Vicente Pires,Roubo a Transeunte,2024-10-14,2024,10,20:12,Noite,-15.792412,-48.011752,Quadra 627 - Vicente Pires,6
DF-2024-00026,Ceilândia,Roubo a Transeunte,2024-06-01,2024,6,12:44,Tarde,-15.825182,-48.128143,Quadra 789 - Ceilândia,6
DF-2024-00027,Samambaia,Furto a Transeunte,2024-03-29,2024,3,01:52,Madrugada,-15.840852,-48.070732,Quadra 235 - Samambaia,3
DF-2022-00028,Taguatinga,Roubo a Transeunte,2022-11-30,2022,11,12:00,Tarde,-15.816744,-48.076229,Quadra 272 - Taguatinga,6
DF-2022-00029,Taguatinga,Roubo a Transeunte,2022-11-10,2022,11,13:09,Tarde,-15.859219,-48.035018,Quadra 275 - Taguatinga,6
DF-2024-00030,Águas Claras,Roubo de Veículo,2024-06-09,2024,6,16:59,Tarde,-15.836781,-48.009113,Quadra 151 - Águas Claras,7
DF-2023-00031,Guará,Roubo de Veículo,2023-06-08,2023,6,23:14,Noite,-15.819837,-47.951146,Quadra 339 - Guará,7
DF-2022-00032,Plano Piloto,Roubo de Veículo,2022-10-21,2022,10,07:31,Manhã,-15.796299,-47.852151,Quadra 314 - Plano Piloto,7
DF-2024-00033,Plano Piloto,Violência Doméstica,2024-07-24,2024,7,17:47,Tarde,-15.787551,-47.882749,Quadra 481 - Plano Piloto,8
DF-2023-00034,Sobradinho,Roubo em Coletivo,2023-09-20,2023,9,16:08,Tarde,-15.647678,-47.78394,Quadra 772 - Sobradinho,6
DF-2022-00035,Samambaia,Roubo em Coletivo,2022-02-25,2022,2,19:54,Noite,-15.867224,-48.094272,Quadra 547 - Samambaia,6
DF-2023-00036,Guará,Roubo em Coletivo,2023-02-15,2023,2,13:28,Tarde,-15.807341,-47.986277,Quadra 425 - Guará,6
DF-2022-00037,Planaltina,Roubo de Veículo,2022-05-31,2022,5,22:48,Noite,-15.622097,-47.648112,Quadra 402 - Planaltina,7
DF-2022-00038,Ceilândia,Roubo a Transeunte,2022-05-23,2022,5,17:06,Tarde,-15.833096,-48.129567,Quadra 306 - Ceilândia,6
DF-2022-00039,Ceilândia,Roubo de Veículo,2022-07-05,2022,7,18:08,Noite,-15.818059,-48.100493,Quadra 452 - Ceilândia,7
DF-2024-00040,Ceilândia,Tráfico de Drogas,2024-09-01,2024,9,13:53,Tarde,-15.831749,-48.102909,Quadra 772 - Ceilândia,5
DF-2024-00041,Ceilândia,Roubo em Coletivo,2024-10-28,2024,10,11:25,Manhã,-15.84373,-48.111465,Quadra 561 - Ceilândia,6
DF-2024-00042,Plano Piloto,Roubo a Transeunte,2024-02-05,2024,2,02:24,Madrugada,-15.791629,-47.86004,Quadra 317 - Plano Piloto,6
DF-2024-00043,Ceilândia,Roubo a Transeunte,2024-05-02,2024,5,22:25,Noite,-15.821297,-48.092103,Quadra 189 - Ceilândia,6
DF-2023-00044,Guará,Roubo a Transeunte,2023-08-01,2023,8,06:37,Manhã,-15.801018,-47.968966,Quadra 748 - Guará,6
DF-2022-00045,Ceilândia,Violência Doméstica,2022-01-16,2022,1,06:21,Manhã,-15.805556,-48.122489,Quadra 714 - Ceilândia,8
DF-2024-00046,Gama,Roubo a Transeunte,2024-02-15,2024,2,08:29,Manhã,-16.020336,-48.055157,Quadra 109 - Gama,6
DF-2023-00047,Plano Piloto,Roubo de Veículo,2023-04-05,2023,4,21:35,Noite,-15.801313,-47.880947,Quadra 332 - Plano Piloto,7
DF-2023-00048,Santa Maria,Latrocínio,2023-01-26,2023,1,15:39,Tarde,-16.010926,-47.99496,Quadra 280 - Santa Maria,10
DF-2023-00049,Samambaia,Roubo a Transeunte,2023-02-07,2023,2,23:59,Noite,-15.879491,-48.065748,Quadra 223 - Samambaia,6
DF-2022-00050,Ceilândia,Violência Doméstica,2022-04-06,2022,4,00:42,Madrugada,-15.823157,-48.094673,Quadra 632 - Ceilândia,8
DF-2024-00051,Águas Claras,Violência Doméstica,2024-11-15,2024,11,17:02,Tarde,-15.834052,-48.033939,Quadra 512 - Águas Claras,8
DF-2023-00052,Planaltina,Violência Doméstica,2023-03-06,2023,3,19:12,Noite,-15.647706,-47.658191,Quadra 530 - Planaltina,8
DF-2023-00053,Ceilândia,Roubo em Coletivo,2023-07-31,2023,7,18:06,Noite,-15.817065,-48.109462,Quadra 464 - Ceilândia,6
DF-2023-00054,Santa Maria,Roubo em Coletivo,2023-07-21,2023,7,09:01,Manhã,-16.020593,-47.988957,Quadra 607 - Santa Maria,6
DF-2022-00055,Ceilândia,Roubo a Transeunte,2022-03-03,2022,3,14:17,Tarde,-15.805571,-48.13756,Quadra 259 - Ceilândia,6
DF-2022-00056,São Sebastião,Roubo a Transeunte,2022-02-02,2022,2,22:33,Noite,-15.934695,-47.797506,Quadra 465 - São Sebastião,6
DF-2022-00057,Plano Piloto,Roubo a Transeunte,2022-12-21,2022,12,14:28,Tarde,-15.794855,-47.878023,Quadra 797 - Plano Piloto,6
DF-2023-00058,Plano Piloto,Roubo de Veículo,2023-02-22,2023,2,16:20,Tarde,-15.802265,-47.898267,Quadra 445 - Plano Piloto,7
DF-2023-00059,Santa Maria,Roubo em Coletivo,2023-09-14,2023,9,09:21,Manhã,-15.999962,-47.962779,Quadra 797 - Santa Maria,6
DF-2022-00060,Santa Maria,Furto a Transeunte,2022-06-08,2022,6,14:56,Tarde,-16.012057,-47.966854,Quadra 495 - Santa Maria,3
DF-2024-00061,Samambaia,Violência Doméstica,2024-12-13,2024,12,23:29,Noite,-15.888933,-48.078284,Quadra 110 - Samambaia,8
DF-2024-00062,Plano Piloto,Roubo a Transeunte,2024-10-07,2024,10,05:21,Madrugada,-15.793464,-47.891471,Quadra 499 - Plano Piloto,6
DF-2024-00063,Samambaia,Roubo a Transeunte,2024-10-16,2024,10,14:17,Tarde,-15.874258,-48.05783,Quadra 677 - Samambaia,6
DF-2023-00064,Ceilândia,Violência Doméstica,2023-06-28,2023,6,21:58,Noite,-15.78939,-48.117502,Quadra 660 - Ceilândia,8
DF-2024-00065,Samambaia,Tráfico de Drogas,2024-01-30,2024,1,11:27,Manhã,-15.863765,-48.08631,Quadra 153 - Samambaia,5
DF-2023-00066,Samambaia,Furto de Veículo,2023-01-28,2023,1,07:23,Manhã,-15.852813,-48.084073,Quadra 677 - Samambaia,4
DF-2023-00067,Samambaia,Roubo a Transeunte,2023-09-11,2023,9,12:29,Tarde,-15.865072,-48.091535,Quadra 561 - Samambaia,6
DF-2023-00068,Taguatinga,Roubo a Comércio,2023-08-29,2023,8,03:44,Madrugada,-15.850688,-48.04899,Quadra 245 - Taguatinga,6
DF-2024-00069,Samambaia,Roubo a Transeunte,2024-01-20,2024,1,16:33,Tarde,-15.853128,-48.118725,Quadra 200 - Samambaia,6
DF-2023-00070,Ceilândia,Roubo a Transeunte,2023-06-24,2023,6,16:37,Tarde,-15.801089,-48.123934,Quadra 227 - Ceilândia,6
DF-2022-00071,Samambaia,Violência Doméstica,2022-02-22,2022,2,21:29,Noite,-15.86913,-48.091249,Quadra 619 - Samambaia,8
DF-2024-00072,Gama,Roubo a Transeunte,2024-06-16,2024,6,20:56,Noite,-16.006847,-48.063972,Quadra 369 - Gama,6
DF-2023-00073,Ceilândia,Roubo em Coletivo,2023-07-18,2023,7,20:25,Noite,-15.802836,-48.109186,Quadra 762 - Ceilândia,6
DF-2023-00074,Plano Piloto,Roubo a Transeunte,2023-03-09,2023,3,13:27,Tarde,-15.792443,-47.869802,Quadra 400 - Plano Piloto,6
DF-2022-00075,Plano Piloto,Tráfico de Drogas,2022-12-01,2022,12,02:22,Madrugada,-15.788005,-47.877717,Quadra 645 - Plano Piloto,5
DF-2022-00076,São Sebastião,Furto de Veículo,2022-01-14,2022,1,03:16,Madrugada,-15.918712,-47.760398,Quadra 177 - São Sebastião,4
DF-2022-00077,Ceilândia,Tráfico de Drogas,2022-03-08,2022,3,19:38,Noite,-15.824434,-48.118358,Quadra 620 - Ceilândia,5
DF-2023-00078,Guará,Violência Doméstica,2023-04-23,2023,4,10:09,Manhã,-15.833172,-47.979738,Quadra 565 - Guará,8
DF-2024-00079,Águas Claras,Roubo de Veículo,2024-07-14,2024,7,18:02,Noite,-15.842609,-48.029764,Quadra 796 - Águas Claras,7
DF-2022-00080,Samambaia,Tráfico de Drogas,2022-06-19,2022,6,23:52,Noite,-15.882359,-48.07305,Quadra 766 - Samambaia,5
DF-2023-00081,Planaltina,Roubo a Transeunte,2023-04-20,2023,4,23:10,Noite,-15.63181,-47.659285,Quadra 361 - Planaltina,6
DF-2024-00082,Planaltina,Tráfico de Drogas,2024-12-06,2024,12,14:51,Tarde,-15.616595,-47.648306,Quadra 660 - Planaltina,5
DF-2022-00083,Recanto das Emas,Roubo a Transeunte,2022-02-14,2022,2,11:08,Manhã,-15.904538,-48.084723,Quadra 749 - Recanto das Emas,6
DF-2023-00084,Águas Claras,Roubo de Veículo,2023-02-25,2023,2,01:13,Madrugada,-15.857103,-47.993126,Quadra 633 - Águas Claras,7
DF-2024-00085,Ceilândia,Roubo a Transeunte,2024-08-15,2024,8,20:46,Noite,-15.809903,-48.086102,Quadra 484 - Ceilândia,6
DF-2023-00086,Samambaia,Roubo a Transeunte,2023-05-20,2023,5,12:47,Tarde,-15.864482,-48.072184,Quadra 469 - Samambaia,6
DF-2022-00087,Gama,Roubo em Coletivo,2022-07-27,2022,7,08:58,Manhã,-16.020882,-48.052009,Quadra 360 - Gama,6
DF-2023-00088,Taguatinga,Roubo em Coletivo,2023-01-28,2023,1,06:50,Manhã,-15.837292,-48.053066,Quadra 294 - Taguatinga,6
DF-2022-00089,Ceilândia,Roubo em Coletivo,2022-01-04,2022,1,10:05,Manhã,-15.806268,-48.100439,Quadra 615 - Ceilândia,6
DF-2024-00090,Recanto das Emas,Roubo em Coletivo,2024-10-05,2024,10,09:31,Manhã,-15.904359,-48.05912,Quadra 474 - Recanto das Emas,6
DF-2023-00091,Gama,Tráfico de Drogas,2023-07-30,2023,7,03:17,Madrugada,-16.044175,-48.060766,Quadra 400 - Gama,5
DF-2022-00092,Taguatinga,Roubo em Coletivo,2022-07-19,2022,7,17:28,Tarde,-15.837953,-48.050547,Quadra 269 - Taguatinga,6
DF-2023-00093,Plano Piloto,Furto a Transeunte,2023-12-21,2023,12,21:22,Noite,-15.787668,-47.865797,Quadra 449 - Plano Piloto,3
DF-2023-00094,Ceilândia,Roubo de Veículo,2023-04-21,2023,4,14:27,Tarde,-15.835722,-48.131318,Quadra 160 - Ceilândia,7
DF-2022-00095,Gama,Roubo a Comércio,2022-03-11,2022,3,12:18,Tarde,-16.02052,-48.057948,Quadra 576 - Gama,6
DF-2022-00096,Ceilândia,Roubo a Transeunte,2022-04-06,2022,4,21:01,Noite,-15.803598,-48.106506,Quadra 614 - Ceilândia,6
DF-2024-00097,Plano Piloto,Roubo a Transeunte,2024-01-20,2024,1,21:29,Noite,-15.794105,-47.872237,Quadra 252 - Plano Piloto,6
DF-2022-00098,Ceilândia,Roubo a Transeunte,2022-11-27,2022,11,13:24,Tarde,-15.829871,-48.117337,Quadra 549 - Ceilândia,6
DF-2022-00099,Guará,Roubo a Transeunte,2022-04-03,2022,4,17:34,Tarde,-15.811729,-47.985088,Quadra 503 - Guará,6
DF-2022-00100,Planaltina,Roubo a Transeunte,2022-12-06,2022,12,23:48,Noite,-15.636227,-47.649358,Quadra 124 - Planaltina,6
DF-2022-00101,Recanto das Emas,Roubo de Veículo,2022-01-15,2022,1,08:17,Manhã,-15.919915,-48.074725,Quadra 722 - Recanto das Emas,7
DF-2024-00102,Gama,Furto de Veículo,2024-09-04,2024,9,23:34,Noite,-16.017394,-48.079542,Quadra 625 - Gama,4
DF-2023-00103,Planaltina,Roubo a Transeunte,2023-02-20,2023,2,12:28,Tarde,-15.637967,-47.651361,Quadra 250 - Planaltina,6
DF-2023-00104,Samambaia,Violência Doméstica,2023-07-21,2023,7,15:03,Tarde,-15.874095,-48.078472,Quadra 456 - Samambaia,8
DF-2024-00105,Planaltina,Roubo a Transeunte,2024-06-28,2024,6,13:33,Tarde,-15.630178,-47.635357,Quadra 333 - Planaltina,6
DF-2023-00106,Plano Piloto,Furto de Veículo,2023-01-03,2023,1,03:30,Madrugada,-15.803774,-47.912167,Quadra 311 - Plano Piloto,4
DF-2023-00107,Plano Piloto,Furto de Veículo,2023-09-29,2023,9,22:23,Noite,-15.809463,-47.881449,Quadra 428 - Plano Piloto,4
DF-2022-00108,Ceilândia,Roubo de Veículo,2022-03-19,2022,3,08:32,Manhã,-15.825055,-48.124846,Quadra 159 - Ceilândia,7
DF-2023-00109,Planaltina,Roubo a Comércio,2023-06-18,2023,6,15:49,Tarde,-15.600794,-47.618412,Quadra 600 - Planaltina,6
DF-2024-00110,Santa Maria,Roubo de Veículo,2024-04-09,2024,4,16:09,Tarde,-16.002014,-48.016269,Quadra 120 - Santa Maria,7
DF-2022-00111,Gama,Roubo em Coletivo,2022-07-30,2022,7,23:30,Noite,-16.03938,-48.073575,Quadra 572 - Gama,6
DF-2022-00112,Ceilândia,Furto a Transeunte,2022-08-17,2022,8,12:31,Tarde,-15.829961,-48.105117,Quadra 246 - Ceilândia,3
DF-2024-00113,Vicente Pires,Violência Doméstica,2024-11-14,2024,11,02:03,Madrugada,-15.804613,-48.016387,Quadra 282 - Vicente Pires,8
DF-2023-00114,Sobradinho,Furto de Veículo,2023-05-05,2023,5,07:30,Manhã,-15.672747,-47.778525,Quadra 380 - Sobradinho,4
DF-2024-00115,Samambaia,Roubo de Veículo,2024-02-29,2024,2,14:42,Tarde,-15.856638,-48.06373,Quadra 745 - Samambaia,7
DF-2022-00116,Guará,Roubo a Transeunte,2022-12-12,2022,12,22:03,Noite,-15.824904,-47.980764,Quadra 440 - Guará,6
DF-2024-00117,Gama,Furto a Transeunte,2024-10-01,2024,10,21:03,Noite,-16.011593,-48.057318,Quadra 581 - Gama,3
DF-2023-00118,Plano Piloto,Tráfico de Drogas,2023-12-13,2023,12,09:52,Manhã,-15.820433,-47.887407,Quadra 326 - Plano Piloto,5
DF-2024-00119,Plano Piloto,Furto de Veículo,2024-05-02,2024,5,21:28,Noite,-15.780222,-47.889407,Quadra 137 - Plano Piloto,4
DF-2024-00120,Ceilândia,Roubo a Comércio,2024-01-11,2024,1,14:15,Tarde,-15.811427,-48.151383,Quadra 429 - Ceilândia,6
DF-2024-00121,Taguatinga,Homicídio Doloso,2024-08-23,2024,8,23:18,Noite,-15.812468,-48.04126,Quadra 642 - Taguatinga,10
DF-2022-00122,Ceilândia,Roubo de Veículo,2022-05-16,2022,5,11:41,Manhã,-15.815045,-48.092092,Quadra 788 - Ceilândia,7
DF-2024-00123,Gama,Roubo a Transeunte,2024-03-27,2024,3,19:12,Noite,-15.993246,-48.072174,Quadra 439 - Gama,6
DF-2023-00124,Águas Claras,Roubo a Transeunte,2023-09-08,2023,9,18:37,Noite,-15.854732,-47.975296,Quadra 140 - Águas Claras,6
DF-2024-00125,Taguatinga,Furto de Veículo,2024-12-10,2024,12,23:49,Noite,-15.858414,-48.057878,Quadra 570 - Taguatinga,4
DF-2022-00126,Ceilândia,Furto a Transeunte,2022-04-21,2022,4,13:43,Tarde,-15.816008,-48.092526,Quadra 647 - Ceilândia,3
DF-2024-00127,Samambaia,Furto de Veículo,2024-04-10,2024,4,07:44,Manhã,-15.869316,-48.093384,Quadra 350 - Samambaia,4
DF-2024-00128,São Sebastião,Roubo em Coletivo,2024-04-04,2024,4,13:23,Tarde,-15.900807,-47.756128,Quadra 766 - São Sebastião,6
DF-2022-00129,Ceilândia,Roubo a Comércio,2022-09-21,2022,9,16:57,Tarde,-15.831085,-48.093905,Quadra 192 - Ceilândia,6
DF-2024-00130,Samambaia,Roubo de Veículo,2024-08-13,2024,8,04:07,Madrugada,-15.893466,-48.076372,Quadra 662 - Samambaia,7
DF-2022-00131,Ceilândia,Roubo a Transeunte,2022-12-14,2022,12,02:38,Madrugada,-15.829175,-48.102531,Quadra 513 - Ceilândia,6
DF-2023-00132,Planaltina,Latrocínio,2023-10-09,2023,10,18:05,Noite,-15.60391,-47.665009,Quadra 322 - Planaltina,10
DF-2024-00133,Águas Claras,Roubo a Transeunte,2024-06-08,2024,6,04:58,Madrugada,-15.843849,-48.048327,Quadra 277 - Águas Claras,6
DF-2023-00134,Samambaia,Furto de Veículo,2023-10-21,2023,10,18:04,Noite,-15.876201,-48.089331,Quadra 588 - Samambaia,4
DF-2024-00135,Gama,Roubo a Transeunte,2024-02-28,2024,2,16:12,Tarde,-16.025531,-48.056152,Quadra 577 - Gama,6
DF-2024-00136,Ceilândia,Roubo a Comércio,2024-05-24,2024,5,12:55,Tarde,-15.817898,-48.105561,Quadra 279 - Ceilândia,6
DF-2022-00137,Taguatinga,Roubo a Transeunte,2022-08-09,2022,8,15:54,Tarde,-15.831207,-48.038996,Quadra 238 - Taguatinga,6
DF-2022-00138,Sobradinho,Roubo a Transeunte,2022-01-04,2022,1,20:16,Noite,-15.646826,-47.774506,Quadra 506 - Sobradinho,6
DF-2022-00139,Gama,Roubo a Transeunte,2022-07-07,2022,7,23:32,Noite,-16.001957,-48.070026,Quadra 606 - Gama,6
DF-2023-00140,Taguatinga,Violência Doméstica,2023-02-17,2023,2,23:10,Noite,-15.860501,-48.058018,Quadra 164 - Taguatinga,8
DF-2023-00141,Samambaia,Roubo a Transeunte,2023-12-24,2023,12,04:03,Madrugada,-15.862767,-48.072776,Quadra 518 - Samambaia,6
DF-2022-00142,Taguatinga,Roubo a Transeunte,2022-12-18,2022,12,18:51,Noite,-15.826456,-48.038566,Quadra 587 - Taguatinga,6
DF-2023-00143,Samambaia,Roubo a Comércio,2023-06-22,2023,6,01:04,Madrugada,-15.875309,-48.104223,Quadra 173 - Samambaia,6
DF-2024-00144,Ceilândia,Homicídio Doloso,2024-01-09,2024,1,19:56,Noite,-15.812305,-48.095308,Quadra 462 - Ceilândia,10
DF-2024-00145,Taguatinga,Roubo a Transeunte,2024-01-12,2024,1,19:13,Noite,-15.82915,-48.06313,Quadra 175 - Taguatinga,6
DF-2024-00146,Guará,Roubo a Transeunte,2024-02-26,2024,2,02:30,Madrugada,-15.842386,-47.952362,Quadra 419 - Guará,6
DF-2023-00147,Águas Claras,Violência Doméstica,2023-12-02,2023,12,21:23,Noite,-15.821794,-47.990065,Quadra 730 - Águas Claras,8
DF-2023-00148,Ceilândia,Violência Doméstica,2023-01-07,2023,1,21:48,Noite,-15.838189,-48.094345,Quadra 209 - Ceilândia,8
DF-2024-00149,Gama,Roubo a Transeunte,2024-08-12,2024,8,20:16,Noite,-16.001772,-48.056342,Quadra 548 - Gama,6
DF-2022-00150,Recanto das Emas,Roubo a Comércio,2022-12-07,2022,12,19:17,Noite,-15.904446,-48.062202,Quadra 779 - Recanto das Emas,6
DF-2022-00151,Guará,Furto a Transeunte,2022-03-05,2022,3,18:20,Noite,-15.817237,-47.974744,Quadra 588 - Guará,3
DF-2024-00152,Samambaia,Roubo em Coletivo,2024-02-10,2024,2,16:22,Tarde,-15.887116,-48.082587,Quadra 224 - Samambaia,6
DF-2023-00153,Ceilândia,Roubo a Transeunte,2023-04-10,2023,4,02:38,Madrugada,-15.838886,-48.115939,Quadra 434 - Ceilândia,6
DF-2022-00154,Ceilândia,Roubo a Transeunte,2022-06-10,2022,6,15:04,Tarde,-15.818962,-48.120183,Quadra 574 - Ceilândia,6
DF-2024-00155,Santa Maria,Tráfico de Drogas,2024-09-24,2024,9,12:18,Tarde,-15.995158,-47.998165,Quadra 766 - Santa Maria,5
DF-2024-00156,Plano Piloto,Roubo de Veículo,2024-06-30,2024,6,18:15,Noite,-15.813346,-47.853438,Quadra 465 - Plano Piloto,7
DF-2022-00157,Recanto das Emas,Roubo a Transeunte,2022-07-09,2022,7,04:00,Madrugada,-15.899348,-48.060709,Quadra 755 - Recanto das Emas,6
DF-2022-00158,Ceilândia,Roubo a Comércio,2022-04-14,2022,4,17:34,Tarde,-15.835148,-48.12877,Quadra 460 - Ceilândia,6
DF-2022-00159,Ceilândia,Roubo a Comércio,2022-09-05,2022,9,15:11,Tarde,-15.825283,-48.098111,Quadra 282 - Ceilândia,6
DF-2022-00160,Samambaia,Homicídio Doloso,2022-10-12,2022,10,22:06,Noite,-15.890731,-48.080957,Quadra 458 - Samambaia,10
DF-2024-00161,Recanto das Emas,Roubo em Coletivo,2024-12-16,2024,12,19:39,Noite,-15.925784,-48.064544,Quadra 705 - Recanto das Emas,6
DF-2023-00162,Taguatinga,Roubo de Veículo,2023-07-05,2023,7,23:46,Noite,-15.826631,-48.086524,Quadra 551 - Taguatinga,7
DF-2024-00163,Taguatinga,Roubo de Veículo,2024-11-09,2024,11,17:10,Tarde,-15.83645,-48.048183,Quadra 788 - Taguatinga,7
DF-2024-00164,Ceilândia,Violência Doméstica,2024-11-18,2024,11,01:03,Madrugada,-15.788365,-48.118141,Quadra 217 - Ceilândia,8
DF-2022-00165,Guará,Roubo a Transeunte,2022-05-02,2022,5,22:53,Noite,-15.819895,-47.981098,Quadra 185 - Guará,6
DF-2024-00166,Plano Piloto,Roubo a Transeunte,2024-01-31,2024,1,11:23,Manhã,-15.795303,-47.908698,Quadra 365 - Plano Piloto,6
DF-2023-00167,Plano Piloto,Roubo a Transeunte,2023-03-27,2023,3,21:35,Noite,-15.777993,-47.875354,Quadra 547 - Plano Piloto,6
DF-2024-00168,Plano Piloto,Roubo de Veículo,2024-06-09,2024,6,07:01,Manhã,-15.773741,-47.874449,Quadra 132 - Plano Piloto,7
DF-2024-00169,Ceilândia,Roubo em Coletivo,2024-08-27,2024,8,00:17,Madrugada,-15.832505,-48.121298,Quadra 200 - Ceilândia,6
DF-2023-00170,Gama,Violência Doméstica,2023-11-09,2023,11,09:59,Manhã,-16.017625,-48.073801,Quadra 184 - Gama,8
DF-2024-00171,Samambaia,Roubo de Veículo,2024-10-11,2024,10,05:31,Madrugada,-15.873312,-48.078469,Quadra 633 - Samambaia,7
DF-2024-00172,Plano Piloto,Roubo de Veículo,2024-09-12,2024,9,06:29,Manhã,-15.788652,-47.882606,Quadra 795 - Plano Piloto,7
DF-2023-00173,Taguatinga,Furto de Veículo,2023-10-07,2023,10,20:46,Noite,-15.834385,-48.036012,Quadra 273 - Taguatinga,4
DF-2022-00174,Taguatinga,Roubo a Transeunte,2022-08-26,2022,8,16:41,Tarde,-15.838281,-48.062525,Quadra 226 - Taguatinga,6
DF-2024-00175,Guará,Violência Doméstica,2024-07-24,2024,7,19:02,Noite,-15.81925,-47.969778,Quadra 260 - Guará,8
DF-2023-00176,Recanto das Emas,Roubo a Transeunte,2023-06-06,2023,6,22:08,Noite,-15.893401,-48.081341,Quadra 626 - Recanto das Emas,6
DF-2024-00177,Gama,Roubo de Veículo,2024-03-10,2024,3,21:08,Noite,-16.017244,-48.060032,Quadra 581 - Gama,7
DF-2022-00178,Taguatinga,Roubo a Transeunte,2022-11-26,2022,11,20:04,Noite,-15.823532,-48.07815,Quadra 476 - Taguatinga,6
DF-2023-00179,Santa Maria,Roubo a Transeunte,2023-08-14,2023,8,16:41,Tarde,-16.027089,-47.994174,Quadra 139 - Santa Maria,6
DF-2022-00180,Ceilândia,Violência Doméstica,2022-11-14,2022,11,11:15,Manhã,-15.80218,-48.118577,Quadra 452 - Ceilândia,8
DF-2024-00181,Ceilândia,Roubo de Veículo,2024-09-21,2024,9,20:43,Noite,-15.847047,-48.137847,Quadra 784 - Ceilândia,7
DF-2024-00182,Planaltina,Roubo a Transeunte,2024-06-04,2024,6,20:31,Noite,-15.615356,-47.674772,Quadra 282 - Planaltina,6
DF-2024-00183,Taguatinga,Roubo a Transeunte,2024-05-16,2024,5,00:03,Madrugada,-15.837903,-48.050632,Quadra 544 - Taguatinga,6
DF-2022-00184,Ceilândia,Homicídio Doloso,2022-03-31,2022,3,07:17,Manhã,-15.825369,-48.110664,Quadra 716 - Ceilândia,10
DF-2023-00185,Samambaia,Tráfico de Drogas,2023-10-12,2023,10,14:03,Tarde,-15.892993,-48.094863,Quadra 355 - Samambaia,5
DF-2024-00186,Santa Maria,Violência Doméstica,2024-07-18,2024,7,11:32,Manhã,-16.001651,-48.009548,Quadra 173 - Santa Maria,8
DF-2024-00187,Taguatinga,Roubo a Transeunte,2024-05-08,2024,5,07:56,Manhã,-15.843182,-48.065642,Quadra 400 - Taguatinga,6
DF-2022-00188,Ceilândia,Roubo a Transeunte,2022-01-16,2022,1,15:31,Tarde,-15.833661,-48.121035,Quadra 263 - Ceilândia,6
DF-2024-00189,Plano Piloto,Roubo a Transeunte,2024-05-10,2024,5,16:37,Tarde,-15.79452,-47.871411,Quadra 384 - Plano Piloto,6
DF-2022-00190,Samambaia,Violência Doméstica,2022-02-26,2022,2,19:33,Noite,-15.86897,-48.088516,Quadra 755 - Samambaia,8
DF-2022-00191,Taguatinga,Roubo a Transeunte,2022-02-13,2022,2,14:34,Tarde,-15.823659,-48.044975,Quadra 767 - Taguatinga,6
DF-2023-00192,Guará,Roubo a Transeunte,2023-01-11,2023,1,04:26,Madrugada,-15.833513,-47.979106,Quadra 359 - Guará,6
DF-2023-00193,Taguatinga,Roubo a Comércio,2023-01-08,2023,1,02:43,Madrugada,-15.831055,-48.077736,Quadra 321 - Taguatinga,6
DF-2023-00194,Ceilândia,Roubo a Transeunte,2023-03-15,2023,3,17:01,Tarde,-15.816033,-48.113568,Quadra 696 - Ceilândia,6
DF-2022-00195,Guará,Roubo de Veículo,2022-11-11,2022,11,21:06,Noite,-15.819626,-47.981413,Quadra 686 - Guará,7
DF-2023-00196,Guará,Violência Doméstica,2023-05-28,2023,5,11:12,Manhã,-15.831189,-47.981373,Quadra 325 - Guará,8
DF-2023-00197,Águas Claras,Furto de Veículo,2023-04-25,2023,4,15:54,Tarde,-15.845233,-48.031079,Quadra 231 - Águas Claras,4
DF-2022-00198,Plano Piloto,Violência Doméstica,2022-12-27,2022,12,22:26,Noite,-15.788325,-47.887295,Quadra 312 - Plano Piloto,8
DF-2024-00199,Guará,Furto a Transeunte,2024-07-30,2024,7,21:33,Noite,-15.847683,-47.973013,Quadra 640 - Guará,3
DF-2023-00200,Ceilândia,Roubo a Transeunte,2023-11-17,2023,11,17:22,Tarde,-15.819368,-48.104834,Quadra 768 - Ceilândia,6
DF-2022-00201,Ceilândia,Roubo de Veículo,2022-03-25,2022,3,01:47,Madrugada,-15.834879,-48.082356,Quadra 281 - Ceilândia,7
DF-2024-00202,Guará,Roubo a Comércio,2024-04-29,2024,4,23:20,Noite,-15.812109,-47.967901,Quadra 190 - Guará,6
DF-2022-00203,Plano Piloto,Roubo a Transeunte,2022-09-08,2022,9,19:27,Noite,-15.791715,-47.870748,Quadra 426 - Plano Piloto,6
DF-2022-00204,Ceilândia,Tráfico de Drogas,2022-11-30,2022,11,22:45,Noite,-15.800042,-48.132119,Quadra 495 - Ceilândia,5
DF-2023-00205,Ceilândia,Roubo a Transeunte,2023-02-28,2023,2,21:58,Noite,-15.803843,-48.108435,Quadra 477 - Ceilândia,6
DF-2024-00206,Guará,Roubo a Transeunte,2024-07-25,2024,7,14:57,Tarde,-15.81564,-47.97428,Quadra 761 - Guará,6
DF-2024-00207,Taguatinga,Violência Doméstica,2024-02-24,2024,2,11:47,Manhã,-15.814908,-48.065811,Quadra 209 - Taguatinga,8
DF-2022-00208,Recanto das Emas,Roubo de Veículo,2022-06-20,2022,6,08:49,Manhã,-15.899843,-48.062403,Quadra 491 - Recanto das Emas,7
DF-2024-00209,Taguatinga,Violência Doméstica,2024-09-13,2024,9,18:04,Noite,-15.853872,-48.057906,Quadra 717 - Taguatinga,8
DF-2024-00210,Guará,Roubo em Coletivo,2024-07-27,2024,7,03:55,Madrugada,-15.844244,-47.97975,Quadra 142 - Guará,6
DF-2022-00211,Plano Piloto,Roubo a Transeunte,2022-08-30,2022,8,02:20,Madrugada,-15.788941,-47.873287,Quadra 531 - Plano Piloto,6
DF-2022-00212,Taguatinga,Furto de Veículo,2022-04-18,2022,4,08:24,Manhã,-15.827246,-48.052385,Quadra 340 - Taguatinga,4
DF-2023-00213,Ceilândia,Roubo em Coletivo,2023-10-16,2023,10,20:50,Noite,-15.825262,-48.120682,Quadra 719 - Ceilândia,6
DF-2024-00214,Plano Piloto,Tráfico de Drogas,2024-05-04,2024,5,21:12,Noite,-15.806424,-47.880527,Quadra 601 - Plano Piloto,5
DF-2023-00215,Taguatinga,Roubo a Transeunte,2023-08-13,2023,8,09:34,Manhã,-15.827738,-48.026715,Quadra 749 - Taguatinga,6
DF-2022-00216,Plano Piloto,Roubo a Transeunte,2022-05-27,2022,5,08:07,Manhã,-15.785584,-47.881269,Quadra 775 - Plano Piloto,6
DF-2023-00217,Taguatinga,Roubo a Transeunte,2023-07-27,2023,7,09:40,Manhã,-15.843997,-48.089291,Quadra 147 - Taguatinga,6
DF-2023-00218,Taguatinga,Roubo de Veículo,2023-09-30,2023,9,16:32,Tarde,-15.828606,-48.049256,Quadra 105 - Taguatinga,7
DF-2022-00219,Gama,Latrocínio,2022-02-09,2022,2,16:04,Tarde,-16.044634,-48.09401,Quadra 455 - Gama,10
DF-2022-00220,Santa Maria,Roubo a Transeunte,2022-03-22,2022,3,14:25,Tarde,-16.004496,-47.992134,Quadra 661 - Santa Maria,6
DF-2023-00221,Guará,Roubo a Transeunte,2023-09-29,2023,9,23:49,Noite,-15.825943,-47.965653,Quadra 659 - Guará,6
DF-2024-00222,Ceilândia,Roubo a Transeunte,2024-07-13,2024,7,02:58,Madrugada,-15.807575,-48.130712,Quadra 610 - Ceilândia,6
DF-2023-00223,Taguatinga,Violência Doméstica,2023-05-10,2023,5,14:09,Tarde,-15.825616,-48.058587,Quadra 342 - Taguatinga,8
DF-2024-00224,Plano Piloto,Roubo a Transeunte,2024-02-13,2024,2,15:24,Tarde,-15.795036,-47.883836,Quadra 262 - Plano Piloto,6
DF-2024-00225,Samambaia,Roubo a Transeunte,2024-10-03,2024,10,11:59,Manhã,-15.889621,-48.100476,Quadra 204 - Samambaia,6
DF-2023-00226,Plano Piloto,Roubo de Veículo,2023-05-11,2023,5,15:38,Tarde,-15.797386,-47.869953,Quadra 787 - Plano Piloto,7
DF-2022-00227,Guará,Violência Doméstica,2022-05-11,2022,5,05:23,Madrugada,-15.814625,-47.96178,Quadra 437 - Guará,8
DF-2023-00228,Ceilândia,Roubo em Coletivo,2023-05-06,2023,5,13:14,Tarde,-15.825121,-48.100891,Quadra 356 - Ceilândia,6
DF-2023-00229,Plano Piloto,Furto de Veículo,2023-12-15,2023,12,14:23,Tarde,-15.785453,-47.869439,Quadra 665 - Plano Piloto,4
DF-2023-00230,Guará,Roubo a Transeunte,2023-08-10,2023,8,21:17,Noite,-15.821027,-47.989159,Quadra 181 - Guará,6
DF-2024-00231,Gama,Furto a Transeunte,2024-07-26,2024,7,06:18,Manhã,-16.001779,-48.077595,Quadra 423 - Gama,3
DF-2023-00232,Ceilândia,Roubo a Transeunte,2023-09-13,2023,9,07:16,Manhã,-15.831517,-48.130282,Quadra 287 - Ceilândia,6
DF-2022-00233,Samambaia,Furto a Transeunte,2022-11-10,2022,11,20:51,Noite,-15.876559,-48.097803,Quadra 129 - Samambaia,3
DF-2022-00234,Águas Claras,Roubo a Transeunte,2022-11-30,2022,11,18:27,Noite,-15.855203,-48.014697,Quadra 250 - Águas Claras,6
DF-2023-00235,Ceilândia,Violência Doméstica,2023-04-05,2023,4,07:54,Manhã,-15.817678,-48.069981,Quadra 556 - Ceilândia,8
DF-2024-00236,Taguatinga,Roubo a Transeunte,2024-01-03,2024,1,16:03,Tarde,-15.855334,-48.05664,Quadra 392 - Taguatinga,6
DF-2022-00237,Plano Piloto,Latrocínio,2022-07-28,2022,7,13:09,Tarde,-15.774356,-47.874504,Quadra 253 - Plano Piloto,10
DF-2023-00238,Taguatinga,Violência Doméstica,2023-09-26,2023,9,23:35,Noite,-15.849363,-48.082252,Quadra 368 - Taguatinga,8
DF-2024-00239,Plano Piloto,Roubo a Comércio,2024-12-24,2024,12,23:02,Noite,-15.795514,-47.895963,Quadra 662 - Plano Piloto,6
DF-2023-00240,Ceilândia,Violência Doméstica,2023-11-02,2023,11,22:51,Noite,-15.810924,-48.133125,Quadra 230 - Ceilândia,8
DF-2023-00241,Águas Claras,Roubo em Coletivo,2023-05-27,2023,5,10:10,Manhã,-15.828447,-48.014904,Quadra 756 - Águas Claras,6
DF-2023-00242,Plano Piloto,Roubo a Transeunte,2023-10-26,2023,10,20:20,Noite,-15.803029,-47.891241,Quadra 463 - Plano Piloto,6
DF-2022-00243,Plano Piloto,Furto a Transeunte,2022-05-26,2022,5,00:09,Madrugada,-15.780499,-47.884079,Quadra 528 - Plano Piloto,3
DF-2022-00244,Recanto das Emas,Roubo a Transeunte,2022-07-06,2022,7,13:08,Tarde,-15.941965,-48.072552,Quadra 422 - Recanto das Emas,6
DF-2022-00245,Sobradinho,Violência Doméstica,2022-11-09,2022,11,01:13,Madrugada,-15.635261,-47.804761,Quadra 145 - Sobradinho,8
DF-2022-00246,Plano Piloto,Roubo a Comércio,2022-05-31,2022,5,01:40,Madrugada,-15.783709,-47.882769,Quadra 783 - Plano Piloto,6
DF-2023-00247,Ceilândia,Roubo a Comércio,2023-05-04,2023,5,11:38,Manhã,-15.802802,-48.082459,Quadra 766 - Ceilândia,6
DF-2023-00248,Taguatinga,Roubo em Coletivo,2023-06-15,2023,6,07:04,Manhã,-15.841492,-48.067653,Quadra 531 - Taguatinga,6
DF-2023-00249,Guará,Tráfico de Drogas,2023-04-24,2023,4,15:06,Tarde,-15.795013,-47.963474,Quadra 439 - Guará,5
DF-2022-00250,Gama,Roubo de Veículo,2022-02-22,2022,2,19:41,Noite,-16.024329,-48.024338,Quadra 509 - Gama,7
DF-2023-00251,Ceilândia,Furto de Veículo,2023-10-30,2023,10,19:00,Noite,-15.80927,-48.125589,Quadra 333 - Ceilândia,4
DF-2024-00252,Plano Piloto,Roubo a Transeunte,2024-11-26,2024,11,21:09,Noite,-15.769196,-47.885386,Quadra 799 - Plano Piloto,6
DF-2024-00253,Samambaia,Furto a Transeunte,2024-11-11,2024,11,21:13,Noite,-15.8507,-48.082283,Quadra 165 - Samambaia,3
DF-2022-00254,Ceilândia,Roubo a Transeunte,2022-05-27,2022,5,13:20,Tarde,-15.81414,-48.099275,Quadra 695 - Ceilândia,6
DF-2023-00255,Taguatinga,Roubo a Transeunte,2023-09-07,2023,9,19:14,Noite,-15.817391,-48.068191,Quadra 404 - Taguatinga,6
DF-2024-00256,Plano Piloto,Roubo de Veículo,2024-09-07,2024,9,20:02,Noite,-15.781556,-47.844025,Quadra 315 - Plano Piloto,7
DF-2023-00257,Santa Maria,Tráfico de Drogas,2023-10-08,2023,10,06:10,Manhã,-16.030092,-48.015127,Quadra 682 - Santa Maria,5
DF-2022-00258,Samambaia,Furto de Veículo,2022-02-20,2022,2,00:24,Madrugada,-15.893549,-48.077292,Quadra 531 - Samambaia,4
DF-2022-00259,Ceilândia,Roubo de Veículo,2022-10-27,2022,10,18:31,Noite,-15.839051,-48.113722,Quadra 265 - Ceilândia,7
DF-2022-00260,Guará,Roubo a Transeunte,2022-05-02,2022,5,08:51,Manhã,-15.836775,-47.973943,Quadra 667 - Guará,6
DF-2023-00261,Ceilândia,Roubo em Coletivo,2023-08-15,2023,8,04:38,Madrugada,-15.800951,-48.126492,Quadra 145 - Ceilândia,6
DF-2022-00262,Ceilândia,Violência Doméstica,2022-01-13,2022,1,14:29,Tarde,-15.831056,-48.14329,Quadra 581 - Ceilândia,8
DF-2024-00263,Recanto das Emas,Roubo de Veículo,2024-01-01,2024,1,16:10,Tarde,-15.900911,-48.088135,Quadra 114 - Recanto das Emas,7
DF-2024-00264,Gama,Furto a Transeunte,2024-04-21,2024,4,10:52,Manhã,-16.009545,-48.061602,Quadra 340 - Gama,3
DF-2024-00265,Samambaia,Latrocínio,2024-04-14,2024,4,21:21,Noite,-15.873695,-48.075862,Quadra 691 - Samambaia,10
DF-2023-00266,Ceilândia,Furto de Veículo,2023-06-21,2023,6,19:04,Noite,-15.832619,-48.118065,Quadra 211 - Ceilândia,4
DF-2024-00267,São Sebastião,Roubo a Transeunte,2024-04-07,2024,4,18:25,Noite,-15.899978,-47.761472,Quadra 124 - São Sebastião,6
DF-2024-00268,Santa Maria,Roubo a Transeunte,2024-11-12,2024,11,07:15,Manhã,-15.999095,-48.005599,Quadra 617 - Santa Maria,6
DF-2023-00269,Gama,Roubo a Transeunte,2023-02-08,2023,2,08:12,Manhã,-16.029423,-48.078317,Quadra 537 - Gama,6
DF-2023-00270,Guará,Roubo a Transeunte,2023-07-16,2023,7,16:25,Tarde,-15.83845,-47.974205,Quadra 494 - Guará,6
DF-2022-00271,Ceilândia,Violência Doméstica,2022-11-20,2022,11,01:01,Madrugada,-15.822267,-48.112991,Quadra 558 - Ceilândia,8
DF-2023-00272,Plano Piloto,Violência Doméstica,2023-11-10,2023,11,14:58,Tarde,-15.798611,-47.879602,Quadra 273 - Plano Piloto,8
DF-2023-00273,Plano Piloto,Roubo a Transeunte,2023-10-17,2023,10,00:44,Madrugada,-15.769513,-47.867313,Quadra 607 - Plano Piloto,6
DF-2023-00274,Plano Piloto,Homicídio Doloso,2023-04-09,2023,4,17:29,Tarde,-15.772181,-47.88115,Quadra 658 - Plano Piloto,10
DF-2024-00275,Samambaia,Violência Doméstica,2024-03-24,2024,3,17:18,Tarde,-15.878778,-48.089656,Quadra 575 - Samambaia,8
DF-2023-00276,Samambaia,Tráfico de Drogas,2023-09-28,2023,9,12:10,Tarde,-15.858031,-48.080475,Quadra 627 - Samambaia,5
DF-2022-00277,Ceilândia,Violência Doméstica,2022-04-07,2022,4,18:50,Noite,-15.828165,-48.122526,Quadra 529 - Ceilândia,8
DF-2024-00278,Ceilândia,Roubo em Coletivo,2024-09-09,2024,9,19:18,Noite,-15.818339,-48.102811,Quadra 579 - Ceilândia,6
DF-2022-00279,Samambaia,Tráfico de Drogas,2022-06-11,2022,6,04:57,Madrugada,-15.860145,-48.103699,Quadra 228 - Samambaia,5
DF-2022-00280,Ceilândia,Roubo a Transeunte,2022-12-17,2022,12,01:13,Madrugada,-15.82458,-48.090908,Quadra 728 - Ceilândia,6
DF-2024-00281,Ceilândia,Violência Doméstica,2024-07-29,2024,7,22:09,Noite,-15.800548,-48.113639,Quadra 199 - Ceilândia,8
DF-2024-00282,Ceilândia,Roubo a Transeunte,2024-04-18,2024,4,13:58,Tarde,-15.835375,-48.117858,Quadra 446 - Ceilândia,6
DF-2022-00283,Plano Piloto,Roubo em Coletivo,2022-02-09,2022,2,13:11,Tarde,-15.815773,-47.886956,Quadra 696 - Plano Piloto,6
DF-2024-00284,Santa Maria,Latrocínio,2024-03-17,2024,3,18:08,Noite,-16.002707,-47.97072,Quadra 144 - Santa Maria,10
DF-2022-00285,Taguatinga,Violência Doméstica,2022-05-07,2022,5,20:45,Noite,-15.841338,-48.072986,Quadra 778 - Taguatinga,8
DF-2024-00286,Santa Maria,Roubo a Transeunte,2024-07-02,2024,7,02:31,Madrugada,-16.001465,-48.001878,Quadra 246 - Santa Maria,6
DF-2022-00287,Ceilândia,Roubo de Veículo,2022-05-01,2022,5,16:59,Tarde,-15.812434,-48.095907,Quadra 745 - Ceilândia,7
DF-2022-00288,Santa Maria,Roubo de Veículo,2022-09-25,2022,9,19:19,Noite,-16.024707,-48.015699,Quadra 298 - Santa Maria,7
DF-2024-00289,Planaltina,Roubo a Transeunte,2024-02-04,2024,2,10:09,Manhã,-15.632533,-47.647465,Quadra 275 - Planaltina,6
DF-2023-00290,Taguatinga,Violência Doméstica,2023-02-08,2023,2,19:32,Noite,-15.831068,-48.045464,Quadra 633 - Taguatinga,8
DF-2023-00291,Recanto das Emas,Roubo a Comércio,2023-08-13,2023,8,06:52,Manhã,-15.915869,-48.074933,Quadra 631 - Recanto das Emas,6
DF-2024-00292,Ceilândia,Roubo de Veículo,2024-11-14,2024,11,00:26,Madrugada,-15.838891,-48.118012,Quadra 168 - Ceilândia,7
DF-2022-00293,Ceilândia,Violência Doméstica,2022-12-26,2022,12,17:15,Tarde,-15.818467,-48.120788,Quadra 735 - Ceilândia,8
DF-2022-00294,Guará,Roubo de Veículo,2022-01-01,2022,1,16:04,Tarde,-15.83962,-47.969385,Quadra 284 - Guará,7
DF-2024-00295,Taguatinga,Roubo de Veículo,2024-09-01,2024,9,12:55,Tarde,-15.829922,-48.061009,Quadra 438 - Taguatinga,7
DF-2022-00296,Guará,Violência Doméstica,2022-10-12,2022,10,16:17,Tarde,-15.835382,-47.984985,Quadra 557 - Guará,8
DF-2024-00297,Gama,Tráfico de Drogas,2024-06-11,2024,6,05:15,Madrugada,-16.026544,-48.067255,Quadra 302 - Gama,5
DF-2024-00298,Ceilândia,Roubo de Veículo,2024-03-21,2024,3,20:56,Noite,-15.813191,-48.106586,Quadra 308 - Ceilândia,7
DF-2023-00299,Guará,Furto de Veículo,2023-07-09,2023,7,17:34,Tarde,-15.81464,-47.976331,Quadra 750 - Guará,4
DF-2024-00300,Águas Claras,Homicídio Doloso,2024-07-11,2024,7,09:12,Manhã,-15.844064,-48.047949,Quadra 400 - Águas Claras,10
DF-2022-00301,Águas Claras,Roubo de Veículo,2022-10-29,2022,10,06:41,Manhã,-15.845872,-48.032475,Quadra 144 - Águas Claras,7
DF-2023-00302,Santa Maria,Roubo a Comércio,2023-10-23,2023,10,16:28,Tarde,-16.036876,-47.989875,Quadra 681 - Santa Maria,6
DF-2023-00303,Ceilândia,Violência Doméstica,2023-10-16,2023,10,06:24,Manhã,-15.815518,-48.08015,Quadra 477 - Ceilândia,8
DF-2022-00304,São Sebastião,Tráfico de Drogas,2022-07-27,2022,7,10:35,Manhã,-15.903964,-47.739247,Quadra 614 - São Sebastião,5
DF-2023-00305,Guará,Roubo a Transeunte,2023-09-12,2023,9,16:26,Tarde,-15.827683,-47.976846,Quadra 258 - Guará,6
DF-2022-00306,Plano Piloto,Roubo de Veículo,2022-08-09,2022,8,20:04,Noite,-15.792282,-47.898555,Quadra 617 - Plano Piloto,7
DF-2023-00307,Santa Maria,Roubo a Transeunte,2023-07-27,2023,7,09:24,Manhã,-16.013877,-47.988266,Quadra 301 - Santa Maria,6
DF-2024-00308,Ceilândia,Roubo a Transeunte,2024-03-16,2024,3,16:51,Tarde,-15.822578,-48.120994,Quadra 222 - Ceilândia,6
DF-2023-00309,Samambaia,Roubo a Comércio,2023-03-03,2023,3,09:23,Manhã,-15.891529,-48.089405,Quadra 637 - Samambaia,6
DF-2024-00310,Plano Piloto,Homicídio Doloso,2024-04-22,2024,4,17:55,Tarde,-15.786815,-47.874305,Quadra 261 - Plano Piloto,10
DF-2024-00311,Samambaia,Roubo a Transeunte,2024-03-29,2024,3,14:42,Tarde,-15.904884,-48.104918,Quadra 597 - Samambaia,6
DF-2022-00312,Ceilândia,Roubo de Veículo,2022-03-16,2022,3,19:49,Noite,-15.812429,-48.09506,Quadra 112 - Ceilândia,7
DF-2024-00313,Plano Piloto,Roubo a Transeunte,2024-12-06,2024,12,06:42,Manhã,-15.773785,-47.883813,Quadra 754 - Plano Piloto,6
DF-2024-00314,Ceilândia,Violência Doméstica,2024-02-19,2024,2,14:13,Tarde,-15.804013,-48.090931,Quadra 734 - Ceilândia,8
DF-2024-00315,Taguatinga,Roubo a Transeunte,2024-05-03,2024,5,18:24,Noite,-15.826813,-48.064894,Quadra 791 - Taguatinga,6
DF-2024-00316,Planaltina,Roubo a Transeunte,2024-09-04,2024,9,20:44,Noite,-15.623705,-47.661963,Quadra 370 - Planaltina,6
DF-2022-00317,Plano Piloto,Roubo a Transeunte,2022-05-17,2022,5,01:52,Madrugada,-15.827674,-47.873382,Quadra 229 - Plano Piloto,6
DF-2024-00318,Recanto das Emas,Roubo a Transeunte,2024-08-12,2024,8,18:11,Noite,-15.885333,-48.062327,Quadra 168 - Recanto das Emas,6
DF-2022-00319,Santa Maria,Roubo em Coletivo,2022-09-24,2022,9,16:06,Tarde,-15.999953,-48.01716,Quadra 449 - Santa Maria,6
DF-2024-00320,Plano Piloto,Furto de Veículo,2024-02-20,2024,2,17:21,Tarde,-15.777038,-47.901081,Quadra 145 - Plano Piloto,4
DF-2024-00321,Ceilândia,Roubo em Coletivo,2024-03-17,2024,3,23:43,Noite,-15.818197,-48.12615,Quadra 346 - Ceilândia,6
DF-2024-00322,Gama,Roubo a Transeunte,2024-01-14,2024,1,17:35,Tarde,-16.006697,-48.065705,Quadra 715 - Gama,6
DF-2023-00323,Samambaia,Roubo a Transeunte,2023-09-22,2023,9,13:46,Tarde,-15.880627,-48.079711,Quadra 134 - Samambaia,6
DF-2024-00324,Ceilândia,Roubo de Veículo,2024-02-08,2024,2,16:58,Tarde,-15.811746,-48.117847,Quadra 749 - Ceilândia,7
DF-2022-00325,Ceilândia,Violência Doméstica,2022-11-20,2022,11,20:46,Noite,-15.838705,-48.116097,Quadra 271 - Ceilândia,8
DF-2023-00326,Taguatinga,Roubo a Transeunte,2023-11-11,2023,11,01:40,Madrugada,-15.839078,-48.045224,Quadra 734 - Taguatinga,6
DF-2024-00327,Vicente Pires,Tráfico de Drogas,2024-06-09,2024,6,18:38,Noite,-15.798894,-48.018425,Quadra 573 - Vicente Pires,5
DF-2023-00328,Santa Maria,Roubo a Comércio,2023-04-08,2023,4,00:41,Madrugada,-16.009759,-47.998721,Quadra 474 - Santa Maria,6
DF-2022-00329,Gama,Violência Doméstica,2022-08-09,2022,8,18:21,Noite,-16.003713,-48.0316,Quadra 556 - Gama,8
DF-2022-00330,Guará,Roubo em Coletivo,2022-02-16,2022,2,20:00,Noite,-15.808323,-47.990106,Quadra 700 - Guará,6
DF-2022-00331,Ceilândia,Furto a Transeunte,2022-12-19,2022,12,22:56,Noite,-15.843174,-48.121802,Quadra 230 - Ceilândia,3
DF-2022-00332,Taguatinga,Homicídio Doloso,2022-05-31,2022,5,14:45,Tarde,-15.833376,-48.074161,Quadra 382 - Taguatinga,10
DF-2024-00333,Ceilândia,Tráfico de Drogas,2024-08-30,2024,8,19:58,Noite,-15.837344,-48.13787,Quadra 776 - Ceilândia,5
DF-2023-00334,Ceilândia,Roubo a Transeunte,2023-03-09,2023,3,13:04,Tarde,-15.814629,-48.11138,Quadra 793 - Ceilândia,6
DF-2022-00335,Ceilândia,Furto de Veículo,2022-11-06,2022,11,16:10,Tarde,-15.807231,-48.122054,Quadra 193 - Ceilândia,4
DF-2023-00336,Samambaia,Furto de Veículo,2023-01-29,2023,1,07:17,Manhã,-15.896992,-48.069226,Quadra 506 - Samambaia,4
DF-2023-00337,Samambaia,Violência Doméstica,2023-12-13,2023,12,21:33,Noite,-15.874828,-48.073657,Quadra 756 - Samambaia,8
DF-2023-00338,Santa Maria,Roubo em Coletivo,2023-12-19,2023,12,08:35,Manhã,-16.032243,-47.987955,Quadra 230 - Santa Maria,6
DF-2023-00339,Santa Maria,Roubo a Transeunte,2023-03-02,2023,3,06:24,Manhã,-16.01589,-48.013935,Quadra 160 - Santa Maria,6
DF-2023-00340,Taguatinga,Roubo a Transeunte,2023-05-01,2023,5,22:29,Noite,-15.824151,-48.046784,Quadra 578 - Taguatinga,6
DF-2022-00341,Planaltina,Homicídio Doloso,2022-07-03,2022,7,17:29,Tarde,-15.588562,-47.657332,Quadra 725 - Planaltina,10
DF-2022-00342,Taguatinga,Roubo a Transeunte,2022-03-16,2022,3,02:39,Madrugada,-15.824856,-48.041102,Quadra 457 - Taguatinga,6
DF-2022-00343,Taguatinga,Roubo em Coletivo,2022-06-15,2022,6,13:49,Tarde,-15.840092,-48.03873,Quadra 444 - Taguatinga,6
DF-2023-00344,Samambaia,Roubo de Veículo,2023-08-12,2023,8,03:05,Madrugada,-15.869077,-48.079806,Quadra 386 - Samambaia,7
DF-2023-00345,Taguatinga,Furto de Veículo,2023-05-17,2023,5,16:50,Tarde,-15.823561,-48.073862,Quadra 408 - Taguatinga,4
DF-2022-00346,Gama,Roubo a Transeunte,2022-02-14,2022,2,14:35,Tarde,-16.045118,-48.077797,Quadra 538 - Gama,6
DF-2024-00347,Santa Maria,Roubo a Transeunte,2024-07-01,2024,7,03:39,Madrugada,-16.024364,-47.994253,Quadra 653 - Santa Maria,6
DF-2023-00348,Taguatinga,Roubo em Coletivo,2023-07-05,2023,7,12:27,Tarde,-15.822724,-48.062924,Quadra 728 - Taguatinga,6
DF-2024-00349,Recanto das Emas,Violência Doméstica,2024-03-04,2024,3,19:16,Noite,-15.920754,-48.075357,Quadra 532 - Recanto das Emas,8
DF-2023-00350,Taguatinga,Furto a Transeunte,2023-07-01,2023,7,17:21,Tarde,-15.82763,-48.086124,Quadra 686 - Taguatinga,3
DF-2023-00351,Taguatinga,Roubo a Transeunte,2023-11-29,2023,11,12:02,Tarde,-15.849415,-48.069901,Quadra 788 - Taguatinga,6
DF-2024-00352,Gama,Roubo a Transeunte,2024-03-11,2024,3,22:21,Noite,-16.020567,-48.044988,Quadra 141 - Gama,6
DF-2022-00353,Planaltina,Tráfico de Drogas,2022-07-23,2022,7,17:00,Tarde,-15.609895,-47.636116,Quadra 596 - Planaltina,5
DF-2022-00354,Ceilândia,Violência Doméstica,2022-04-14,2022,4,10:08,Manhã,-15.826047,-48.106996,Quadra 462 - Ceilândia,8
DF-2022-00355,Samambaia,Roubo a Transeunte,2022-01-18,2022,1,21:41,Noite,-15.857611,-48.086244,Quadra 572 - Samambaia,6
DF-2023-00356,Águas Claras,Violência Doméstica,2023-11-17,2023,11,10:47,Manhã,-15.845456,-48.04846,Quadra 378 - Águas Claras,8
DF-2023-00357,Taguatinga,Roubo em Coletivo,2023-10-16,2023,10,04:46,Madrugada,-15.864768,-48.070206,Quadra 673 - Taguatinga,6
DF-2022-00358,Samambaia,Roubo a Transeunte,2022-07-03,2022,7,23:51,Noite,-15.879347,-48.08804,Quadra 258 - Samambaia,6
DF-2023-00359,Samambaia,Roubo de Veículo,2023-10-04,2023,10,12:41,Tarde,-15.88449,-48.071423,Quadra 587 - Samambaia,7
DF-2024-00360,Samambaia,Roubo de Veículo,2024-10-31,2024,10,13:00,Tarde,-15.880571,-48.072674,Quadra 505 - Samambaia,7
DF-2023-00361,Gama,Roubo de Veículo,2023-12-23,2023,12,21:52,Noite,-16.013109,-48.061494,Quadra 787 - Gama,7
DF-2024-00362,Plano Piloto,Roubo a Transeunte,2024-02-05,2024,2,03:52,Madrugada,-15.816753,-47.886206,Quadra 570 - Plano Piloto,6
DF-2022-00363,Plano Piloto,Roubo a Transeunte,2022-04-07,2022,4,23:17,Noite,-15.775804,-47.882639,Quadra 698 - Plano Piloto,6
DF-2022-00364,Recanto das Emas,Violência Doméstica,2022-06-10,2022,6,02:53,Madrugada,-15.909718,-48.094498,Quadra 334 - Recanto das Emas,8
DF-2024-00365,São Sebastião,Roubo a Transeunte,2024-09-19,2024,9,18:38,Noite,-15.890298,-47.764077,Quadra 180 - São Sebastião,6
DF-2022-00366,Ceilândia,Tráfico de Drogas,2022-01-04,2022,1,00:02,Madrugada,-15.830834,-48.12441,Quadra 341 - Ceilândia,5
DF-2024-00367,Ceilândia,Furto de Veículo,2024-03-23,2024,3,03:39,Madrugada,-15.835806,-48.088228,Quadra 212 - Ceilândia,4
DF-2024-00368,Samambaia,Roubo a Transeunte,2024-04-05,2024,4,12:24,Tarde,-15.897001,-48.066995,Quadra 672 - Samambaia,6
DF-2024-00369,Ceilândia,Roubo a Transeunte,2024-06-05,2024,6,19:18,Noite,-15.814974,-48.120083,Quadra 358 - Ceilândia,6
DF-2022-00370,Águas Claras,Roubo de Veículo,2022-05-17,2022,5,19:30,Noite,-15.83982,-48.035221,Quadra 732 - Águas Claras,7
DF-2024-00371,Ceilândia,Roubo a Comércio,2024-09-29,2024,9,02:35,Madrugada,-15.788565,-48.118079,Quadra 442 - Ceilândia,6
DF-2023-00372,Ceilândia,Roubo a Transeunte,2023-02-11,2023,2,11:52,Manhã,-15.834533,-48.107139,Quadra 597 - Ceilândia,6
DF-2023-00373,Santa Maria,Roubo em Coletivo,2023-02-18,2023,2,09:36,Manhã,-16.013712,-47.999722,Quadra 110 - Santa Maria,6
DF-2024-00374,Taguatinga,Violência Doméstica,2024-03-17,2024,3,21:36,Noite,-15.831862,-48.078396,Quadra 368 - Taguatinga,8
DF-2022-00375,Águas Claras,Tráfico de Drogas,2022-04-04,2022,4,19:06,Noite,-15.848142,-48.002845,Quadra 694 - Águas Claras,5
DF-2023-00376,Taguatinga,Homicídio Doloso,2023-04-20,2023,4,17:27,Tarde,-15.824057,-48.038901,Quadra 403 - Taguatinga,10
DF-2023-00377,Ceilândia,Furto de Veículo,2023-11-16,2023,11,15:52,Tarde,-15.830881,-48.106468,Quadra 413 - Ceilândia,4
DF-2024-00378,Plano Piloto,Roubo a Transeunte,2024-09-21,2024,9,22:18,Noite,-15.801777,-47.89963,Quadra 550 - Plano Piloto,6
DF-2022-00379,Taguatinga,Roubo de Veículo,2022-05-20,2022,5,17:51,Tarde,-15.826732,-48.064588,Quadra 700 - Taguatinga,7
DF-2023-00380,Santa Maria,Roubo de Veículo,2023-08-04,2023,8,22:51,Noite,-16.003245,-47.991925,Quadra 436 - Santa Maria,7
DF-2024-00381,Ceilândia,Roubo a Comércio,2024-05-06,2024,5,20:19,Noite,-15.813357,-48.080589,Quadra 231 - Ceilândia,6
DF-2023-00382,Gama,Roubo de Veículo,2023-01-18,2023,1,07:45,Manhã,-16.005201,-48.048164,Quadra 603 - Gama,7
DF-2023-00383,Taguatinga,Tráfico de Drogas,2023-06-12,2023,6,15:20,Tarde,-15.817132,-48.033727,Quadra 779 - Taguatinga,5
DF-2022-00384,Ceilândia,Roubo a Transeunte,2022-02-11,2022,2,13:54,Tarde,-15.819606,-48.093245,Quadra 678 - Ceilândia,6
DF-2024-00385,Plano Piloto,Violência Doméstica,2024-08-19,2024,8,18:59,Noite,-15.789066,-47.902577,Quadra 148 - Plano Piloto,8
DF-2022-00386,Ceilândia,Roubo a Transeunte,2022-04-16,2022,4,17:30,Tarde,-15.805755,-48.130709,Quadra 771 - Ceilândia,6
DF-2023-00387,Taguatinga,Homicídio Doloso,2023-03-28,2023,3,17:09,Tarde,-15.829977,-48.057496,Quadra 727 - Taguatinga,10
DF-2022-00388,Plano Piloto,Roubo a Transeunte,2022-01-19,2022,1,17:30,Tarde,-15.768793,-47.900101,Quadra 665 - Plano Piloto,6
DF-2022-00389,Plano Piloto,Homicídio Doloso,2022-11-28,2022,11,12:31,Tarde,-15.814035,-47.883727,Quadra 304 - Plano Piloto,10
DF-2022-00390,Plano Piloto,Roubo a Transeunte,2022-08-29,2022,8,14:24,Tarde,-15.788147,-47.873356,Quadra 113 - Plano Piloto,6
DF-2022-00391,Águas Claras,Roubo em Coletivo,2022-12-22,2022,12,22:57,Noite,-15.846116,-47.994694,Quadra 526 - Águas Claras,6
DF-2024-00392,São Sebastião,Roubo a Comércio,2024-01-01,2024,1,23:32,Noite,-15.904665,-47.762073,Quadra 599 - São Sebastião,6
DF-2022-00393,Gama,Roubo de Veículo,2022-02-26,2022,2,22:42,Noite,-16.013326,-48.056294,Quadra 249 - Gama,7
DF-2024-00394,Guará,Roubo em Coletivo,2024-06-01,2024,6,23:17,Noite,-15.811876,-48.000008,Quadra 380 - Guará,6
DF-2023-00395,Sobradinho,Roubo a Comércio,2023-07-06,2023,7,17:26,Tarde,-15.634561,-47.793594,Quadra 498 - Sobradinho,6
DF-2024-00396,Taguatinga,Roubo a Transeunte,2024-10-09,2024,10,18:31,Noite,-15.825424,-48.054476,Quadra 550 - Taguatinga,6
DF-2022-00397,Ceilândia,Roubo a Transeunte,2022-07-27,2022,7,14:57,Tarde,-15.82141,-48.112388,Quadra 530 - Ceilândia,6
DF-2024-00398,Samambaia,Tráfico de Drogas,2024-10-10,2024,10,18:51,Noite,-15.870311,-48.067214,Quadra 521 - Samambaia,5
DF-2022-00399,Santa Maria,Roubo a Transeunte,2022-10-09,2022,10,18:33,Noite,-16.005073,-47.990462,Quadra 774 - Santa Maria,6
DF-2024-00400,Gama,Roubo de Veículo,2024-07-11,2024,7,21:30,Noite,-16.007389,-48.047231,Quadra 683 - Gama,7
DF-2023-00401,Ceilândia,Roubo a Transeunte,2023-11-06,2023,11,05:10,Madrugada,-15.805807,-48.135937,Quadra 256 - Ceilândia,6
DF-2023-00402,Samambaia,Furto de Veículo,2023-05-26,2023,5,21:55,Noite,-15.875301,-48.100375,Quadra 726 - Samambaia,4
DF-2024-00403,Plano Piloto,Roubo a Transeunte,2024-09-21,2024,9,12:29,Tarde,-15.813278,-47.866898,Quadra 688 - Plano Piloto,6
DF-2024-00404,Ceilândia,Roubo a Transeunte,2024-04-09,2024,4,18:09,Noite,-15.835465,-48.104306,Quadra 459 - Ceilândia,6
DF-2023-00405,Santa Maria,Roubo em Coletivo,2023-06-03,2023,6,05:41,Madrugada,-16.020112,-48.003944,Quadra 521 - Santa Maria,6
DF-2023-00406,Santa Maria,Roubo de Veículo,2023-09-07,2023,9,04:34,Madrugada,-15.995932,-47.988442,Quadra 773 - Santa Maria,7
DF-2024-00407,Samambaia,Roubo de Veículo,2024-03-21,2024,3,20:19,Noite,-15.878048,-48.078003,Quadra 478 - Samambaia,7
DF-2023-00408,Águas Claras,Roubo a Comércio,2023-09-13,2023,9,10:53,Manhã,-15.835793,-48.010867,Quadra 452 - Águas Claras,6
DF-2024-00409,Plano Piloto,Roubo a Transeunte,2024-01-15,2024,1,04:50,Madrugada,-15.83097,-47.893486,Quadra 420 - Plano Piloto,6
DF-2022-00410,Planaltina,Violência Doméstica,2022-11-26,2022,11,19:25,Noite,-15.606393,-47.665915,Quadra 224 - Planaltina,8
DF-2024-00411,Samambaia,Roubo a Comércio,2024-03-24,2024,3,01:20,Madrugada,-15.868868,-48.071581,Quadra 622 - Samambaia,6
DF-2022-00412,Taguatinga,Roubo a Transeunte,2022-07-30,2022,7,02:00,Madrugada,-15.84056,-48.065812,Quadra 191 - Taguatinga,6
DF-2022-00413,Taguatinga,Roubo a Transeunte,2022-07-29,2022,7,06:56,Manhã,-15.847711,-48.063979,Quadra 117 - Taguatinga,6
DF-2023-00414,Samambaia,Furto a Transeunte,2023-08-18,2023,8,22:44,Noite,-15.900214,-48.073622,Quadra 425 - Samambaia,3
DF-2022-00415,Ceilândia,Furto a Transeunte,2022-07-29,2022,7,05:23,Madrugada,-15.811732,-48.116848,Quadra 241 - Ceilândia,3
DF-2022-00416,Samambaia,Roubo a Transeunte,2022-08-30,2022,8,19:14,Noite,-15.890139,-48.096214,Quadra 448 - Samambaia,6
DF-2023-00417,Gama,Furto de Veículo,2023-11-28,2023,11,13:23,Tarde,-16.018058,-48.053169,Quadra 636 - Gama,4
DF-2022-00418,Ceilândia,Roubo de Veículo,2022-09-05,2022,9,20:18,Noite,-15.828995,-48.112839,Quadra 198 - Ceilândia,7
DF-2023-00419,Samambaia,Roubo a Transeunte,2023-03-27,2023,3,09:42,Manhã,-15.880438,-48.085319,Quadra 426 - Samambaia,6
DF-2022-00420,Santa Maria,Roubo a Transeunte,2022-12-09,2022,12,17:00,Tarde,-16.011699,-47.978243,Quadra 708 - Santa Maria,6
DF-2024-00421,Plano Piloto,Tráfico de Drogas,2024-06-24,2024,6,21:48,Noite,-15.797135,-47.873764,Quadra 374 - Plano Piloto,5
DF-2023-00422,Planaltina,Roubo a Transeunte,2023-12-26,2023,12,19:29,Noite,-15.61367,-47.636227,Quadra 656 - Planaltina,6
DF-2023-00423,Samambaia,Roubo a Transeunte,2023-04-18,2023,4,14:24,Tarde,-15.888338,-48.062769,Quadra 736 - Samambaia,6
DF-2023-00424,Ceilândia,Violência Doméstica,2023-08-16,2023,8,19:17,Noite,-15.812333,-48.133089,Quadra 660 - Ceilândia,8
DF-2022-00425,Taguatinga,Roubo a Transeunte,2022-04-24,2022,4,22:06,Noite,-15.851634,-48.062004,Quadra 557 - Taguatinga,6
DF-2022-00426,Recanto das Emas,Furto a Transeunte,2022-03-04,2022,3,12:28,Tarde,-15.892187,-48.039686,Quadra 324 - Recanto das Emas,3
DF-2023-00427,Taguatinga,Roubo a Transeunte,2023-10-05,2023,10,07:20,Manhã,-15.8418,-48.064508,Quadra 628 - Taguatinga,6
DF-2024-00428,Samambaia,Roubo em Coletivo,2024-03-15,2024,3,07:24,Manhã,-15.88758,-48.097767,Quadra 395 - Samambaia,6
DF-2022-00429,Ceilândia,Roubo de Veículo,2022-02-08,2022,2,11:51,Manhã,-15.82156,-48.097179,Quadra 668 - Ceilândia,7
DF-2022-00430,Ceilândia,Roubo a Transeunte,2022-09-22,2022,9,12:50,Tarde,-15.819586,-48.109398,Quadra 742 - Ceilândia,6
DF-2022-00431,Ceilândia,Violência Doméstica,2022-07-08,2022,7,13:47,Tarde,-15.814307,-48.101163,Quadra 286 - Ceilândia,8
DF-2023-00432,Taguatinga,Roubo a Transeunte,2023-01-09,2023,1,23:40,Noite,-15.851074,-48.037978,Quadra 509 - Taguatinga,6
DF-2024-00433,Recanto das Emas,Roubo de Veículo,2024-10-16,2024,10,14:33,Tarde,-15.899561,-48.070651,Quadra 384 - Recanto das Emas,7
DF-2023-00434,Planaltina,Roubo a Transeunte,2023-05-13,2023,5,02:09,Madrugada,-15.629922,-47.654245,Quadra 721 - Planaltina,6
DF-2024-00435,Santa Maria,Violência Doméstica,2024-05-18,2024,5,11:39,Manhã,-16.013065,-48.004931,Quadra 660 - Santa Maria,8
DF-2022-00436,Samambaia,Furto de Veículo,2022-12-22,2022,12,21:03,Noite,-15.878955,-48.080704,Quadra 606 - Samambaia,4
DF-2024-00437,Santa Maria,Furto de Veículo,2024-06-07,2024,6,15:43,Tarde,-16.022257,-48.007694,Quadra 268 - Santa Maria,4
DF-2023-00438,Ceilândia,Furto a Transeunte,2023-11-07,2023,11,16:35,Tarde,-15.827149,-48.109496,Quadra 212 - Ceilândia,3
DF-2022-00439,Gama,Roubo a Comércio,2022-06-04,2022,6,10:57,Manhã,-16.019481,-48.063282,Quadra 794 - Gama,6
DF-2023-00440,Santa Maria,Latrocínio,2023-12-23,2023,12,16:48,Tarde,-15.996836,-47.984271,Quadra 267 - Santa Maria,10
DF-2024-00441,Plano Piloto,Furto a Transeunte,2024-08-28,2024,8,16:58,Tarde,-15.785502,-47.896254,Quadra 735 - Plano Piloto,3
DF-2023-00442,Santa Maria,Roubo de Veículo,2023-03-30,2023,3,19:58,Noite,-16.052536,-47.985621,Quadra 227 - Santa Maria,7
DF-2024-00443,Plano Piloto,Violência Doméstica,2024-12-12,2024,12,13:40,Tarde,-15.788654,-47.88925,Quadra 686 - Plano Piloto,8
DF-2022-00444,Guará,Furto a Transeunte,2022-03-19,2022,3,14:49,Tarde,-15.819806,-48.003258,Quadra 269 - Guará,3
DF-2022-00445,Samambaia,Roubo de Veículo,2022-07-14,2022,7,10:56,Manhã,-15.856377,-48.093329,Quadra 783 - Samambaia,7
DF-2022-00446,Ceilândia,Homicídio Doloso,2022-05-30,2022,5,22:25,Noite,-15.797014,-48.11571,Quadra 351 - Ceilândia,10
DF-2022-00447,Plano Piloto,Roubo a Transeunte,2022-11-24,2022,11,22:00,Noite,-15.790626,-47.877013,Quadra 491 - Plano Piloto,6
DF-2024-00448,Taguatinga,Roubo de Veículo,2024-03-21,2024,3,10:43,Manhã,-15.842599,-48.038031,Quadra 218 - Taguatinga,7
DF-2023-00449,Plano Piloto,Roubo de Veículo,2023-12-16,2023,12,20:53,Noite,-15.787825,-47.906788,Quadra 607 - Plano Piloto,7
DF-2024-00450,Sobradinho,Roubo a Transeunte,2024-01-03,2024,1,17:14,Tarde,-15.663924,-47.801244,Quadra 726 - Sobradinho,6
DF-2024-00451,São Sebastião,Latrocínio,2024-08-22,2024,8,19:58,Noite,-15.9154,-47.758415,Quadra 684 - São Sebastião,10
DF-2023-00452,Santa Maria,Roubo a Transeunte,2023-12-31,2023,12,22:27,Noite,-16.031906,-47.990501,Quadra 730 - Santa Maria,6
DF-2023-00453,Águas Claras,Roubo a Transeunte,2023-03-27,2023,3,13:49,Tarde,-15.835767,-48.021902,Quadra 304 - Águas Claras,6
DF-2022-00454,Taguatinga,Roubo a Transeunte,2022-03-30,2022,3,19:07,Noite,-15.866954,-48.036459,Quadra 782 - Taguatinga,6
DF-2023-00455,Taguatinga,Roubo de Veículo,2023-03-08,2023,3,19:42,Noite,-15.83255,-48.043509,Quadra 701 - Taguatinga,7
DF-2023-00456,Samambaia,Roubo a Comércio,2023-11-05,2023,11,17:42,Tarde,-15.877862,-48.070203,Quadra 360 - Samambaia,6
DF-2023-00457,Taguatinga,Roubo em Coletivo,2023-01-07,2023,1,13:05,Tarde,-15.821194,-48.06631,Quadra 184 - Taguatinga,6
DF-2023-00458,Sobradinho,Violência Doméstica,2023-10-11,2023,10,17:33,Tarde,-15.66163,-47.814274,Quadra 284 - Sobradinho,8
DF-2023-00459,Samambaia,Roubo em Coletivo,2023-04-23,2023,4,18:37,Noite,-15.880879,-48.063602,Quadra 317 - Samambaia,6
DF-2022-00460,Ceilândia,Roubo a Transeunte,2022-08-22,2022,8,23:45,Noite,-15.805202,-48.08047,Quadra 264 - Ceilândia,6
DF-2023-00461,Samambaia,Furto a Transeunte,2023-03-13,2023,3,21:05,Noite,-15.884929,-48.082821,Quadra 729 - Samambaia,3
DF-2024-00462,Santa Maria,Homicídio Doloso,2024-11-22,2024,11,21:09,Noite,-15.996878,-47.996411,Quadra 340 - Santa Maria,10
DF-2022-00463,Taguatinga,Roubo a Comércio,2022-05-27,2022,5,10:05,Manhã,-15.817426,-48.052555,Quadra 482 - Taguatinga,6
DF-2023-00464,Samambaia,Furto a Transeunte,2023-08-08,2023,8,06:24,Manhã,-15.874878,-48.096052,Quadra 444 - Samambaia,3
DF-2024-00465,Vicente Pires,Furto a Transeunte,2024-02-23,2024,2,14:11,Tarde,-15.812693,-48.037601,Quadra 127 - Vicente Pires,3
DF-2023-00466,Guará,Furto a Transeunte,2023-09-29,2023,9,18:08,Noite,-15.851281,-47.996065,Quadra 657 - Guará,3
DF-2023-00467,Santa Maria,Roubo a Comércio,2023-10-06,2023,10,22:22,Noite,-16.007679,-48.000003,Quadra 473 - Santa Maria,6
DF-2023-00468,Taguatinga,Violência Doméstica,2023-01-17,2023,1,19:08,Noite,-15.847528,-48.066811,Quadra 433 - Taguatinga,8
DF-2022-00469,Plano Piloto,Roubo a Transeunte,2022-11-21,2022,11,06:47,Manhã,-15.804434,-47.870289,Quadra 761 - Plano Piloto,6
DF-2022-00470,Taguatinga,Roubo a Transeunte,2022-05-31,2022,5,21:52,Noite,-15.826456,-48.053537,Quadra 497 - Taguatinga,6
DF-2023-00471,Planaltina,Roubo a Transeunte,2023-01-31,2023,1,15:06,Tarde,-15.623186,-47.667396,Quadra 164 - Planaltina,6
DF-2023-00472,Planaltina,Roubo a Transeunte,2023-11-18,2023,11,00:40,Madrugada,-15.596493,-47.667648,Quadra 106 - Planaltina,6
DF-2023-00473,Santa Maria,Roubo de Veículo,2023-10-12,2023,10,17:05,Tarde,-16.002352,-47.988649,Quadra 639 - Santa Maria,7
DF-2022-00474,Gama,Roubo a Transeunte,2022-11-20,2022,11,13:54,Tarde,-16.007835,-48.055598,Quadra 367 - Gama,6
DF-2024-00475,Ceilândia,Furto de Veículo,2024-06-15,2024,6,07:11,Manhã,-15.824366,-48.113621,Quadra 394 - Ceilândia,4
DF-2022-00476,Plano Piloto,Tráfico de Drogas,2022-08-08,2022,8,18:11,Noite,-15.809719,-47.882231,Quadra 493 - Plano Piloto,5
DF-2023-00477,Samambaia,Roubo a Transeunte,2023-12-15,2023,12,23:31,Noite,-15.854398,-48.084861,Quadra 373 - Samambaia,6
DF-2023-00478,Taguatinga,Roubo a Comércio,2023-01-15,2023,1,18:29,Noite,-15.838246,-48.064291,Quadra 762 - Taguatinga,6
DF-2023-00479,Recanto das Emas,Furto a Transeunte,2023-10-10,2023,10,09:44,Manhã,-15.907884,-48.071607,Quadra 673 - Recanto das Emas,3
DF-2022-00480,Santa Maria,Violência Doméstica,2022-12-31,2022,12,17:03,Tarde,-16.010164,-47.988302,Quadra 169 - Santa Maria,8
DF-2022-00481,Santa Maria,Furto a Transeunte,2022-03-06,2022,3,11:16,Manhã,-15.998918,-47.987816,Quadra 289 - Santa Maria,3
DF-2024-00482,Ceilândia,Violência Doméstica,2024-08-08,2024,8,04:47,Madrugada,-15.813033,-48.10302,Quadra 657 - Ceilândia,8
DF-2022-00483,Gama,Roubo a Comércio,2022-11-05,2022,11,00:53,Madrugada,-16.028419,-48.054054,Quadra 512 - Gama,6
DF-2024-00484,Ceilândia,Roubo de Veículo,2024-01-03,2024,1,23:59,Noite,-15.836917,-48.103403,Quadra 650 - Ceilândia,7
DF-2023-00485,Gama,Homicídio Doloso,2023-06-19,2023,6,09:41,Manhã,-16.015139,-48.051632,Quadra 324 - Gama,10
DF-2022-00486,Ceilândia,Roubo a Transeunte,2022-06-02,2022,6,09:45,Manhã,-15.811373,-48.138978,Quadra 592 - Ceilândia,6
DF-2024-00487,Recanto das Emas,Roubo de Veículo,2024-03-17,2024,3,16:38,Tarde,-15.91777,-48.072747,Quadra 666 - Recanto das Emas,7
DF-2024-00488,Plano Piloto,Roubo em Coletivo,2024-05-28,2024,5,06:31,Manhã,-15.788155,-47.865269,Quadra 284 - Plano Piloto,6
DF-2022-00489,Guará,Roubo de Veículo,2022-04-04,2022,4,15:06,Tarde,-15.852776,-47.983564,Quadra 118 - Guará,7
DF-2022-00490,Samambaia,Furto de Veículo,2022-03-31,2022,3,11:45,Manhã,-15.865121,-48.083204,Quadra 117 - Samambaia,4
DF-2022-00491,Gama,Roubo a Transeunte,2022-01-30,2022,1,23:05,Noite,-16.007397,-48.068478,Quadra 103 - Gama,6
DF-2023-00492,Plano Piloto,Roubo a Transeunte,2023-07-20,2023,7,19:28,Noite,-15.795619,-47.866542,Quadra 368 - Plano Piloto,6
DF-2022-00493,Plano Piloto,Furto a Transeunte,2022-10-07,2022,10,21:31,Noite,-15.804098,-47.886257,Quadra 272 - Plano Piloto,3
DF-2023-00494,Recanto das Emas,Roubo a Transeunte,2023-09-28,2023,9,15:24,Tarde,-15.913437,-48.078609,Quadra 323 - Recanto das Emas,6
DF-2024-00495,Gama,Homicídio Doloso,2024-05-30,2024,5,23:10,Noite,-16.003418,-48.040835,Quadra 439 - Gama,10
DF-2022-00496,Guará,Roubo a Comércio,2022-09-17,2022,9,18:12,Noite,-15.792024,-47.969575,Quadra 631 - Guará,6
DF-2023-00497,Ceilândia,Roubo a Transeunte,2023-04-06,2023,4,06:12,Manhã,-15.833085,-48.116355,Quadra 437 - Ceilândia,6
DF-2024-00498,Samambaia,Tráfico de Drogas,2024-06-19,2024,6,07:57,Manhã,-15.874605,-48.080205,Quadra 322 - Samambaia,5
DF-2024-00499,Santa Maria,Furto de Veículo,2024-04-06,2024,4,11:11,Manhã,-15.997093,-48.019166,Quadra 319 - Santa Maria,4
DF-2023-00500,Gama,Homicídio Doloso,2023-01-17,2023,1,07:55,Manhã,-16.003769,-48.069755,Quadra 331 - Gama,10
DF-2024-00501,Samambaia,Roubo a Transeunte,2024-02-26,2024,2,10:49,Manhã,-15.877059,-48.06973,Quadra 214 - Samambaia,6
DF-2022-00502,Ceilândia,Roubo de Veículo,2022-10-21,2022,10,11:54,Manhã,-15.804685,-48.107983,Quadra 349 - Ceilândia,7
DF-2024-00503,Santa Maria,Roubo a Transeunte,2024-07-15,2024,7,12:53,Tarde,-16.019762,-48.009288,Quadra 464 - Santa Maria,6
DF-2022-00504,Ceilândia,Roubo de Veículo,2022-03-07,2022,3,01:06,Madrugada,-15.837521,-48.132319,Quadra 477 - Ceilândia,7
DF-2022-00505,Ceilândia,Roubo a Comércio,2022-06-30,2022,6,20:30,Noite,-15.81816,-48.13844,Quadra 200 - Ceilândia,6
DF-2023-00506,Ceilândia,Roubo de Veículo,2023-10-07,2023,10,16:16,Tarde,-15.811562,-48.089118,Quadra 138 - Ceilândia,7
DF-2022-00507,Plano Piloto,Roubo a Transeunte,2022-04-12,2022,4,17:01,Tarde,-15.793647,-47.883277,Quadra 451 - Plano Piloto,6
DF-2023-00508,Taguatinga,Roubo de Veículo,2023-12-08,2023,12,16:58,Tarde,-15.843951,-48.044575,Quadra 305 - Taguatinga,7
DF-2022-00509,Águas Claras,Roubo de Veículo,2022-10-10,2022,10,05:36,Madrugada,-15.844474,-48.024145,Quadra 662 - Águas Claras,7
DF-2023-00510,Samambaia,Roubo em Coletivo,2023-10-30,2023,10,09:51,Manhã,-15.880821,-48.075174,Quadra 561 - Samambaia,6
DF-2022-00511,Planaltina,Tráfico de Drogas,2022-01-29,2022,1,13:47,Tarde,-15.614732,-47.695821,Quadra 415 - Planaltina,5
DF-2022-00512,Gama,Violência Doméstica,2022-08-22,2022,8,23:16,Noite,-15.997254,-48.052145,Quadra 483 - Gama,8
DF-2024-00513,Vicente Pires,Latrocínio,2024-10-04,2024,10,14:53,Tarde,-15.804995,-48.034434,Quadra 223 - Vicente Pires,10
DF-2024-00514,Santa Maria,Roubo a Transeunte,2024-01-28,2024,1,06:00,Manhã,-16.009133,-48.00232,Quadra 360 - Santa Maria,6
DF-2024-00515,Gama,Roubo a Comércio,2024-12-27,2024,12,21:35,Noite,-16.03598,-48.064949,Quadra 384 - Gama,6
DF-2023-00516,Ceilândia,Roubo de Veículo,2023-01-12,2023,1,15:29,Tarde,-15.818575,-48.1041,Quadra 663 - Ceilândia,7
DF-2023-00517,Samambaia,Roubo de Veículo,2023-08-25,2023,8,10:50,Manhã,-15.885897,-48.083701,Quadra 458 - Samambaia,7
DF-2023-00518,Ceilândia,Roubo de Veículo,2023-02-14,2023,2,15:30,Tarde,-15.824727,-48.120424,Quadra 596 - Ceilândia,7
DF-2024-00519,Taguatinga,Roubo de Veículo,2024-05-20,2024,5,17:36,Tarde,-15.827196,-48.071848,Quadra 374 - Taguatinga,7
DF-2024-00520,Plano Piloto,Roubo a Transeunte,2024-10-05,2024,10,21:54,Noite,-15.787007,-47.899061,Quadra 645 - Plano Piloto,6
DF-2024-00521,Ceilândia,Violência Doméstica,2024-09-04,2024,9,01:37,Madrugada,-15.835275,-48.102766,Quadra 717 - Ceilândia,8
DF-2022-00522,Sobradinho,Roubo de Veículo,2022-03-28,2022,3,20:59,Noite,-15.64325,-47.777034,Quadra 407 - Sobradinho,7
DF-2023-00523,Vicente Pires,Roubo a Comércio,2023-06-28,2023,6,15:28,Tarde,-15.81666,-48.035936,Quadra 386 - Vicente Pires,6
DF-2023-00524,Ceilândia,Roubo a Transeunte,2023-10-30,2023,10,07:36,Manhã,-15.818743,-48.132025,Quadra 332 - Ceilândia,6
DF-2023-00525,Samambaia,Roubo a Transeunte,2023-09-20,2023,9,15:06,Tarde,-15.86947,-48.096257,Quadra 649 - Samambaia,6
DF-2024-00526,Ceilândia,Furto a Transeunte,2024-07-06,2024,7,21:54,Noite,-15.824642,-48.120236,Quadra 388 - Ceilândia,3
DF-2022-00527,Ceilândia,Furto de Veículo,2022-02-14,2022,2,04:51,Madrugada,-15.832065,-48.095342,Quadra 326 - Ceilândia,4
DF-2024-00528,Taguatinga,Violência Doméstica,2024-02-25,2024,2,02:20,Madrugada,-15.846032,-48.055245,Quadra 742 - Taguatinga,8
DF-2022-00529,Gama,Roubo a Comércio,2022-01-19,2022,1,21:48,Noite,-16.012633,-48.088051,Quadra 512 - Gama,6
DF-2024-00530,Plano Piloto,Roubo em Coletivo,2024-07-12,2024,7,05:05,Madrugada,-15.782846,-47.859732,Quadra 552 - Plano Piloto,6
DF-2022-00531,Ceilândia,Violência Doméstica,2022-05-26,2022,5,23:12,Noite,-15.817017,-48.101606,Quadra 398 - Ceilândia,8
DF-2024-00532,Ceilândia,Roubo a Transeunte,2024-12-17,2024,12,08:48,Manhã,-15.821934,-48.110067,Quadra 480 - Ceilândia,6
DF-2022-00533,Ceilândia,Roubo de Veículo,2022-03-12,2022,3,01:36,Madrugada,-15.803701,-48.101011,Quadra 349 - Ceilândia,7
DF-2023-00534,Taguatinga,Roubo de Veículo,2023-07-10,2023,7,19:38,Noite,-15.830984,-48.070142,Quadra 245 - Taguatinga,7
DF-2022-00535,Taguatinga,Latrocínio,2022-10-20,2022,10,22:45,Noite,-15.866911,-48.037659,Quadra 759 - Taguatinga,10
DF-2023-00536,Taguatinga,Violência Doméstica,2023-06-16,2023,6,13:20,Tarde,-15.839818,-48.046782,Quadra 356 - Taguatinga,8
DF-2024-00537,Taguatinga,Roubo a Comércio,2024-09-12,2024,9,05:53,Madrugada,-15.823696,-48.042714,Quadra 575 - Taguatinga,6
DF-2023-00538,Gama,Roubo a Transeunte,2023-09-20,2023,9,14:08,Tarde,-16.037565,-48.072484,Quadra 670 - Gama,6
DF-2024-00539,Guará,Roubo em Coletivo,2024-10-27,2024,10,03:37,Madrugada,-15.834179,-47.97634,Quadra 367 - Guará,6
DF-2023-00540,Samambaia,Roubo a Transeunte,2023-11-21,2023,11,14:18,Tarde,-15.878722,-48.092033,Quadra 558 - Samambaia,6
DF-2024-00541,Ceilândia,Roubo a Comércio,2024-03-26,2024,3,14:46,Tarde,-15.81888,-48.09737,Quadra 200 - Ceilândia,6
DF-2022-00542,Samambaia,Furto a Transeunte,2022-01-13,2022,1,02:19,Madrugada,-15.888902,-48.069892,Quadra 394 - Samambaia,3
DF-2024-00543,Ceilândia,Roubo a Transeunte,2024-07-08,2024,7,03:58,Madrugada,-15.810999,-48.106326,Quadra 629 - Ceilândia,6
DF-2022-00544,Gama,Violência Doméstica,2022-01-09,2022,1,10:47,Manhã,-16.028366,-48.073721,Quadra 543 - Gama,8
DF-2022-00545,Ceilândia,Roubo de Veículo,2022-03-07,2022,3,09:19,Manhã,-15.839045,-48.10343,Quadra 598 - Ceilândia,7
DF-2022-00546,Plano Piloto,Roubo de Veículo,2022-02-20,2022,2,17:31,Tarde,-15.797863,-47.882264,Quadra 742 - Plano Piloto,7
DF-2023-00547,Samambaia,Roubo a Comércio,2023-10-26,2023,10,20:17,Noite,-15.871535,-48.071868,Quadra 181 - Samambaia,6
DF-2024-00548,Plano Piloto,Violência Doméstica,2024-04-24,2024,4,14:31,Tarde,-15.779098,-47.92941,Quadra 166 - Plano Piloto,8
DF-2022-00549,Samambaia,Violência Doméstica,2022-08-31,2022,8,10:42,Manhã,-15.886909,-48.044898,Quadra 739 - Samambaia,8
DF-2024-00550,Gama,Roubo a Transeunte,2024-05-05,2024,5,23:48,Noite,-16.013316,-48.08737,Quadra 455 - Gama,6
DF-2024-00551,Ceilândia,Roubo de Veículo,2024-06-16,2024,6,18:18,Noite,-15.810145,-48.123834,Quadra 496 - Ceilândia,7
DF-2023-00552,Ceilândia,Roubo em Coletivo,2023-09-28,2023,9,16:16,Tarde,-15.809595,-48.137651,Quadra 568 - Ceilândia,6
DF-2022-00553,Samambaia,Roubo a Transeunte,2022-03-09,2022,3,15:16,Tarde,-15.891978,-48.091636,Quadra 598 - Samambaia,6
DF-2022-00554,Gama,Roubo a Comércio,2022-03-28,2022,3,21:56,Noite,-16.002087,-48.055879,Quadra 194 - Gama,6
DF-2024-00555,Taguatinga,Tráfico de Drogas,2024-05-22,2024,5,00:52,Madrugada,-15.81323,-48.087087,Quadra 280 - Taguatinga,5
DF-2022-00556,Gama,Violência Doméstica,2022-02-14,2022,2,13:01,Tarde,-16.010546,-48.057224,Quadra 514 - Gama,8
DF-2024-00557,Ceilândia,Furto de Veículo,2024-06-25,2024,6,19:26,Noite,-15.813074,-48.093598,Quadra 215 - Ceilândia,4
DF-2023-00558,Taguatinga,Furto a Transeunte,2023-11-15,2023,11,07:02,Manhã,-15.825559,-48.061291,Quadra 502 - Taguatinga,3
DF-2022-00559,Plano Piloto,Roubo a Transeunte,2022-06-17,2022,6,16:21,Tarde,-15.806126,-47.890237,Quadra 777 - Plano Piloto,6
DF-2024-00560,Guará,Roubo a Transeunte,2024-10-22,2024,10,17:59,Tarde,-15.843864,-47.995011,Quadra 680 - Guará,6
DF-2022-00561,Ceilândia,Roubo a Transeunte,2022-07-26,2022,7,19:19,Noite,-15.836938,-48.109068,Quadra 366 - Ceilândia,6
DF-2024-00562,Gama,Roubo a Transeunte,2024-06-22,2024,6,09:13,Manhã,-16.014536,-48.070755,Quadra 171 - Gama,6
DF-2022-00563,Samambaia,Roubo em Coletivo,2022-01-17,2022,1,16:14,Tarde,-15.851844,-48.090443,Quadra 747 - Samambaia,6
DF-2024-00564,Planaltina,Roubo em Coletivo,2024-03-13,2024,3,10:00,Manhã,-15.627348,-47.674535,Quadra 148 - Planaltina,6
DF-2023-00565,Sobradinho,Roubo de Veículo,2023-09-05,2023,9,06:51,Manhã,-15.656435,-47.770948,Quadra 138 - Sobradinho,7
DF-2024-00566,Ceilândia,Roubo a Transeunte,2024-09-25,2024,9,17:19,Tarde,-15.808683,-48.145941,Quadra 204 - Ceilândia,6
DF-2024-00567,Samambaia,Violência Doméstica,2024-10-28,2024,10,00:07,Madrugada,-15.887292,-48.061031,Quadra 429 - Samambaia,8
DF-2022-00568,Taguatinga,Roubo em Coletivo,2022-08-03,2022,8,20:41,Noite,-15.842507,-48.076214,Quadra 130 - Taguatinga,6
DF-2023-00569,Ceilândia,Roubo a Transeunte,2023-01-16,2023,1,00:05,Madrugada,-15.830675,-48.111936,Quadra 376 - Ceilândia,6
DF-2022-00570,Taguatinga,Furto de Veículo,2022-04-13,2022,4,03:28,Madrugada,-15.832691,-48.03459,Quadra 624 - Taguatinga,4
DF-2023-00571,Planaltina,Roubo a Transeunte,2023-05-13,2023,5,15:42,Tarde,-15.600578,-47.640457,Quadra 510 - Planaltina,6
DF-2024-00572,Plano Piloto,Roubo a Transeunte,2024-03-25,2024,3,14:34,Tarde,-15.782643,-47.905008,Quadra 692 - Plano Piloto,6
DF-2023-00573,Vicente Pires,Roubo a Transeunte,2023-11-11,2023,11,01:54,Madrugada,-15.823587,-48.035488,Quadra 306 - Vicente Pires,6
DF-2023-00574,Taguatinga,Roubo a Transeunte,2023-04-18,2023,4,21:25,Noite,-15.823692,-48.05637,Quadra 573 - Taguatinga,6
DF-2024-00575,Taguatinga,Furto de Veículo,2024-08-16,2024,8,20:00,Noite,-15.826136,-48.04776,Quadra 457 - Taguatinga,4
DF-2024-00576,Santa Maria,Roubo de Veículo,2024-11-19,2024,11,23:02,Noite,-16.025215,-47.979443,Quadra 420 - Santa Maria,7
DF-2023-00577,Gama,Furto de Veículo,2023-01-03,2023,1,23:46,Noite,-16.012973,-48.056466,Quadra 210 - Gama,4
DF-2023-00578,Ceilândia,Roubo a Transeunte,2023-07-27,2023,7,15:29,Tarde,-15.821853,-48.109807,Quadra 679 - Ceilândia,6
DF-2024-00579,Taguatinga,Roubo a Transeunte,2024-03-29,2024,3,02:38,Madrugada,-15.821479,-48.051584,Quadra 312 - Taguatinga,6
DF-2023-00580,Planaltina,Roubo a Transeunte,2023-05-20,2023,5,17:50,Tarde,-15.624604,-47.646224,Quadra 400 - Planaltina,6
DF-2023-00581,Ceilândia,Tráfico de Drogas,2023-02-23,2023,2,19:02,Noite,-15.812018,-48.129279,Quadra 283 - Ceilândia,5
DF-2024-00582,Guará,Roubo a Transeunte,2024-04-01,2024,4,19:40,Noite,-15.839922,-47.975253,Quadra 109 - Guará,6
DF-2024-00583,Gama,Tráfico de Drogas,2024-08-05,2024,8,11:23,Manhã,-16.02292,-48.086817,Quadra 347 - Gama,5
DF-2022-00584,Taguatinga,Roubo a Transeunte,2022-02-14,2022,2,21:42,Noite,-15.841703,-48.050262,Quadra 207 - Taguatinga,6
DF-2022-00585,Plano Piloto,Roubo a Transeunte,2022-01-15,2022,1,16:06,Tarde,-15.80317,-47.874989,Quadra 505 - Plano Piloto,6
DF-2024-00586,Samambaia,Roubo a Transeunte,2024-12-06,2024,12,20:25,Noite,-15.899849,-48.087182,Quadra 212 - Samambaia,6
DF-2024-00587,Santa Maria,Roubo de Veículo,2024-04-05,2024,4,03:51,Madrugada,-16.01541,-47.989343,Quadra 107 - Santa Maria,7
DF-2022-00588,Ceilândia,Tráfico de Drogas,2022-06-27,2022,6,13:17,Tarde,-15.826857,-48.135002,Quadra 144 - Ceilândia,5
DF-2022-00589,Taguatinga,Roubo a Transeunte,2022-12-14,2022,12,13:52,Tarde,-15.831066,-48.064729,Quadra 453 - Taguatinga,6
DF-2023-00590,Guará,Tráfico de Drogas,2023-08-13,2023,8,17:38,Tarde,-15.820474,-48.001698,Quadra 784 - Guará,5
DF-2024-00591,Plano Piloto,Roubo a Transeunte,2024-11-02,2024,11,20:33,Noite,-15.804972,-47.893629,Quadra 280 - Plano Piloto,6
DF-2024-00592,Samambaia,Roubo em Coletivo,2024-02-04,2024,2,16:54,Tarde,-15.871361,-48.082617,Quadra 612 - Samambaia,6
DF-2024-00593,Gama,Roubo a Comércio,2024-07-27,2024,7,01:07,Madrugada,-16.023245,-48.067125,Quadra 501 - Gama,6
DF-2023-00594,Gama,Roubo a Comércio,2023-03-18,2023,3,13:18,Tarde,-15.984942,-48.079994,Quadra 579 - Gama,6
DF-2024-00595,Águas Claras,Roubo a Transeunte,2024-05-18,2024,5,20:40,Noite,-15.837121,-48.056248,Quadra 112 - Águas Claras,6
DF-2024-00596,Gama,Roubo de Veículo,2024-05-12,2024,5,21:01,Noite,-15.993528,-48.071673,Quadra 109 - Gama,7
DF-2023-00597,Taguatinga,Roubo de Veículo,2023-09-10,2023,9,14:05,Tarde,-15.843544,-48.053044,Quadra 146 - Taguatinga,7
DF-2024-00598,São Sebastião,Roubo de Veículo,2024-03-27,2024,3,15:15,Tarde,-15.907382,-47.773746,Quadra 618 - São Sebastião,7
DF-2024-00599,Guará,Roubo a Transeunte,2024-03-20,2024,3,04:04,Madrugada,-15.814901,-47.98447,Quadra 381 - Guará,6
DF-2022-00600,Gama,Roubo de Veículo,2022-12-06,2022,12,02:05,Madrugada,-16.010241,-48.061176,Quadra 395 - Gama,7
DF-2023-00601,Taguatinga,Roubo de Veículo,2023-03-03,2023,3,05:14,Madrugada,-15.831691,-48.060451,Quadra 788 - Taguatinga,7
DF-2024-00602,Águas Claras,Roubo a Comércio,2024-07-21,2024,7,23:02,Noite,-15.820831,-48.034645,Quadra 257 - Águas Claras,6
DF-2022-00603,Planaltina,Violência Doméstica,2022-07-05,2022,7,04:14,Madrugada,-15.637095,-47.65869,Quadra 626 - Planaltina,8
DF-2023-00604,Samambaia,Furto de Veículo,2023-04-29,2023,4,21:10,Noite,-15.870218,-48.055621,Quadra 667 - Samambaia,4
DF-2023-00605,Taguatinga,Roubo a Comércio,2023-04-11,2023,4,18:10,Noite,-15.822614,-48.041412,Quadra 475 - Taguatinga,6
DF-2022-00606,Ceilândia,Roubo de Veículo,2022-01-03,2022,1,12:50,Tarde,-15.814632,-48.11348,Quadra 124 - Ceilândia,7
DF-2022-00607,Planaltina,Roubo a Transeunte,2022-10-06,2022,10,19:56,Noite,-15.606543,-47.649243,Quadra 666 - Planaltina,6
DF-2023-00608,Plano Piloto,Latrocínio,2023-12-05,2023,12,14:59,Tarde,-15.821226,-47.893744,Quadra 695 - Plano Piloto,10
DF-2023-00609,Santa Maria,Roubo em Coletivo,2023-10-11,2023,10,04:42,Madrugada,-16.020228,-48.005527,Quadra 357 - Santa Maria,6
DF-2022-00610,Santa Maria,Roubo a Transeunte,2022-03-20,2022,3,05:52,Madrugada,-16.026359,-47.981981,Quadra 786 - Santa Maria,6
DF-2023-00611,Gama,Furto de Veículo,2023-12-14,2023,12,16:17,Tarde,-15.982544,-48.093179,Quadra 455 - Gama,4
DF-2024-00612,Taguatinga,Furto de Veículo,2024-09-25,2024,9,02:00,Madrugada,-15.815885,-48.055464,Quadra 656 - Taguatinga,4
DF-2022-00613,Recanto das Emas,Violência Doméstica,2022-11-15,2022,11,21:19,Noite,-15.926971,-48.065052,Quadra 523 - Recanto das Emas,8
DF-2024-00614,Ceilândia,Roubo a Transeunte,2024-08-04,2024,8,23:43,Noite,-15.833772,-48.101803,Quadra 487 - Ceilândia,6
DF-2024-00615,Taguatinga,Roubo de Veículo,2024-02-29,2024,2,02:26,Madrugada,-15.843214,-48.06644,Quadra 600 - Taguatinga,7
DF-2022-00616,Ceilândia,Roubo de Veículo,2022-11-08,2022,11,15:30,Tarde,-15.819119,-48.105797,Quadra 491 - Ceilândia,7
DF-2024-00617,Ceilândia,Furto a Transeunte,2024-11-26,2024,11,15:06,Tarde,-15.792625,-48.113675,Quadra 518 - Ceilândia,3
DF-2023-00618,Plano Piloto,Tráfico de Drogas,2023-01-09,2023,1,05:58,Madrugada,-15.811866,-47.897385,Quadra 522 - Plano Piloto,5
DF-2022-00619,Plano Piloto,Tráfico de Drogas,2022-10-26,2022,10,06:47,Manhã,-15.806664,-47.892494,Quadra 670 - Plano Piloto,5
DF-2024-00620,Plano Piloto,Violência Doméstica,2024-11-09,2024,11,16:06,Tarde,-15.816259,-47.892079,Quadra 498 - Plano Piloto,8
DF-2022-00621,Sobradinho,Roubo de Veículo,2022-05-12,2022,5,06:41,Manhã,-15.645105,-47.761307,Quadra 270 - Sobradinho,7
DF-2024-00622,Taguatinga,Roubo a Transeunte,2024-11-13,2024,11,17:54,Tarde,-15.855118,-48.037329,Quadra 412 - Taguatinga,6
DF-2024-00623,Planaltina,Roubo a Transeunte,2024-08-19,2024,8,15:53,Tarde,-15.633122,-47.666616,Quadra 517 - Planaltina,6
DF-2024-00624,Santa Maria,Roubo a Transeunte,2024-02-14,2024,2,19:13,Noite,-15.99871,-48.002866,Quadra 540 - Santa Maria,6
DF-2022-00625,Plano Piloto,Roubo a Transeunte,2022-10-23,2022,10,14:57,Tarde,-15.786585,-47.873386,Quadra 340 - Plano Piloto,6
DF-2024-00626,Ceilândia,Roubo em Coletivo,2024-05-04,2024,5,13:55,Tarde,-15.815157,-48.124194,Quadra 779 - Ceilândia,6
DF-2024-00627,Santa Maria,Furto a Transeunte,2024-09-27,2024,9,07:44,Manhã,-16.027254,-47.982718,Quadra 588 - Santa Maria,3
DF-2023-00628,Samambaia,Roubo a Transeunte,2023-11-02,2023,11,16:09,Tarde,-15.874302,-48.100423,Quadra 519 - Samambaia,6
DF-2024-00629,Taguatinga,Roubo em Coletivo,2024-08-08,2024,8,20:03,Noite,-15.841504,-48.048808,Quadra 765 - Taguatinga,6
DF-2023-00630,Ceilândia,Roubo a Transeunte,2023-06-04,2023,6,08:56,Manhã,-15.830845,-48.12658,Quadra 486 - Ceilândia,6
DF-2024-00631,Samambaia,Roubo de Veículo,2024-01-17,2024,1,14:29,Tarde,-15.8439,-48.080104,Quadra 556 - Samambaia,7
DF-2022-00632,Ceilândia,Roubo de Veículo,2022-06-27,2022,6,13:15,Tarde,-15.814032,-48.120052,Quadra 217 - Ceilândia,7
DF-2022-00633,Sobradinho,Violência Doméstica,2022-03-26,2022,3,06:26,Manhã,-15.664172,-47.769133,Quadra 524 - Sobradinho,8
DF-2022-00634,Taguatinga,Roubo de Veículo,2022-02-11,2022,2,02:05,Madrugada,-15.825048,-48.064035,Quadra 688 - Taguatinga,7
DF-2022-00635,Samambaia,Roubo a Transeunte,2022-12-14,2022,12,01:41,Madrugada,-15.861113,-48.092768,Quadra 558 - Samambaia,6
DF-2022-00636,Samambaia,Roubo a Transeunte,2022-04-15,2022,4,17:57,Tarde,-15.863073,-48.081849,Quadra 135 - Samambaia,6
DF-2023-00637,Ceilândia,Roubo em Coletivo,2023-02-06,2023,2,02:55,Madrugada,-15.806275,-48.109134,Quadra 461 - Ceilândia,6
DF-2023-00638,Ceilândia,Roubo a Comércio,2023-01-31,2023,1,22:52,Noite,-15.822429,-48.102212,Quadra 444 - Ceilândia,6
DF-2022-00639,Plano Piloto,Roubo a Comércio,2022-03-10,2022,3,20:16,Noite,-15.80634,-47.863611,Quadra 299 - Plano Piloto,6
DF-2023-00640,Planaltina,Furto de Veículo,2023-09-05,2023,9,05:23,Madrugada,-15.615937,-47.654728,Quadra 357 - Planaltina,4
DF-2022-00641,Taguatinga,Roubo a Transeunte,2022-12-28,2022,12,15:35,Tarde,-15.821691,-48.062322,Quadra 451 - Taguatinga,6
DF-2023-00642,Taguatinga,Roubo de Veículo,2023-10-01,2023,10,15:07,Tarde,-15.841976,-48.068037,Quadra 791 - Taguatinga,7
DF-2022-00643,Guará,Furto a Transeunte,2022-10-23,2022,10,14:10,Tarde,-15.80085,-47.969307,Quadra 326 - Guará,3
DF-2022-00644,Gama,Roubo de Veículo,2022-10-13,2022,10,13:22,Tarde,-16.005642,-48.055094,Quadra 608 - Gama,7
DF-2022-00645,Guará,Roubo a Transeunte,2022-02-11,2022,2,17:53,Tarde,-15.825305,-47.984671,Quadra 277 - Guará,6
DF-2022-00646,Ceilândia,Furto a Transeunte,2022-01-04,2022,1,02:04,Madrugada,-15.82365,-48.115754,Quadra 640 - Ceilândia,3
DF-2022-00647,Sobradinho,Violência Doméstica,2022-09-02,2022,9,07:15,Manhã,-15.639047,-47.789917,Quadra 277 - Sobradinho,8
DF-2022-00648,Ceilândia,Roubo a Transeunte,2022-11-11,2022,11,16:10,Tarde,-15.836831,-48.132668,Quadra 575 - Ceilândia,6
DF-2024-00649,Samambaia,Roubo de Veículo,2024-03-15,2024,3,23:07,Noite,-15.871837,-48.078842,Quadra 655 - Samambaia,7
DF-2022-00650,Plano Piloto,Tráfico de Drogas,2022-03-29,2022,3,12:33,Tarde,-15.796142,-47.885489,Quadra 102 - Plano Piloto,5
DF-2023-00651,Taguatinga,Tráfico de Drogas,2023-12-12,2023,12,14:44,Tarde,-15.850215,-48.049844,Quadra 681 - Taguatinga,5
DF-2022-00652,Ceilândia,Roubo a Transeunte,2022-03-02,2022,3,18:50,Noite,-15.809409,-48.111467,Quadra 381 - Ceilândia,6
DF-2024-00653,Recanto das Emas,Roubo a Transeunte,2024-05-16,2024,5,22:21,Noite,-15.88428,-48.068293,Quadra 229 - Recanto das Emas,6
DF-2023-00654,Plano Piloto,Roubo a Transeunte,2023-09-22,2023,9,15:43,Tarde,-15.792014,-47.845905,Quadra 372 - Plano Piloto,6
DF-2022-00655,Ceilândia,Roubo a Transeunte,2022-07-26,2022,7,17:42,Tarde,-15.826631,-48.103829,Quadra 596 - Ceilândia,6
DF-2023-00656,Ceilândia,Violência Doméstica,2023-01-03,2023,1,15:47,Tarde,-15.831587,-48.121172,Quadra 796 - Ceilândia,8
DF-2024-00657,Plano Piloto,Violência Doméstica,2024-07-10,2024,7,13:37,Tarde,-15.782514,-47.894181,Quadra 377 - Plano Piloto,8
DF-2022-00658,Ceilândia,Tráfico de Drogas,2022-06-06,2022,6,13:02,Tarde,-15.828902,-48.122822,Quadra 208 - Ceilândia,5
DF-2022-00659,Vicente Pires,Violência Doméstica,2022-03-07,2022,3,03:08,Madrugada,-15.811997,-48.02508,Quadra 520 - Vicente Pires,8
DF-2022-00660,Plano Piloto,Violência Doméstica,2022-04-25,2022,4,15:52,Tarde,-15.800783,-47.889759,Quadra 598 - Plano Piloto,8
DF-2023-00661,Plano Piloto,Roubo a Transeunte,2023-03-11,2023,3,19:32,Noite,-15.80125,-47.893936,Quadra 205 - Plano Piloto,6
DF-2022-00662,Sobradinho,Violência Doméstica,2022-01-11,2022,1,16:47,Tarde,-15.638456,-47.762991,Quadra 166 - Sobradinho,8
DF-2024-00663,Guará,Violência Doméstica,2024-05-17,2024,5,23:01,Noite,-15.812227,-47.985945,Quadra 198 - Guará,8
DF-2024-00664,Taguatinga,Roubo de Veículo,2024-01-11,2024,1,15:42,Tarde,-15.827634,-48.053588,Quadra 447 - Taguatinga,7
DF-2022-00665,Plano Piloto,Violência Doméstica,2022-01-01,2022,1,23:30,Noite,-15.783175,-47.885568,Quadra 428 - Plano Piloto,8
DF-2023-00666,Gama,Roubo de Veículo,2023-05-27,2023,5,07:38,Manhã,-16.00826,-48.043512,Quadra 175 - Gama,7
DF-2024-00667,Gama,Roubo de Veículo,2024-04-12,2024,4,21:26,Noite,-16.03647,-48.03468,Quadra 622 - Gama,7
DF-2023-00668,Guará,Roubo de Veículo,2023-10-04,2023,10,09:09,Manhã,-15.835909,-47.958862,Quadra 800 - Guará,7
DF-2023-00669,Águas Claras,Tráfico de Drogas,2023-12-23,2023,12,08:04,Manhã,-15.826448,-48.008686,Quadra 431 - Águas Claras,5
DF-2024-00670,Plano Piloto,Roubo em Coletivo,2024-04-07,2024,4,19:42,Noite,-15.818404,-47.865283,Quadra 725 - Plano Piloto,6
DF-2024-00671,Samambaia,Roubo em Coletivo,2024-11-26,2024,11,08:00,Manhã,-15.888807,-48.080099,Quadra 171 - Samambaia,6
DF-2023-00672,Samambaia,Roubo a Comércio,2023-09-01,2023,9,22:10,Noite,-15.874671,-48.067907,Quadra 438 - Samambaia,6
DF-2024-00673,Planaltina,Roubo a Transeunte,2024-10-11,2024,10,08:18,Manhã,-15.627916,-47.662278,Quadra 116 - Planaltina,6
DF-2023-00674,Ceilândia,Roubo de Veículo,2023-06-07,2023,6,17:45,Tarde,-15.843716,-48.114755,Quadra 672 - Ceilândia,7
DF-2024-00675,Taguatinga,Furto a Transeunte,2024-07-12,2024,7,20:46,Noite,-15.854871,-48.053198,Quadra 503 - Taguatinga,3
DF-2024-00676,Santa Maria,Roubo em Coletivo,2024-04-18,2024,4,11:31,Manhã,-16.017526,-48.01973,Quadra 592 - Santa Maria,6
DF-2022-00677,Recanto das Emas,Homicídio Doloso,2022-02-06,2022,2,07:52,Manhã,-15.93995,-48.062096,Quadra 688 - Recanto das Emas,10
DF-2022-00678,Taguatinga,Roubo a Transeunte,2022-12-25,2022,12,03:57,Madrugada,-15.866419,-48.048496,Quadra 781 - Taguatinga,6
DF-2024-00679,Plano Piloto,Roubo de Veículo,2024-09-21,2024,9,04:56,Madrugada,-15.821996,-47.86252,Quadra 596 - Plano Piloto,7
DF-2022-00680,Plano Piloto,Roubo a Transeunte,2022-10-23,2022,10,07:43,Manhã,-15.780302,-47.875747,Quadra 102 - Plano Piloto,6
DF-2024-00681,Plano Piloto,Roubo em Coletivo,2024-01-28,2024,1,16:19,Tarde,-15.784416,-47.880762,Quadra 305 - Plano Piloto,6
DF-2023-00682,Samambaia,Roubo em Coletivo,2023-07-02,2023,7,00:21,Madrugada,-15.885223,-48.084209,Quadra 488 - Samambaia,6
DF-2023-00683,Ceilândia,Furto de Veículo,2023-08-23,2023,8,17:28,Tarde,-15.815583,-48.129296,Quadra 111 - Ceilândia,4
DF-2024-00684,Ceilândia,Roubo a Transeunte,2024-03-25,2024,3,15:26,Tarde,-15.816519,-48.126812,Quadra 507 - Ceilândia,6
DF-2024-00685,Samambaia,Roubo a Transeunte,2024-09-28,2024,9,18:46,Noite,-15.86717,-48.069888,Quadra 333 - Samambaia,6
DF-2024-00686,Planaltina,Roubo a Transeunte,2024-04-26,2024,4,18:31,Noite,-15.648686,-47.662754,Quadra 182 - Planaltina,6
DF-2023-00687,Planaltina,Roubo a Transeunte,2023-06-09,2023,6,17:03,Tarde,-15.619987,-47.639539,Quadra 234 - Planaltina,6
DF-2024-00688,Gama,Roubo a Transeunte,2024-01-14,2024,1,16:01,Tarde,-16.025613,-48.074264,Quadra 195 - Gama,6
DF-2023-00689,Plano Piloto,Tráfico de Drogas,2023-03-18,2023,3,16:52,Tarde,-15.782964,-47.869858,Quadra 766 - Plano Piloto,5
DF-2024-00690,Recanto das Emas,Roubo de Veículo,2024-09-22,2024,9,20:56,Noite,-15.909772,-48.071737,Quadra 754 - Recanto das Emas,7
DF-2023-00691,Santa Maria,Roubo a Comércio,2023-09-23,2023,9,01:54,Madrugada,-16.016811,-47.986541,Quadra 183 - Santa Maria,6
DF-2022-00692,Guará,Roubo de Veículo,2022-03-14,2022,3,09:35,Manhã,-15.82199,-47.977871,Quadra 598 - Guará,7
DF-2023-00693,Planaltina,Roubo em Coletivo,2023-05-13,2023,5,16:17,Tarde,-15.603153,-47.666823,Quadra 249 - Planaltina,6
DF-2022-00694,Plano Piloto,Homicídio Doloso,2022-03-14,2022,3,19:02,Noite,-15.805366,-47.893839,Quadra 356 - Plano Piloto,10
DF-2023-00695,Samambaia,Roubo em Coletivo,2023-04-25,2023,4,19:43,Noite,-15.887133,-48.104947,Quadra 442 - Samambaia,6
DF-2023-00696,Taguatinga,Violência Doméstica,2023-11-01,2023,11,01:47,Madrugada,-15.81799,-48.041934,Quadra 611 - Taguatinga,8
DF-2024-00697,Samambaia,Violência Doméstica,2024-07-27,2024,7,12:34,Tarde,-15.868847,-48.076884,Quadra 519 - Samambaia,8
DF-2024-00698,Gama,Furto de Veículo,2024-11-19,2024,11,08:29,Manhã,-16.0037,-48.046047,Quadra 647 - Gama,4
DF-2024-00699,Taguatinga,Roubo em Coletivo,2024-02-16,2024,2,23:35,Noite,-15.822934,-48.079584,Quadra 665 - Taguatinga,6
DF-2024-00700,Recanto das Emas,Roubo em Coletivo,2024-01-12,2024,1,06:25,Manhã,-15.900395,-48.071079,Quadra 669 - Recanto das Emas,6
DF-2024-00701,Recanto das Emas,Roubo a Transeunte,2024-04-30,2024,4,16:19,Tarde,-15.906249,-48.052486,Quadra 358 - Recanto das Emas,6
DF-2024-00702,Taguatinga,Roubo de Veículo,2024-09-10,2024,9,05:44,Madrugada,-15.847196,-48.089671,Quadra 516 - Taguatinga,7
DF-2024-00703,Taguatinga,Roubo de Veículo,2024-03-09,2024,3,20:46,Noite,-15.842362,-48.084135,Quadra 578 - Taguatinga,7
DF-2023-00704,Ceilândia,Violência Doméstica,2023-03-17,2023,3,22:30,Noite,-15.821766,-48.119946,Quadra 792 - Ceilândia,8
DF-2022-00705,Plano Piloto,Roubo em Coletivo,2022-01-09,2022,1,06:37,Manhã,-15.793755,-47.873248,Quadra 295 - Plano Piloto,6
DF-2022-00706,Plano Piloto,Tráfico de Drogas,2022-07-27,2022,7,07:57,Manhã,-15.810768,-47.881606,Quadra 800 - Plano Piloto,5
DF-2023-00707,Guará,Violência Doméstica,2023-04-02,2023,4,13:29,Tarde,-15.821586,-47.992558,Quadra 339 - Guará,8
DF-2024-00708,Plano Piloto,Violência Doméstica,2024-05-06,2024,5,11:16,Manhã,-15.784494,-47.898754,Quadra 412 - Plano Piloto,8
DF-2023-00709,Guará,Violência Doméstica,2023-03-04,2023,3,17:19,Tarde,-15.821533,-47.978799,Quadra 188 - Guará,8
DF-2024-00710,Ceilândia,Violência Doméstica,2024-07-18,2024,7,03:03,Madrugada,-15.812117,-48.098001,Quadra 135 - Ceilândia,8
DF-2024-00711,Taguatinga,Roubo em Coletivo,2024-02-04,2024,2,22:03,Noite,-15.833413,-48.061625,Quadra 311 - Taguatinga,6
DF-2022-00712,Ceilândia,Roubo de Veículo,2022-12-07,2022,12,10:36,Manhã,-15.811498,-48.103815,Quadra 777 - Ceilândia,7
DF-2023-00713,Sobradinho,Roubo a Transeunte,2023-06-25,2023,6,13:17,Tarde,-15.651667,-47.780939,Quadra 384 - Sobradinho,6
DF-2024-00714,Taguatinga,Tráfico de Drogas,2024-09-08,2024,9,12:50,Tarde,-15.817359,-48.041193,Quadra 272 - Taguatinga,5
DF-2024-00715,Águas Claras,Roubo de Veículo,2024-03-05,2024,3,17:49,Tarde,-15.846616,-48.007799,Quadra 428 - Águas Claras,7
DF-2023-00716,Ceilândia,Roubo a Transeunte,2023-12-10,2023,12,06:45,Manhã,-15.832032,-48.10614,Quadra 558 - Ceilândia,6
DF-2022-00717,Taguatinga,Roubo a Transeunte,2022-08-06,2022,8,18:10,Noite,-15.832277,-48.072766,Quadra 430 - Taguatinga,6
DF-2023-00718,Ceilândia,Violência Doméstica,2023-10-27,2023,10,13:37,Tarde,-15.796073,-48.132634,Quadra 222 - Ceilândia,8
DF-2023-00719,Taguatinga,Roubo a Transeunte,2023-01-07,2023,1,23:07,Noite,-15.820614,-48.054625,Quadra 784 - Taguatinga,6
DF-2023-00720,Águas Claras,Roubo de Veículo,2023-11-14,2023,11,16:27,Tarde,-15.844366,-48.028661,Quadra 198 - Águas Claras,7
DF-2022-00721,Plano Piloto,Roubo em Coletivo,2022-03-30,2022,3,21:41,Noite,-15.782446,-47.876403,Quadra 360 - Plano Piloto,6
DF-2024-00722,Plano Piloto,Homicídio Doloso,2024-06-04,2024,6,19:21,Noite,-15.797447,-47.869537,Quadra 254 - Plano Piloto,10
DF-2023-00723,Taguatinga,Roubo a Transeunte,2023-12-13,2023,12,00:09,Madrugada,-15.835551,-48.059669,Quadra 530 - Taguatinga,6
DF-2024-00724,Santa Maria,Tráfico de Drogas,2024-06-04,2024,6,16:35,Tarde,-15.98651,-47.981873,Quadra 390 - Santa Maria,5
DF-2022-00725,Taguatinga,Roubo a Transeunte,2022-07-03,2022,7,14:25,Tarde,-15.834749,-48.072446,Quadra 316 - Taguatinga,6
DF-2023-00726,Vicente Pires,Violência Doméstica,2023-12-19,2023,12,22:14,Noite,-15.790349,-48.032622,Quadra 486 - Vicente Pires,8
DF-2023-00727,Plano Piloto,Roubo em Coletivo,2023-02-05,2023,2,20:57,Noite,-15.819605,-47.878076,Quadra 635 - Plano Piloto,6
DF-2024-00728,Ceilândia,Latrocínio,2024-06-16,2024,6,20:20,Noite,-15.810609,-48.10263,Quadra 332 - Ceilândia,10
DF-2022-00729,Planaltina,Violência Doméstica,2022-06-14,2022,6,07:33,Manhã,-15.616787,-47.671408,Quadra 191 - Planaltina,8
DF-2024-00730,Gama,Furto de Veículo,2024-06-14,2024,6,18:39,Noite,-16.018614,-48.058332,Quadra 361 - Gama,4
DF-2024-00731,Ceilândia,Roubo a Transeunte,2024-06-27,2024,6,07:48,Manhã,-15.822483,-48.115551,Quadra 515 - Ceilândia,6
DF-2023-00732,Planaltina,Roubo a Transeunte,2023-02-09,2023,2,22:53,Noite,-15.61272,-47.678593,Quadra 111 - Planaltina,6
DF-2024-00733,Ceilândia,Furto de Veículo,2024-09-11,2024,9,04:25,Madrugada,-15.832119,-48.088798,Quadra 138 - Ceilândia,4
DF-2022-00734,Plano Piloto,Roubo a Transeunte,2022-02-25,2022,2,09:16,Manhã,-15.806952,-47.887838,Quadra 147 - Plano Piloto,6
DF-2022-00735,Águas Claras,Furto de Veículo,2022-08-31,2022,8,07:38,Manhã,-15.817554,-48.025524,Quadra 587 - Águas Claras,4
DF-2022-00736,Ceilândia,Violência Doméstica,2022-05-22,2022,5,20:15,Noite,-15.834906,-48.084008,Quadra 654 - Ceilândia,8
DF-2022-00737,Recanto das Emas,Tráfico de Drogas,2022-08-02,2022,8,17:49,Tarde,-15.924066,-48.054192,Quadra 323 - Recanto das Emas,5
DF-2022-00738,Guará,Violência Doméstica,2022-06-24,2022,6,21:41,Noite,-15.817036,-47.97329,Quadra 718 - Guará,8
DF-2023-00739,Taguatinga,Furto de Veículo,2023-02-01,2023,2,19:17,Noite,-15.810644,-48.042401,Quadra 672 - Taguatinga,4
DF-2022-00740,Gama,Roubo de Veículo,2022-03-06,2022,3,11:39,Manhã,-16.027097,-48.069737,Quadra 490 - Gama,7
DF-2023-00741,Recanto das Emas,Violência Doméstica,2023-06-08,2023,6,03:26,Madrugada,-15.903756,-48.078395,Quadra 581 - Recanto das Emas,8
DF-2024-00742,Gama,Roubo em Coletivo,2024-09-09,2024,9,02:09,Madrugada,-16.027652,-48.033833,Quadra 237 - Gama,6
DF-2023-00743,Ceilândia,Roubo a Transeunte,2023-02-14,2023,2,21:59,Noite,-15.820946,-48.085747,Quadra 689 - Ceilândia,6
DF-2022-00744,Samambaia,Furto de Veículo,2022-04-12,2022,4,15:03,Tarde,-15.881454,-48.094819,Quadra 691 - Samambaia,4
DF-2024-00745,Ceilândia,Roubo a Transeunte,2024-01-01,2024,1,18:12,Noite,-15.813867,-48.128141,Quadra 233 - Ceilândia,6
DF-2022-00746,São Sebastião,Homicídio Doloso,2022-02-16,2022,2,15:10,Tarde,-15.896714,-47.75561,Quadra 703 - São Sebastião,10
DF-2022-00747,Guará,Roubo a Transeunte,2022-01-28,2022,1,07:19,Manhã,-15.824355,-47.980135,Quadra 623 - Guará,6
DF-2022-00748,Samambaia,Tráfico de Drogas,2022-03-26,2022,3,22:15,Noite,-15.861092,-48.066224,Quadra 738 - Samambaia,5
DF-2024-00749,Taguatinga,Roubo em Coletivo,2024-07-16,2024,7,20:02,Noite,-15.826553,-48.058552,Quadra 305 - Taguatinga,6
DF-2022-00750,Samambaia,Violência Doméstica,2022-10-26,2022,10,18:04,Noite,-15.892988,-48.073401,Quadra 322 - Samambaia,8
DF-2022-00751,Planaltina,Roubo a Transeunte,2022-03-21,2022,3,19:48,Noite,-15.61101,-47.652603,Quadra 296 - Planaltina,6
DF-2023-00752,Ceilândia,Homicídio Doloso,2023-05-29,2023,5,18:09,Noite,-15.829968,-48.109684,Quadra 165 - Ceilândia,10
DF-2024-00753,Ceilândia,Furto de Veículo,2024-01-20,2024,1,08:36,Manhã,-15.836499,-48.112322,Quadra 600 - Ceilândia,4
DF-2024-00754,Planaltina,Roubo a Comércio,2024-09-04,2024,9,12:44,Tarde,-15.62714,-47.633548,Quadra 444 - Planaltina,6
DF-2024-00755,Planaltina,Roubo de Veículo,2024-08-30,2024,8,17:26,Tarde,-15.631073,-47.676796,Quadra 592 - Planaltina,7
DF-2022-00756,Samambaia,Violência Doméstica,2022-09-21,2022,9,16:15,Tarde,-15.879007,-48.085191,Quadra 149 - Samambaia,8
DF-2024-00757,Santa Maria,Roubo a Transeunte,2024-04-08,2024,4,07:07,Manhã,-16.014471,-47.997678,Quadra 704 - Santa Maria,6
DF-2023-00758,Plano Piloto,Roubo a Transeunte,2023-04-05,2023,4,18:44,Noite,-15.792136,-47.915401,Quadra 538 - Plano Piloto,6
DF-2024-00759,Guará,Furto de Veículo,2024-07-15,2024,7,19:59,Noite,-15.822334,-47.979988,Quadra 453 - Guará,4
DF-2023-00760,Ceilândia,Roubo a Transeunte,2023-09-12,2023,9,19:35,Noite,-15.838864,-48.122256,Quadra 544 - Ceilândia,6
DF-2022-00761,Gama,Violência Doméstica,2022-10-30,2022,10,03:16,Madrugada,-16.032572,-48.04172,Quadra 467 - Gama,8
DF-2022-00762,Ceilândia,Furto de Veículo,2022-06-04,2022,6,14:51,Tarde,-15.811126,-48.100257,Quadra 265 - Ceilândia,4
DF-2023-00763,Samambaia,Furto de Veículo,2023-04-09,2023,4,11:56,Manhã,-15.871775,-48.060256,Quadra 238 - Samambaia,4
DF-2024-00764,Ceilândia,Furto a Transeunte,2024-08-24,2024,8,15:55,Tarde,-15.814488,-48.121432,Quadra 214 - Ceilândia,3
DF-2022-00765,Taguatinga,Roubo a Transeunte,2022-02-01,2022,2,18:58,Noite,-15.818677,-48.068663,Quadra 107 - Taguatinga,6
DF-2022-00766,Santa Maria,Roubo de Veículo,2022-06-30,2022,6,09:00,Manhã,-16.03969,-48.012013,Quadra 559 - Santa Maria,7
DF-2022-00767,Plano Piloto,Violência Doméstica,2022-06-05,2022,6,15:35,Tarde,-15.799754,-47.891079,Quadra 465 - Plano Piloto,8
DF-2023-00768,Plano Piloto,Roubo a Transeunte,2023-07-10,2023,7,15:01,Tarde,-15.793059,-47.873561,Quadra 640 - Plano Piloto,6
DF-2023-00769,Gama,Violência Doméstica,2023-04-14,2023,4,20:36,Noite,-16.013551,-48.041175,Quadra 697 - Gama,8
DF-2022-00770,Planaltina,Roubo a Transeunte,2022-01-13,2022,1,07:48,Manhã,-15.626963,-47.653434,Quadra 196 - Planaltina,6
DF-2022-00771,Taguatinga,Roubo a Comércio,2022-10-20,2022,10,23:40,Noite,-15.833374,-48.072551,Quadra 624 - Taguatinga,6
DF-2022-00772,Ceilândia,Roubo a Transeunte,2022-06-12,2022,6,18:47,Noite,-15.808374,-48.096937,Quadra 556 - Ceilândia,6
DF-2022-00773,Plano Piloto,Roubo de Veículo,2022-06-07,2022,6,22:54,Noite,-15.811107,-47.894018,Quadra 123 - Plano Piloto,7
DF-2024-00774,Samambaia,Roubo a Transeunte,2024-08-27,2024,8,13:23,Tarde,-15.850384,-48.082938,Quadra 761 - Samambaia,6
DF-2024-00775,Ceilândia,Violência Doméstica,2024-04-24,2024,4,11:19,Manhã,-15.825646,-48.113467,Quadra 716 - Ceilândia,8
DF-2024-00776,Ceilândia,Homicídio Doloso,2024-11-08,2024,11,21:29,Noite,-15.8053,-48.101792,Quadra 329 - Ceilândia,10
DF-2024-00777,Vicente Pires,Violência Doméstica,2024-04-25,2024,4,15:42,Tarde,-15.822354,-48.039995,Quadra 527 - Vicente Pires,8
DF-2023-00778,Plano Piloto,Violência Doméstica,2023-10-31,2023,10,12:25,Tarde,-15.795191,-47.886604,Quadra 767 - Plano Piloto,8
DF-2022-00779,Ceilândia,Furto de Veículo,2022-11-26,2022,11,13:29,Tarde,-15.794921,-48.133866,Quadra 761 - Ceilândia,4
DF-2022-00780,Taguatinga,Furto a Transeunte,2022-10-25,2022,10,12:42,Tarde,-15.825637,-48.057968,Quadra 593 - Taguatinga,3
DF-2024-00781,Ceilândia,Roubo a Transeunte,2024-01-31,2024,1,05:38,Madrugada,-15.799107,-48.103937,Quadra 635 - Ceilândia,6
DF-2024-00782,Planaltina,Roubo em Coletivo,2024-04-07,2024,4,14:39,Tarde,-15.64507,-47.639641,Quadra 693 - Planaltina,6
DF-2024-00783,Planaltina,Violência Doméstica,2024-08-19,2024,8,22:18,Noite,-15.629181,-47.658035,Quadra 586 - Planaltina,8
DF-2022-00784,Recanto das Emas,Furto a Transeunte,2022-12-21,2022,12,12:47,Tarde,-15.897702,-48.082789,Quadra 118 - Recanto das Emas,3
DF-2023-00785,Plano Piloto,Roubo a Transeunte,2023-11-18,2023,11,16:34,Tarde,-15.796381,-47.859395,Quadra 508 - Plano Piloto,6
DF-2024-00786,Guará,Roubo a Transeunte,2024-09-01,2024,9,13:07,Tarde,-15.838515,-47.988525,Quadra 289 - Guará,6
DF-2024-00787,Plano Piloto,Roubo a Transeunte,2024-07-18,2024,7,20:19,Noite,-15.773266,-47.882988,Quadra 158 - Plano Piloto,6
DF-2022-00788,Ceilândia,Violência Doméstica,2022-09-23,2022,9,04:56,Madrugada,-15.807902,-48.093419,Quadra 246 - Ceilândia,8
DF-2022-00789,Plano Piloto,Violência Doméstica,2022-05-08,2022,5,05:22,Madrugada,-15.788148,-47.921797,Quadra 197 - Plano Piloto,8
DF-2023-00790,Samambaia,Roubo em Coletivo,2023-08-21,2023,8,01:33,Madrugada,-15.902956,-48.052719,Quadra 612 - Samambaia,6
DF-2022-00791,Ceilândia,Roubo de Veículo,2022-08-28,2022,8,19:45,Noite,-15.826793,-48.123801,Quadra 498 - Ceilândia,7
DF-2022-00792,Ceilândia,Roubo a Transeunte,2022-05-30,2022,5,09:41,Manhã,-15.821871,-48.119861,Quadra 587 - Ceilândia,6
DF-2024-00793,Taguatinga,Violência Doméstica,2024-06-30,2024,6,06:11,Manhã,-15.837092,-48.049442,Quadra 375 - Taguatinga,8
DF-2022-00794,Ceilândia,Roubo a Transeunte,2022-12-12,2022,12,17:17,Tarde,-15.800361,-48.129111,Quadra 397 - Ceilândia,6
DF-2022-00795,Taguatinga,Roubo a Transeunte,2022-05-27,2022,5,00:09,Madrugada,-15.834737,-48.026881,Quadra 227 - Taguatinga,6
DF-2022-00796,Ceilândia,Homicídio Doloso,2022-08-03,2022,8,08:51,Manhã,-15.83716,-48.117832,Quadra 698 - Ceilândia,10
DF-2024-00797,Santa Maria,Homicídio Doloso,2024-05-11,2024,5,16:58,Tarde,-15.997836,-47.978181,Quadra 695 - Santa Maria,10
DF-2024-00798,Plano Piloto,Tráfico de Drogas,2024-02-03,2024,2,03:11,Madrugada,-15.796399,-47.879866,Quadra 465 - Plano Piloto,5
DF-2023-00799,Sobradinho,Roubo a Transeunte,2023-06-15,2023,6,15:00,Tarde,-15.663937,-47.783238,Quadra 355 - Sobradinho,6
DF-2022-00800,Ceilândia,Roubo de Veículo,2022-07-18,2022,7,04:53,Madrugada,-15.835706,-48.107991,Quadra 415 - Ceilândia,7
DF-2023-00801,Planaltina,Roubo a Comércio,2023-11-26,2023,11,09:25,Manhã,-15.614946,-47.659947,Quadra 702 - Planaltina,6
DF-2024-00802,Águas Claras,Roubo a Transeunte,2024-06-28,2024,6,17:45,Tarde,-15.833184,-48.039231,Quadra 491 - Águas Claras,6
DF-2024-00803,Ceilândia,Roubo a Transeunte,2024-01-15,2024,1,15:49,Tarde,-15.82963,-48.123889,Quadra 760 - Ceilândia,6
DF-2022-00804,Ceilândia,Roubo a Transeunte,2022-10-06,2022,10,15:02,Tarde,-15.809684,-48.1213,Quadra 343 - Ceilândia,6
DF-2023-00805,Ceilândia,Roubo a Comércio,2023-07-06,2023,7,21:03,Noite,-15.82261,-48.099199,Quadra 660 - Ceilândia,6
DF-2022-00806,Santa Maria,Roubo a Transeunte,2022-10-14,2022,10,11:55,Manhã,-16.009537,-47.985505,Quadra 325 - Santa Maria,6
DF-2022-00807,Gama,Furto de Veículo,2022-06-13,2022,6,20:23,Noite,-16.0154,-48.06118,Quadra 444 - Gama,4
DF-2023-00808,Ceilândia,Roubo a Transeunte,2023-12-05,2023,12,00:28,Madrugada,-15.809637,-48.140618,Quadra 587 - Ceilândia,6
DF-2024-00809,Samambaia,Roubo em Coletivo,2024-03-07,2024,3,14:02,Tarde,-15.87909,-48.10282,Quadra 387 - Samambaia,6
DF-2024-00810,Gama,Roubo a Transeunte,2024-11-25,2024,11,08:41,Manhã,-16.033638,-48.05768,Quadra 379 - Gama,6
DF-2023-00811,Ceilândia,Roubo a Comércio,2023-04-01,2023,4,15:02,Tarde,-15.817665,-48.117302,Quadra 356 - Ceilândia,6
DF-2022-00812,Ceilândia,Violência Doméstica,2022-10-06,2022,10,14:19,Tarde,-15.827482,-48.131682,Quadra 751 - Ceilândia,8
DF-2023-00813,Taguatinga,Roubo a Comércio,2023-05-26,2023,5,20:45,Noite,-15.833173,-48.045037,Quadra 288 - Taguatinga,6
DF-2023-00814,Ceilândia,Tráfico de Drogas,2023-12-17,2023,12,18:51,Noite,-15.815739,-48.119918,Quadra 137 - Ceilândia,5
DF-2022-00815,Samambaia,Furto a Transeunte,2022-02-13,2022,2,22:53,Noite,-15.875574,-48.097455,Quadra 624 - Samambaia,3
DF-2022-00816,Ceilândia,Violência Doméstica,2022-02-07,2022,2,15:17,Tarde,-15.816556,-48.109274,Quadra 251 - Ceilândia,8
DF-2024-00817,Samambaia,Tráfico de Drogas,2024-05-26,2024,5,20:08,Noite,-15.877315,-48.065287,Quadra 688 - Samambaia,5
DF-2024-00818,Planaltina,Tráfico de Drogas,2024-05-18,2024,5,23:36,Noite,-15.609972,-47.645761,Quadra 168 - Planaltina,5
DF-2022-00819,Santa Maria,Violência Doméstica,2022-03-23,2022,3,08:18,Manhã,-16.006756,-47.994492,Quadra 378 - Santa Maria,8
DF-2024-00820,Taguatinga,Roubo a Transeunte,2024-08-04,2024,8,13:59,Tarde,-15.848929,-48.059322,Quadra 537 - Taguatinga,6
DF-2022-00821,Guará,Roubo de Veículo,2022-05-30,2022,5,00:09,Madrugada,-15.815651,-47.999947,Quadra 169 - Guará,7
DF-2023-00822,Águas Claras,Roubo a Transeunte,2023-11-19,2023,11,05:41,Madrugada,-15.844403,-48.028787,Quadra 579 - Águas Claras,6
DF-2022-00823,São Sebastião,Tráfico de Drogas,2022-10-22,2022,10,07:05,Manhã,-15.910509,-47.76076,Quadra 652 - São Sebastião,5
DF-2023-00824,Santa Maria,Roubo a Comércio,2023-07-26,2023,7,18:35,Noite,-16.034283,-47.989687,Quadra 201 - Santa Maria,6
DF-2023-00825,Ceilândia,Roubo a Comércio,2023-10-19,2023,10,21:52,Noite,-15.822724,-48.093386,Quadra 617 - Ceilândia,6
DF-2024-00826,Guará,Roubo em Coletivo,2024-09-13,2024,9,05:29,Madrugada,-15.823767,-47.997093,Quadra 694 - Guará,6
DF-2023-00827,Ceilândia,Roubo em Coletivo,2023-04-15,2023,4,04:28,Madrugada,-15.813358,-48.10546,Quadra 449 - Ceilândia,6
DF-2023-00828,Ceilândia,Violência Doméstica,2023-08-08,2023,8,21:26,Noite,-15.814541,-48.110624,Quadra 123 - Ceilândia,8
DF-2022-00829,Samambaia,Roubo a Transeunte,2022-04-14,2022,4,22:47,Noite,-15.896492,-48.07855,Quadra 436 - Samambaia,6
DF-2023-00830,Guará,Roubo a Transeunte,2023-03-12,2023,3,18:08,Noite,-15.791865,-47.962823,Quadra 453 - Guará,6
DF-2024-00831,Ceilândia,Violência Doméstica,2024-07-01,2024,7,23:14,Noite,-15.830705,-48.106741,Quadra 227 - Ceilândia,8
DF-2023-00832,Ceilândia,Tráfico de Drogas,2023-07-14,2023,7,14:26,Tarde,-15.81208,-48.115287,Quadra 593 - Ceilândia,5
DF-2023-00833,Plano Piloto,Roubo a Transeunte,2023-10-10,2023,10,17:54,Tarde,-15.796301,-47.881119,Quadra 363 - Plano Piloto,6
DF-2023-00834,Santa Maria,Roubo a Transeunte,2023-09-12,2023,9,14:26,Tarde,-16.005198,-47.975129,Quadra 438 - Santa Maria,6
DF-2023-00835,Guará,Roubo de Veículo,2023-09-30,2023,9,06:39,Manhã,-15.820029,-47.953722,Quadra 416 - Guará,7
DF-2022-00836,Guará,Furto a Transeunte,2022-01-15,2022,1,12:48,Tarde,-15.839657,-47.977324,Quadra 393 - Guará,3
DF-2023-00837,Águas Claras,Roubo em Coletivo,2023-06-06,2023,6,23:36,Noite,-15.85008,-48.012136,Quadra 462 - Águas Claras,6
DF-2023-00838,Taguatinga,Roubo a Transeunte,2023-05-13,2023,5,02:00,Madrugada,-15.824108,-48.069372,Quadra 326 - Taguatinga,6
DF-2022-00839,Santa Maria,Roubo a Transeunte,2022-04-23,2022,4,01:25,Madrugada,-16.02222,-47.981561,Quadra 458 - Santa Maria,6
DF-2022-00840,Samambaia,Roubo de Veículo,2022-04-25,2022,4,20:20,Noite,-15.885728,-48.080237,Quadra 669 - Samambaia,7
DF-2022-00841,Gama,Tráfico de Drogas,2022-11-24,2022,11,10:45,Manhã,-16.044839,-48.050681,Quadra 186 - Gama,5
DF-2022-00842,Samambaia,Homicídio Doloso,2022-10-22,2022,10,20:33,Noite,-15.858666,-48.061454,Quadra 682 - Samambaia,10
DF-2023-00843,Santa Maria,Roubo a Comércio,2023-05-18,2023,5,02:49,Madrugada,-16.044646,-48.014035,Quadra 635 - Santa Maria,6
DF-2022-00844,Plano Piloto,Roubo a Comércio,2022-07-06,2022,7,21:25,Noite,-15.778231,-47.855558,Quadra 767 - Plano Piloto,6
DF-2022-00845,Recanto das Emas,Roubo a Transeunte,2022-09-07,2022,9,17:04,Tarde,-15.899047,-48.052289,Quadra 449 - Recanto das Emas,6
DF-2022-00846,Planaltina,Roubo a Comércio,2022-11-18,2022,11,19:04,Noite,-15.605503,-47.698075,Quadra 304 - Planaltina,6
DF-2022-00847,Ceilândia,Roubo a Comércio,2022-03-31,2022,3,18:44,Noite,-15.810314,-48.114823,Quadra 716 - Ceilândia,6
DF-2024-00848,Plano Piloto,Roubo de Veículo,2024-11-10,2024,11,08:30,Manhã,-15.778387,-47.889113,Quadra 342 - Plano Piloto,7
DF-2022-00849,Plano Piloto,Roubo de Veículo,2022-09-23,2022,9,21:11,Noite,-15.789379,-47.898408,Quadra 691 - Plano Piloto,7
DF-2024-00850,Samambaia,Roubo de Veículo,2024-01-06,2024,1,12:11,Tarde,-15.888715,-48.065774,Quadra 648 - Samambaia,7
DF-2022-00851,Plano Piloto,Roubo em Coletivo,2022-05-03,2022,5,20:33,Noite,-15.808909,-47.872234,Quadra 397 - Plano Piloto,6
DF-2023-00852,Samambaia,Violência Doméstica,2023-08-19,2023,8,22:10,Noite,-15.871344,-48.083732,Quadra 125 - Samambaia,8
DF-2024-00853,Ceilândia,Roubo em Coletivo,2024-11-16,2024,11,12:52,Tarde,-15.823081,-48.116249,Quadra 535 - Ceilândia,6
DF-2024-00854,Gama,Roubo em Coletivo,2024-12-11,2024,12,12:31,Tarde,-16.011581,-48.077083,Quadra 597 - Gama,6
DF-2022-00855,Samambaia,Furto a Transeunte,2022-04-11,2022,4,15:24,Tarde,-15.885719,-48.101838,Quadra 189 - Samambaia,3
DF-2024-00856,Sobradinho,Tráfico de Drogas,2024-06-27,2024,6,19:22,Noite,-15.64907,-47.762521,Quadra 622 - Sobradinho,5
DF-2022-00857,Planaltina,Roubo a Transeunte,2022-08-08,2022,8,11:25,Manhã,-15.618343,-47.645408,Quadra 669 - Planaltina,6
DF-2022-00858,Ceilândia,Tráfico de Drogas,2022-03-11,2022,3,12:42,Tarde,-15.835538,-48.100398,Quadra 791 - Ceilândia,5
DF-2022-00859,Gama,Furto a Transeunte,2022-09-16,2022,9,22:38,Noite,-16.015245,-48.080783,Quadra 636 - Gama,3
DF-2024-00860,Gama,Roubo de Veículo,2024-04-14,2024,4,09:33,Manhã,-16.016913,-48.05279,Quadra 718 - Gama,7
DF-2024-00861,Gama,Violência Doméstica,2024-08-19,2024,8,23:27,Noite,-16.023177,-48.063587,Quadra 778 - Gama,8
DF-2022-00862,Gama,Violência Doméstica,2022-11-19,2022,11,19:40,Noite,-16.034417,-48.05089,Quadra 301 - Gama,8
DF-2023-00863,Ceilândia,Roubo de Veículo,2023-10-25,2023,10,19:53,Noite,-15.838544,-48.101652,Quadra 391 - Ceilândia,7
DF-2024-00864,Gama,Roubo a Transeunte,2024-06-07,2024,6,13:31,Tarde,-16.002749,-48.05073,Quadra 187 - Gama,6
DF-2023-00865,Samambaia,Roubo de Veículo,2023-07-07,2023,7,08:14,Manhã,-15.870817,-48.112279,Quadra 263 - Samambaia,7
DF-2023-00866,Taguatinga,Roubo a Comércio,2023-07-24,2023,7,13:47,Tarde,-15.815662,-48.059405,Quadra 480 - Taguatinga,6
DF-2024-00867,Plano Piloto,Violência Doméstica,2024-06-23,2024,6,22:05,Noite,-15.791588,-47.882952,Quadra 107 - Plano Piloto,8
DF-2023-00868,Planaltina,Roubo a Comércio,2023-02-12,2023,2,22:06,Noite,-15.624157,-47.654735,Quadra 756 - Planaltina,6
DF-2023-00869,Samambaia,Tráfico de Drogas,2023-06-04,2023,6,01:10,Madrugada,-15.881886,-48.101431,Quadra 204 - Samambaia,5
DF-2022-00870,Taguatinga,Furto de Veículo,2022-12-27,2022,12,16:34,Tarde,-15.826061,-48.032444,Quadra 176 - Taguatinga,4
DF-2022-00871,Ceilândia,Violência Doméstica,2022-11-15,2022,11,13:15,Tarde,-15.822183,-48.128659,Quadra 668 - Ceilândia,8
DF-2023-00872,Águas Claras,Roubo de Veículo,2023-08-11,2023,8,22:14,Noite,-15.833431,-48.021154,Quadra 104 - Águas Claras,7
DF-2022-00873,Ceilândia,Tráfico de Drogas,2022-10-22,2022,10,20:17,Noite,-15.833749,-48.12635,Quadra 586 - Ceilândia,5
DF-2022-00874,Gama,Roubo a Transeunte,2022-07-27,2022,7,23:02,Noite,-16.007525,-48.073066,Quadra 427 - Gama,6
DF-2023-00875,Plano Piloto,Latrocínio,2023-03-10,2023,3,10:56,Manhã,-15.778126,-47.855024,Quadra 797 - Plano Piloto,10
DF-2024-00876,Ceilândia,Violência Doméstica,2024-07-23,2024,7,04:58,Madrugada,-15.832641,-48.109671,Quadra 673 - Ceilândia,8
DF-2023-00877,Guará,Tráfico de Drogas,2023-05-14,2023,5,18:40,Noite,-15.80952,-47.983491,Quadra 312 - Guará,5
DF-2023-00878,Ceilândia,Roubo a Transeunte,2023-01-24,2023,1,23:33,Noite,-15.829897,-48.112365,Quadra 112 - Ceilândia,6
DF-2024-00879,Guará,Furto de Veículo,2024-08-07,2024,8,17:46,Tarde,-15.796923,-47.987882,Quadra 364 - Guará,4
DF-2024-00880,Gama,Roubo a Transeunte,2024-08-07,2024,8,08:49,Manhã,-16.03734,-48.046218,Quadra 144 - Gama,6
DF-2023-00881,Taguatinga,Roubo a Transeunte,2023-12-13,2023,12,22:36,Noite,-15.845086,-48.054621,Quadra 637 - Taguatinga,6
DF-2023-00882,Samambaia,Latrocínio,2023-12-11,2023,12,01:48,Madrugada,-15.877379,-48.079021,Quadra 408 - Samambaia,10
DF-2024-00883,Samambaia,Violência Doméstica,2024-11-19,2024,11,19:48,Noite,-15.885885,-48.064674,Quadra 777 - Samambaia,8
DF-2022-00884,Samambaia,Roubo a Transeunte,2022-07-18,2022,7,14:56,Tarde,-15.874958,-48.096124,Quadra 584 - Samambaia,6
DF-2023-00885,Guará,Homicídio Doloso,2023-04-13,2023,4,09:33,Manhã,-15.833193,-47.998813,Quadra 429 - Guará,10
DF-2023-00886,Taguatinga,Furto a Transeunte,2023-08-01,2023,8,23:07,Noite,-15.831367,-48.060041,Quadra 743 - Taguatinga,3
DF-2023-00887,Taguatinga,Roubo em Coletivo,2023-11-17,2023,11,23:42,Noite,-15.805745,-48.057896,Quadra 733 - Taguatinga,6
DF-2024-00888,Guará,Roubo a Transeunte,2024-10-18,2024,10,23:42,Noite,-15.838413,-48.002806,Quadra 727 - Guará,6
DF-2022-00889,Recanto das Emas,Roubo de Veículo,2022-04-08,2022,4,22:03,Noite,-15.91381,-48.075507,Quadra 515 - Recanto das Emas,7
DF-2022-00890,Ceilândia,Furto de Veículo,2022-05-05,2022,5,03:53,Madrugada,-15.82714,-48.127629,Quadra 568 - Ceilândia,4
DF-2023-00891,Samambaia,Violência Doméstica,2023-01-19,2023,1,14:36,Tarde,-15.899765,-48.095873,Quadra 143 - Samambaia,8
DF-2024-00892,Planaltina,Roubo a Transeunte,2024-12-20,2024,12,05:25,Madrugada,-15.618348,-47.661256,Quadra 772 - Planaltina,6
DF-2022-00893,Ceilândia,Violência Doméstica,2022-03-04,2022,3,13:34,Tarde,-15.824629,-48.107799,Quadra 207 - Ceilândia,8
DF-2023-00894,Ceilândia,Roubo de Veículo,2023-08-22,2023,8,17:43,Tarde,-15.81554,-48.091316,Quadra 412 - Ceilândia,7
DF-2022-00895,Samambaia,Roubo a Transeunte,2022-06-17,2022,6,20:00,Noite,-15.895267,-48.07852,Quadra 226 - Samambaia,6
DF-2022-00896,Gama,Latrocínio,2022-10-08,2022,10,12:43,Tarde,-16.048887,-48.072153,Quadra 407 - Gama,10
DF-2024-00897,Ceilândia,Roubo a Transeunte,2024-01-08,2024,1,20:30,Noite,-15.832275,-48.083699,Quadra 124 - Ceilândia,6
DF-2024-00898,Samambaia,Roubo em Coletivo,2024-01-18,2024,1,23:19,Noite,-15.901338,-48.08477,Quadra 388 - Samambaia,6
DF-2022-00899,Taguatinga,Roubo a Transeunte,2022-11-14,2022,11,09:59,Manhã,-15.845585,-48.058706,Quadra 205 - Taguatinga,6
DF-2023-00900,Planaltina,Roubo de Veículo,2023-01-15,2023,1,07:55,Manhã,-15.592509,-47.660288,Quadra 499 - Planaltina,7
DF-2024-00901,Ceilândia,Roubo de Veículo,2024-02-19,2024,2,13:02,Tarde,-15.812006,-48.112465,Quadra 449 - Ceilândia,7
DF-2023-00902,Taguatinga,Tráfico de Drogas,2023-04-08,2023,4,14:12,Tarde,-15.815122,-48.040131,Quadra 757 - Taguatinga,5
DF-2023-00903,São Sebastião,Roubo a Transeunte,2023-11-02,2023,11,19:12,Noite,-15.921597,-47.764906,Quadra 526 - São Sebastião,6
DF-2022-00904,Plano Piloto,Roubo de Veículo,2022-10-23,2022,10,23:24,Noite,-15.783216,-47.867627,Quadra 653 - Plano Piloto,7
DF-2024-00905,Guará,Roubo de Veículo,2024-03-02,2024,3,14:04,Tarde,-15.816245,-47.974915,Quadra 583 - Guará,7
DF-2024-00906,Taguatinga,Roubo a Transeunte,2024-04-15,2024,4,15:35,Tarde,-15.851901,-48.061302,Quadra 420 - Taguatinga,6
DF-2024-00907,Guará,Furto a Transeunte,2024-08-05,2024,8,19:37,Noite,-15.824106,-47.979307,Quadra 452 - Guará,3
DF-2023-00908,Plano Piloto,Roubo em Coletivo,2023-07-19,2023,7,19:02,Noite,-15.813723,-47.886695,Quadra 502 - Plano Piloto,6
DF-2023-00909,Samambaia,Roubo de Veículo,2023-12-07,2023,12,17:57,Tarde,-15.890868,-48.09329,Quadra 107 - Samambaia,7
DF-2024-00910,Samambaia,Roubo a Transeunte,2024-12-19,2024,12,10:31,Manhã,-15.89461,-48.066956,Quadra 584 - Samambaia,6
DF-2024-00911,São Sebastião,Tráfico de Drogas,2024-06-06,2024,6,22:18,Noite,-15.91206,-47.79269,Quadra 630 - São Sebastião,5
DF-2024-00912,Vicente Pires,Roubo a Transeunte,2024-05-15,2024,5,03:04,Madrugada,-15.794691,-48.021896,Quadra 421 - Vicente Pires,6
DF-2023-00913,Plano Piloto,Roubo de Veículo,2023-10-28,2023,10,17:52,Tarde,-15.815534,-47.904907,Quadra 238 - Plano Piloto,7
DF-2022-00914,Águas Claras,Roubo em Coletivo,2022-09-10,2022,9,00:58,Madrugada,-15.840405,-48.010562,Quadra 334 - Águas Claras,6
DF-2022-00915,Ceilândia,Tráfico de Drogas,2022-08-05,2022,8,20:01,Noite,-15.835979,-48.083232,Quadra 675 - Ceilândia,5
DF-2024-00916,Santa Maria,Tráfico de Drogas,2024-08-07,2024,8,22:25,Noite,-16.029021,-47.993853,Quadra 470 - Santa Maria,5
DF-2023-00917,Santa Maria,Roubo de Veículo,2023-11-08,2023,11,22:59,Noite,-15.995881,-48.027026,Quadra 154 - Santa Maria,7
DF-2023-00918,Taguatinga,Roubo de Veículo,2023-05-30,2023,5,10:16,Manhã,-15.840532,-48.060078,Quadra 255 - Taguatinga,7
DF-2022-00919,Ceilândia,Roubo em Coletivo,2022-06-01,2022,6,15:14,Tarde,-15.809598,-48.131313,Quadra 476 - Ceilândia,6
DF-2022-00920,Gama,Homicídio Doloso,2022-05-11,2022,5,03:52,Madrugada,-16.019721,-48.06793,Quadra 481 - Gama,10
DF-2024-00921,Sobradinho,Roubo a Transeunte,2024-12-23,2024,12,21:14,Noite,-15.646259,-47.776218,Quadra 449 - Sobradinho,6
DF-2022-00922,Taguatinga,Roubo de Veículo,2022-09-01,2022,9,10:01,Manhã,-15.838511,-48.067361,Quadra 217 - Taguatinga,7
DF-2023-00923,Ceilândia,Roubo a Comércio,2023-03-03,2023,3,20:49,Noite,-15.812082,-48.102761,Quadra 249 - Ceilândia,6
DF-2024-00924,Recanto das Emas,Roubo de Veículo,2024-05-06,2024,5,14:25,Tarde,-15.902193,-48.075001,Quadra 126 - Recanto das Emas,7
DF-2022-00925,Ceilândia,Violência Doméstica,2022-01-27,2022,1,20:07,Noite,-15.8394,-48.149123,Quadra 749 - Ceilândia,8
DF-2023-00926,Sobradinho,Roubo a Transeunte,2023-02-26,2023,2,13:19,Tarde,-15.636426,-47.776339,Quadra 329 - Sobradinho,6
DF-2023-00927,Taguatinga,Roubo a Transeunte,2023-01-07,2023,1,09:42,Manhã,-15.826752,-48.073011,Quadra 596 - Taguatinga,6
DF-2024-00928,Gama,Roubo a Comércio,2024-02-22,2024,2,07:24,Manhã,-16.01999,-48.061486,Quadra 262 - Gama,6
DF-2022-00929,Taguatinga,Roubo a Comércio,2022-11-14,2022,11,01:18,Madrugada,-15.818012,-48.061037,Quadra 210 - Taguatinga,6
DF-2024-00930,Ceilândia,Roubo a Transeunte,2024-01-26,2024,1,13:55,Tarde,-15.834597,-48.110756,Quadra 458 - Ceilândia,6
DF-2024-00931,Gama,Roubo a Transeunte,2024-11-09,2024,11,17:58,Tarde,-16.014731,-48.064291,Quadra 132 - Gama,6
DF-2022-00932,Gama,Roubo a Transeunte,2022-10-02,2022,10,13:20,Tarde,-16.026816,-48.078595,Quadra 241 - Gama,6
DF-2023-00933,Águas Claras,Roubo a Transeunte,2023-06-17,2023,6,19:06,Noite,-15.839696,-48.027398,Quadra 656 - Águas Claras,6
DF-2022-00934,Guará,Roubo a Transeunte,2022-09-25,2022,9,15:30,Tarde,-15.801343,-48.007131,Quadra 516 - Guará,6
DF-2022-00935,Taguatinga,Roubo de Veículo,2022-08-30,2022,8,00:49,Madrugada,-15.837806,-48.035901,Quadra 345 - Taguatinga,7
DF-2024-00936,Plano Piloto,Violência Doméstica,2024-11-04,2024,11,15:57,Tarde,-15.789815,-47.8805,Quadra 282 - Plano Piloto,8
DF-2023-00937,Taguatinga,Furto a Transeunte,2023-08-07,2023,8,17:47,Tarde,-15.841172,-48.069583,Quadra 725 - Taguatinga,3
DF-2023-00938,Recanto das Emas,Homicídio Doloso,2023-06-15,2023,6,18:12,Noite,-15.925476,-48.067484,Quadra 100 - Recanto das Emas,10
DF-2024-00939,Ceilândia,Roubo a Transeunte,2024-10-20,2024,10,17:34,Tarde,-15.818269,-48.107973,Quadra 152 - Ceilândia,6
DF-2022-00940,Planaltina,Roubo de Veículo,2022-05-02,2022,5,17:55,Tarde,-15.618406,-47.630285,Quadra 240 - Planaltina,7
DF-2023-00941,Plano Piloto,Roubo de Veículo,2023-10-18,2023,10,09:46,Manhã,-15.77603,-47.885383,Quadra 242 - Plano Piloto,7
DF-2022-00942,Taguatinga,Roubo a Transeunte,2022-01-02,2022,1,04:24,Madrugada,-15.851154,-48.046483,Quadra 762 - Taguatinga,6
DF-2023-00943,Plano Piloto,Tráfico de Drogas,2023-04-05,2023,4,23:39,Noite,-15.797526,-47.878145,Quadra 193 - Plano Piloto,5
DF-2022-00944,Samambaia,Roubo de Veículo,2022-02-20,2022,2,17:24,Tarde,-15.866545,-48.093188,Quadra 322 - Samambaia,7
DF-2023-00945,Samambaia,Tráfico de Drogas,2023-12-20,2023,12,18:13,Noite,-15.879243,-48.084856,Quadra 749 - Samambaia,5
DF-2022-00946,Santa Maria,Roubo de Veículo,2022-09-15,2022,9,16:34,Tarde,-16.01733,-48.010773,Quadra 570 - Santa Maria,7
DF-2023-00947,Guará,Roubo a Transeunte,2023-07-11,2023,7,05:07,Madrugada,-15.842612,-47.961307,Quadra 470 - Guará,6
DF-2022-00948,Samambaia,Roubo a Transeunte,2022-12-20,2022,12,21:55,Noite,-15.879983,-48.083645,Quadra 771 - Samambaia,6
DF-2022-00949,Samambaia,Roubo em Coletivo,2022-05-17,2022,5,22:39,Noite,-15.866818,-48.096447,Quadra 741 - Samambaia,6
DF-2024-00950,Guará,Violência Doméstica,2024-03-24,2024,3,06:23,Manhã,-15.823084,-47.961773,Quadra 381 - Guará,8
DF-2023-00951,Gama,Violência Doméstica,2023-10-07,2023,10,02:53,Madrugada,-16.004429,-48.044237,Quadra 690 - Gama,8
DF-2023-00952,Planaltina,Roubo a Transeunte,2023-03-15,2023,3,03:17,Madrugada,-15.624055,-47.649584,Quadra 601 - Planaltina,6
DF-2023-00953,Plano Piloto,Furto a Transeunte,2023-11-06,2023,11,02:44,Madrugada,-15.779346,-47.871446,Quadra 769 - Plano Piloto,3
DF-2023-00954,Santa Maria,Roubo a Transeunte,2023-06-16,2023,6,15:49,Tarde,-16.03159,-48.010668,Quadra 496 - Santa Maria,6
DF-2022-00955,Samambaia,Roubo a Comércio,2022-04-01,2022,4,13:07,Tarde,-15.863968,-48.086319,Quadra 156 - Samambaia,6
DF-2024-00956,Samambaia,Roubo de Veículo,2024-03-30,2024,3,02:02,Madrugada,-15.88033,-48.097353,Quadra 157 - Samambaia,7
DF-2022-00957,Samambaia,Roubo em Coletivo,2022-08-10,2022,8,08:19,Manhã,-15.866035,-48.083067,Quadra 616 - Samambaia,6
DF-2024-00958,Guará,Roubo a Transeunte,2024-09-09,2024,9,22:35,Noite,-15.829172,-47.971074,Quadra 383 - Guará,6
DF-2022-00959,Plano Piloto,Roubo em Coletivo,2022-01-15,2022,1,19:52,Noite,-15.797036,-47.889599,Quadra 607 - Plano Piloto,6
DF-2024-00960,Ceilândia,Roubo de Veículo,2024-01-25,2024,1,17:31,Tarde,-15.828485,-48.129583,Quadra 709 - Ceilândia,7
DF-2023-00961,Taguatinga,Furto de Veículo,2023-06-09,2023,6,13:31,Tarde,-15.834726,-48.058246,Quadra 175 - Taguatinga,4
DF-2024-00962,Samambaia,Roubo a Transeunte,2024-12-26,2024,12,19:34,Noite,-15.876566,-48.06809,Quadra 156 - Samambaia,6
DF-2022-00963,Ceilândia,Tráfico de Drogas,2022-09-27,2022,9,06:07,Manhã,-15.826632,-48.104249,Quadra 545 - Ceilândia,5
DF-2022-00964,Samambaia,Roubo de Veículo,2022-06-03,2022,6,05:04,Madrugada,-15.88493,-48.094797,Quadra 375 - Samambaia,7
DF-2023-00965,Águas Claras,Furto a Transeunte,2023-11-01,2023,11,07:33,Manhã,-15.82453,-48.011375,Quadra 778 - Águas Claras,3
DF-2022-00966,Plano Piloto,Roubo em Coletivo,2022-04-06,2022,4,18:44,Noite,-15.793447,-47.882382,Quadra 284 - Plano Piloto,6
DF-2023-00967,Recanto das Emas,Roubo a Transeunte,2023-09-30,2023,9,02:34,Madrugada,-15.919132,-48.089154,Quadra 774 - Recanto das Emas,6
DF-2023-00968,Taguatinga,Roubo a Transeunte,2023-05-22,2023,5,01:25,Madrugada,-15.861981,-48.063316,Quadra 652 - Taguatinga,6
DF-2024-00969,Taguatinga,Roubo a Comércio,2024-06-20,2024,6,06:21,Manhã,-15.829374,-48.046822,Quadra 156 - Taguatinga,6
DF-2023-00970,Taguatinga,Roubo de Veículo,2023-11-05,2023,11,08:32,Manhã,-15.821419,-48.053656,Quadra 509 - Taguatinga,7
DF-2022-00971,Plano Piloto,Roubo de Veículo,2022-02-27,2022,2,19:09,Noite,-15.789531,-47.882627,Quadra 290 - Plano Piloto,7
DF-2024-00972,Águas Claras,Roubo de Veículo,2024-05-22,2024,5,21:12,Noite,-15.829777,-48.01412,Quadra 415 - Águas Claras,7
DF-2023-00973,Ceilândia,Roubo de Veículo,2023-01-19,2023,1,22:57,Noite,-15.796002,-48.124244,Quadra 753 - Ceilândia,7
DF-2022-00974,Ceilândia,Roubo a Transeunte,2022-02-28,2022,2,15:48,Tarde,-15.827549,-48.111668,Quadra 660 - Ceilândia,6
DF-2024-00975,Samambaia,Roubo de Veículo,2024-05-23,2024,5,08:45,Manhã,-15.876531,-48.078369,Quadra 483 - Samambaia,7
DF-2024-00976,Guará,Roubo a Transeunte,2024-03-11,2024,3,02:44,Madrugada,-15.821532,-47.963038,Quadra 497 - Guará,6
DF-2024-00977,Águas Claras,Roubo a Transeunte,2024-08-08,2024,8,16:04,Tarde,-15.856853,-48.027088,Quadra 511 - Águas Claras,6
DF-2023-00978,São Sebastião,Furto de Veículo,2023-03-14,2023,3,23:58,Noite,-15.910536,-47.765589,Quadra 374 - São Sebastião,4
DF-2024-00979,Taguatinga,Roubo de Veículo,2024-09-30,2024,9,21:45,Noite,-15.814238,-48.058449,Quadra 216 - Taguatinga,7
DF-2023-00980,Ceilândia,Homicídio Doloso,2023-09-21,2023,9,15:13,Tarde,-15.830867,-48.135597,Quadra 289 - Ceilândia,10
DF-2023-00981,Ceilândia,Furto a Transeunte,2023-08-10,2023,8,10:45,Manhã,-15.817339,-48.098792,Quadra 153 - Ceilândia,3
DF-2022-00982,Águas Claras,Roubo a Transeunte,2022-12-28,2022,12,13:18,Tarde,-15.839987,-48.019671,Quadra 259 - Águas Claras,6
DF-2023-00983,Samambaia,Roubo de Veículo,2023-09-30,2023,9,18:06,Noite,-15.900044,-48.071552,Quadra 723 - Samambaia,7
DF-2024-00984,Samambaia,Roubo de Veículo,2024-09-21,2024,9,20:40,Noite,-15.902408,-48.093276,Quadra 343 - Samambaia,7
DF-2024-00985,Taguatinga,Roubo de Veículo,2024-11-11,2024,11,21:07,Noite,-15.833926,-48.057945,Quadra 633 - Taguatinga,7
DF-2023-00986,Ceilândia,Tráfico de Drogas,2023-09-02,2023,9,18:09,Noite,-15.822638,-48.113225,Quadra 690 - Ceilândia,5
DF-2022-00987,Gama,Roubo a Comércio,2022-05-25,2022,5,10:02,Manhã,-16.025534,-48.052017,Quadra 222 - Gama,6
DF-2023-00988,Ceilândia,Roubo de Veículo,2023-05-15,2023,5,03:14,Madrugada,-15.823547,-48.11144,Quadra 236 - Ceilândia,7
DF-2024-00989,Gama,Roubo a Transeunte,2024-10-25,2024,10,04:05,Madrugada,-16.026127,-48.070156,Quadra 357 - Gama,6
DF-2023-00990,Guará,Roubo a Transeunte,2023-09-06,2023,9,12:27,Tarde,-15.814551,-47.992424,Quadra 221 - Guará,6
DF-2022-00991,Ceilândia,Roubo de Veículo,2022-06-16,2022,6,01:19,Madrugada,-15.807233,-48.099119,Quadra 145 - Ceilândia,7
DF-2023-00992,Samambaia,Roubo a Transeunte,2023-10-09,2023,10,04:31,Madrugada,-15.86689,-48.092179,Quadra 164 - Samambaia,6
DF-2022-00993,Ceilândia,Roubo a Transeunte,2022-08-19,2022,8,19:07,Noite,-15.828364,-48.120126,Quadra 550 - Ceilândia,6
DF-2023-00994,Taguatinga,Violência Doméstica,2023-06-18,2023,6,18:30,Noite,-15.808959,-48.051096,Quadra 667 - Taguatinga,8
DF-2022-00995,Plano Piloto,Roubo a Transeunte,2022-08-16,2022,8,10:56,Manhã,-15.79514,-47.895718,Quadra 222 - Plano Piloto,6
DF-2022-00996,Santa Maria,Roubo a Transeunte,2022-08-04,2022,8,16:15,Tarde,-16.014369,-48.014064,Quadra 305 - Santa Maria,6
DF-2023-00997,Águas Claras,Roubo a Transeunte,2023-03-05,2023,3,04:37,Madrugada,-15.831658,-48.023958,Quadra 795 - Águas Claras,6
DF-2023-00998,Samambaia,Tráfico de Drogas,2023-11-15,2023,11,21:05,Noite,-15.89153,-48.088138,Quadra 758 - Samambaia,5
DF-2022-00999,Guará,Violência Doméstica,2022-02-27,2022,2,17:44,Tarde,-15.7854,-47.985772,Quadra 500 - Guará,8
DF-2024-01000,Ceilândia,Roubo de Veículo,2024-07-06,2024,7,04:02,Madrugada,-15.823776,-48.113278,Quadra 374 - Ceilândia,7
DF-2024-01001,Ceilândia,Furto de Veículo,2024-04-26,2024,4,07:55,Manhã,-15.814966,-48.125386,Quadra 508 - Ceilândia,4
DF-2024-01002,Ceilândia,Roubo a Transeunte,2024-05-29,2024,5,23:15,Noite,-15.837811,-48.101262,Quadra 534 - Ceilândia,6
DF-2024-01003,São Sebastião,Roubo a Comércio,2024-02-29,2024,2,00:47,Madrugada,-15.896953,-47.77156,Quadra 357 - São Sebastião,6
DF-2024-01004,São Sebastião,Violência Doméstica,2024-06-08,2024,6,03:00,Madrugada,-15.903532,-47.782053,Quadra 576 - São Sebastião,8
DF-2022-01005,Ceilândia,Roubo de Veículo,2022-02-17,2022,2,04:22,Madrugada,-15.81911,-48.106507,Quadra 633 - Ceilândia,7
DF-2022-01006,Samambaia,Roubo a Transeunte,2022-12-06,2022,12,20:10,Noite,-15.887007,-48.083096,Quadra 224 - Samambaia,6
DF-2022-01007,Recanto das Emas,Roubo a Transeunte,2022-09-30,2022,9,21:14,Noite,-15.909387,-48.068552,Quadra 732 - Recanto das Emas,6
DF-2022-01008,Samambaia,Roubo a Transeunte,2022-04-12,2022,4,10:45,Manhã,-15.888086,-48.075653,Quadra 709 - Samambaia,6
DF-2023-01009,Águas Claras,Furto a Transeunte,2023-10-26,2023,10,19:21,Noite,-15.828355,-48.02962,Quadra 746 - Águas Claras,3
DF-2024-01010,Ceilândia,Tráfico de Drogas,2024-04-28,2024,4,15:45,Tarde,-15.812623,-48.116156,Quadra 282 - Ceilândia,5
DF-2023-01011,Planaltina,Roubo a Transeunte,2023-12-24,2023,12,04:10,Madrugada,-15.604638,-47.643444,Quadra 382 - Planaltina,6
DF-2022-01012,Guará,Violência Doméstica,2022-02-05,2022,2,20:43,Noite,-15.817873,-47.96164,Quadra 743 - Guará,8
DF-2023-01013,Taguatinga,Roubo a Transeunte,2023-11-30,2023,11,16:46,Tarde,-15.851209,-48.048468,Quadra 657 - Taguatinga,6
DF-2024-01014,Gama,Roubo a Transeunte,2024-12-13,2024,12,22:22,Noite,-16.007948,-48.070829,Quadra 132 - Gama,6
DF-2024-01015,Santa Maria,Furto a Transeunte,2024-07-29,2024,7,06:07,Manhã,-16.019434,-47.989116,Quadra 518 - Santa Maria,3
DF-2022-01016,Plano Piloto,Roubo em Coletivo,2022-09-10,2022,9,08:26,Manhã,-15.797867,-47.8866,Quadra 421 - Plano Piloto,6
DF-2024-01017,Ceilândia,Roubo de Veículo,2024-12-28,2024,12,07:22,Manhã,-15.831623,-48.110529,Quadra 582 - Ceilândia,7
DF-2024-01018,Samambaia,Roubo a Transeunte,2024-03-23,2024,3,02:29,Madrugada,-15.879287,-48.074433,Quadra 751 - Samambaia,6
DF-2022-01019,Sobradinho,Roubo em Coletivo,2022-04-05,2022,4,18:17,Noite,-15.646066,-47.779301,Quadra 137 - Sobradinho,6
DF-2022-01020,Samambaia,Roubo a Transeunte,2022-01-08,2022,1,00:15,Madrugada,-15.864019,-48.091852,Quadra 106 - Samambaia,6
DF-2024-01021,Águas Claras,Violência Doméstica,2024-01-28,2024,1,05:45,Madrugada,-15.832828,-48.013462,Quadra 287 - Águas Claras,8
DF-2023-01022,Gama,Tráfico de Drogas,2023-02-22,2023,2,18:58,Noite,-16.016446,-48.057117,Quadra 548 - Gama,5
DF-2022-01023,Santa Maria,Roubo a Comércio,2022-12-13,2022,12,11:05,Manhã,-16.009684,-48.010846,Quadra 749 - Santa Maria,6
DF-2022-01024,Planaltina,Violência Doméstica,2022-02-07,2022,2,22:58,Noite,-15.613554,-47.664612,Quadra 412 - Planaltina,8
DF-2023-01025,Ceilândia,Violência Doméstica,2023-11-16,2023,11,09:46,Manhã,-15.812133,-48.127346,Quadra 525 - Ceilândia,8
DF-2022-01026,Samambaia,Roubo em Coletivo,2022-05-20,2022,5,05:45,Madrugada,-15.867555,-48.100209,Quadra 798 - Samambaia,6
DF-2024-01027,Gama,Roubo a Transeunte,2024-05-26,2024,5,16:39,Tarde,-16.018979,-48.053872,Quadra 552 - Gama,6
DF-2023-01028,Águas Claras,Furto de Veículo,2023-11-23,2023,11,14:09,Tarde,-15.823099,-48.025556,Quadra 538 - Águas Claras,4
DF-2022-01029,Ceilândia,Roubo de Veículo,2022-10-13,2022,10,00:35,Madrugada,-15.811507,-48.111826,Quadra 753 - Ceilândia,7
DF-2024-01030,Sobradinho,Roubo a Transeunte,2024-06-10,2024,6,20:54,Noite,-15.647243,-47.782956,Quadra 237 - Sobradinho,6
DF-2023-01031,Ceilândia,Roubo a Comércio,2023-04-27,2023,4,11:14,Manhã,-15.830323,-48.093887,Quadra 756 - Ceilândia,6
DF-2024-01032,Plano Piloto,Roubo de Veículo,2024-05-13,2024,5,19:09,Noite,-15.792246,-47.879938,Quadra 777 - Plano Piloto,7
DF-2023-01033,Águas Claras,Homicídio Doloso,2023-02-22,2023,2,23:51,Noite,-15.823023,-48.022817,Quadra 677 - Águas Claras,10
DF-2022-01034,Ceilândia,Roubo a Comércio,2022-09-19,2022,9,11:11,Manhã,-15.8443,-48.116149,Quadra 755 - Ceilândia,6
DF-2022-01035,São Sebastião,Roubo a Comércio,2022-04-17,2022,4,23:43,Noite,-15.905871,-47.757826,Quadra 238 - São Sebastião,6
DF-2023-01036,Taguatinga,Furto de Veículo,2023-07-27,2023,7,20:54,Noite,-15.853399,-48.063319,Quadra 502 - Taguatinga,4
DF-2024-01037,Samambaia,Roubo a Comércio,2024-06-22,2024,6,22:20,Noite,-15.867068,-48.108483,Quadra 287 - Samambaia,6
DF-2023-01038,Ceilândia,Roubo a Comércio,2023-10-30,2023,10,11:27,Manhã,-15.83504,-48.119595,Quadra 647 - Ceilândia,6
DF-2023-01039,Plano Piloto,Roubo a Comércio,2023-10-10,2023,10,11:55,Manhã,-15.816648,-47.855059,Quadra 627 - Plano Piloto,6
DF-2022-01040,Samambaia,Violência Doméstica,2022-10-10,2022,10,17:12,Tarde,-15.863703,-48.078753,Quadra 356 - Samambaia,8
DF-2022-01041,Taguatinga,Roubo a Transeunte,2022-10-29,2022,10,10:22,Manhã,-15.838293,-48.049222,Quadra 132 - Taguatinga,6
DF-2023-01042,Gama,Roubo a Transeunte,2023-07-16,2023,7,06:50,Manhã,-16.010588,-48.037376,Quadra 377 - Gama,6
DF-2024-01043,Ceilândia,Roubo em Coletivo,2024-09-12,2024,9,06:30,Manhã,-15.828183,-48.104035,Quadra 396 - Ceilândia,6
DF-2023-01044,Plano Piloto,Roubo a Comércio,2023-10-13,2023,10,14:08,Tarde,-15.817029,-47.882486,Quadra 307 - Plano Piloto,6
DF-2024-01045,Gama,Roubo a Transeunte,2024-05-16,2024,5,05:21,Madrugada,-16.004027,-48.068199,Quadra 140 - Gama,6
DF-2023-01046,Gama,Tráfico de Drogas,2023-05-12,2023,5,15:18,Tarde,-16.040279,-48.03632,Quadra 278 - Gama,5
DF-2022-01047,Samambaia,Homicídio Doloso,2022-02-26,2022,2,19:00,Noite,-15.891343,-48.077975,Quadra 759 - Samambaia,10
DF-2023-01048,Gama,Roubo a Comércio,2023-02-12,2023,2,06:34,Manhã,-16.033852,-48.043396,Quadra 237 - Gama,6
DF-2024-01049,Ceilândia,Roubo a Transeunte,2024-11-19,2024,11,19:41,Noite,-15.81137,-48.101656,Quadra 539 - Ceilândia,6
DF-2024-01050,Taguatinga,Roubo de Veículo,2024-02-10,2024,2,13:38,Tarde,-15.803904,-48.055032,Quadra 129 - Taguatinga,7
DF-2022-01051,Samambaia,Roubo a Transeunte,2022-12-04,2022,12,11:25,Manhã,-15.886156,-48.10097,Quadra 695 - Samambaia,6
DF-2022-01052,Santa Maria,Roubo em Coletivo,2022-06-15,2022,6,16:54,Tarde,-16.031137,-48.015735,Quadra 371 - Santa Maria,6
DF-2024-01053,Taguatinga,Roubo em Coletivo,2024-08-22,2024,8,06:03,Manhã,-15.848393,-48.01493,Quadra 140 - Taguatinga,6
DF-2023-01054,Ceilândia,Roubo de Veículo,2023-03-29,2023,3,01:58,Madrugada,-15.821093,-48.110201,Quadra 459 - Ceilândia,7
DF-2022-01055,Gama,Roubo a Transeunte,2022-03-12,2022,3,03:38,Madrugada,-16.005657,-48.05479,Quadra 195 - Gama,6
DF-2024-01056,Ceilândia,Furto de Veículo,2024-07-23,2024,7,21:04,Noite,-15.821953,-48.096845,Quadra 695 - Ceilândia,4
DF-2024-01057,Plano Piloto,Roubo a Transeunte,2024-10-30,2024,10,09:18,Manhã,-15.802567,-47.883286,Quadra 348 - Plano Piloto,6
DF-2024-01058,Taguatinga,Roubo a Transeunte,2024-05-25,2024,5,03:33,Madrugada,-15.834669,-48.048146,Quadra 272 - Taguatinga,6
DF-2022-01059,Samambaia,Roubo de Veículo,2022-11-19,2022,11,05:24,Madrugada,-15.881894,-48.084214,Quadra 515 - Samambaia,7
DF-2022-01060,Plano Piloto,Roubo de Veículo,2022-11-20,2022,11,12:58,Tarde,-15.786666,-47.888653,Quadra 695 - Plano Piloto,7
DF-2023-01061,Taguatinga,Roubo de Veículo,2023-09-19,2023,9,13:22,Tarde,-15.840031,-48.070906,Quadra 178 - Taguatinga,7
DF-2022-01062,Santa Maria,Furto de Veículo,2022-11-20,2022,11,04:54,Madrugada,-16.012789,-47.992493,Quadra 416 - Santa Maria,4
DF-2024-01063,Planaltina,Roubo a Transeunte,2024-10-16,2024,10,17:57,Tarde,-15.602679,-47.631889,Quadra 550 - Planaltina,6
DF-2022-01064,Samambaia,Roubo a Transeunte,2022-05-19,2022,5,22:47,Noite,-15.879242,-48.086194,Quadra 379 - Samambaia,6
DF-2022-01065,Santa Maria,Roubo a Transeunte,2022-10-16,2022,10,13:51,Tarde,-16.00711,-47.999154,Quadra 210 - Santa Maria,6
DF-2024-01066,Plano Piloto,Roubo a Transeunte,2024-05-10,2024,5,21:26,Noite,-15.815577,-47.885541,Quadra 261 - Plano Piloto,6
DF-2022-01067,Plano Piloto,Roubo de Veículo,2022-07-26,2022,7,14:30,Tarde,-15.797006,-47.898851,Quadra 590 - Plano Piloto,7
DF-2022-01068,Ceilândia,Roubo em Coletivo,2022-03-29,2022,3,22:34,Noite,-15.847817,-48.111816,Quadra 700 - Ceilândia,6
DF-2022-01069,Ceilândia,Violência Doméstica,2022-04-20,2022,4,20:48,Noite,-15.817825,-48.108143,Quadra 552 - Ceilândia,8
DF-2023-01070,Taguatinga,Roubo a Transeunte,2023-10-22,2023,10,15:10,Tarde,-15.830917,-48.060928,Quadra 611 - Taguatinga,6
DF-2022-01071,Santa Maria,Violência Doméstica,2022-04-20,2022,4,14:08,Tarde,-16.016936,-48.007375,Quadra 185 - Santa Maria,8
DF-2022-01072,Plano Piloto,Roubo de Veículo,2022-06-04,2022,6,09:54,Manhã,-15.798997,-47.862686,Quadra 369 - Plano Piloto,7
DF-2024-01073,Samambaia,Roubo de Veículo,2024-11-17,2024,11,17:21,Tarde,-15.870468,-48.078964,Quadra 522 - Samambaia,7
DF-2022-01074,Santa Maria,Roubo a Transeunte,2022-03-08,2022,3,14:53,Tarde,-16.009345,-48.002452,Quadra 779 - Santa Maria,6
DF-2024-01075,Recanto das Emas,Violência Doméstica,2024-09-17,2024,9,08:59,Manhã,-15.904291,-48.063932,Quadra 127 - Recanto das Emas,8
DF-2023-01076,Ceilândia,Tráfico de Drogas,2023-06-01,2023,6,07:03,Manhã,-15.834362,-48.099271,Quadra 423 - Ceilândia,5
DF-2022-01077,Gama,Violência Doméstica,2022-06-13,2022,6,16:43,Tarde,-16.017753,-48.07307,Quadra 455 - Gama,8
DF-2022-01078,Guará,Tráfico de Drogas,2022-03-08,2022,3,14:11,Tarde,-15.791879,-47.978308,Quadra 588 - Guará,5
DF-2023-01079,Gama,Tráfico de Drogas,2023-02-14,2023,2,05:21,Madrugada,-16.020913,-48.0719,Quadra 115 - Gama,5
DF-2024-01080,Ceilândia,Violência Doméstica,2024-01-21,2024,1,23:03,Noite,-15.819308,-48.118854,Quadra 282 - Ceilândia,8
DF-2024-01081,Vicente Pires,Violência Doméstica,2024-12-21,2024,12,09:58,Manhã,-15.82509,-48.013304,Quadra 601 - Vicente Pires,8
DF-2024-01082,Samambaia,Roubo de Veículo,2024-06-16,2024,6,21:11,Noite,-15.889304,-48.110043,Quadra 426 - Samambaia,7
DF-2024-01083,Plano Piloto,Roubo a Transeunte,2024-08-28,2024,8,20:55,Noite,-15.783685,-47.891289,Quadra 543 - Plano Piloto,6
DF-2024-01084,Samambaia,Furto de Veículo,2024-06-28,2024,6,19:16,Noite,-15.885597,-48.065984,Quadra 558 - Samambaia,4
DF-2022-01085,Gama,Roubo a Transeunte,2022-10-16,2022,10,12:41,Tarde,-16.008792,-48.068203,Quadra 346 - Gama,6
DF-2023-01086,Samambaia,Roubo de Veículo,2023-05-05,2023,5,22:45,Noite,-15.864628,-48.088756,Quadra 299 - Samambaia,7
DF-2022-01087,Taguatinga,Tráfico de Drogas,2022-01-20,2022,1,22:54,Noite,-15.837678,-48.036893,Quadra 533 - Taguatinga,5
DF-2024-01088,Taguatinga,Roubo a Comércio,2024-08-16,2024,8,08:49,Manhã,-15.82062,-48.075507,Quadra 162 - Taguatinga,6
DF-2024-01089,Samambaia,Roubo de Veículo,2024-02-03,2024,2,14:12,Tarde,-15.865154,-48.063279,Quadra 694 - Samambaia,7
DF-2022-01090,Ceilândia,Homicídio Doloso,2022-08-03,2022,8,08:40,Manhã,-15.828589,-48.103518,Quadra 461 - Ceilândia,10
DF-2023-01091,Guará,Tráfico de Drogas,2023-12-13,2023,12,18:43,Noite,-15.822029,-47.976931,Quadra 209 - Guará,5
DF-2022-01092,Ceilândia,Roubo de Veículo,2022-12-24,2022,12,15:55,Tarde,-15.818473,-48.069289,Quadra 260 - Ceilândia,7
DF-2022-01093,Plano Piloto,Furto de Veículo,2022-05-16,2022,5,17:17,Tarde,-15.792281,-47.903874,Quadra 630 - Plano Piloto,4
DF-2023-01094,Plano Piloto,Violência Doméstica,2023-01-30,2023,1,14:12,Tarde,-15.804282,-47.866026,Quadra 660 - Plano Piloto,8
DF-2022-01095,Ceilândia,Roubo a Transeunte,2022-11-16,2022,11,23:54,Noite,-15.803209,-48.115301,Quadra 633 - Ceilândia,6
DF-2024-01096,Planaltina,Roubo a Transeunte,2024-06-14,2024,6,22:54,Noite,-15.607269,-47.64134,Quadra 663 - Planaltina,6
DF-2024-01097,Planaltina,Roubo a Transeunte,2024-07-22,2024,7,02:22,Madrugada,-15.606616,-47.64877,Quadra 227 - Planaltina,6
DF-2024-01098,Samambaia,Roubo de Veículo,2024-05-16,2024,5,23:09,Noite,-15.876731,-48.074282,Quadra 271 - Samambaia,7
DF-2022-01099,Sobradinho,Violência Doméstica,2022-03-12,2022,3,18:20,Noite,-15.661348,-47.824596,Quadra 207 - Sobradinho,8
DF-2024-01100,Taguatinga,Violência Doméstica,2024-08-22,2024,8,21:25,Noite,-15.830532,-48.04332,Quadra 144 - Taguatinga,8
DF-2024-01101,Taguatinga,Homicídio Doloso,2024-11-23,2024,11,23:14,Noite,-15.83588,-48.05681,Quadra 749 - Taguatinga,10
DF-2022-01102,Taguatinga,Tráfico de Drogas,2022-04-13,2022,4,12:11,Tarde,-15.832704,-48.053227,Quadra 486 - Taguatinga,5
DF-2022-01103,Ceilândia,Violência Doméstica,2022-09-02,2022,9,03:43,Madrugada,-15.812186,-48.102975,Quadra 119 - Ceilândia,8
DF-2024-01104,Planaltina,Roubo a Transeunte,2024-04-04,2024,4,01:17,Madrugada,-15.641231,-47.670314,Quadra 402 - Planaltina,6
DF-2023-01105,Guará,Roubo a Comércio,2023-07-10,2023,7,21:28,Noite,-15.827439,-47.974108,Quadra 485 - Guará,6
DF-2022-01106,Taguatinga,Roubo a Transeunte,2022-06-04,2022,6,04:40,Madrugada,-15.837337,-48.074006,Quadra 557 - Taguatinga,6
DF-2024-01107,Plano Piloto,Furto a Transeunte,2024-11-19,2024,11,23:36,Noite,-15.783665,-47.862092,Quadra 771 - Plano Piloto,3
DF-2022-01108,Guará,Roubo a Transeunte,2022-03-04,2022,3,13:06,Tarde,-15.810825,-47.976817,Quadra 795 - Guará,6
DF-2023-01109,Taguatinga,Roubo a Transeunte,2023-10-10,2023,10,14:13,Tarde,-15.841934,-48.041631,Quadra 440 - Taguatinga,6
DF-2023-01110,Taguatinga,Violência Doméstica,2023-07-28,2023,7,05:09,Madrugada,-15.815013,-48.035852,Quadra 350 - Taguatinga,8
DF-2023-01111,Ceilândia,Roubo de Veículo,2023-06-05,2023,6,20:11,Noite,-15.804404,-48.124626,Quadra 665 - Ceilândia,7
DF-2023-01112,Ceilândia,Tráfico de Drogas,2023-01-15,2023,1,19:11,Noite,-15.793498,-48.115507,Quadra 548 - Ceilândia,5
DF-2022-01113,Ceilândia,Roubo em Coletivo,2022-06-04,2022,6,22:12,Noite,-15.82771,-48.127168,Quadra 589 - Ceilândia,6
DF-2022-01114,Ceilândia,Roubo de Veículo,2022-12-01,2022,12,05:32,Madrugada,-15.810629,-48.109926,Quadra 123 - Ceilândia,7
DF-2022-01115,Samambaia,Homicídio Doloso,2022-07-13,2022,7,22:50,Noite,-15.884728,-48.092183,Quadra 765 - Samambaia,10
DF-2022-01116,Ceilândia,Furto de Veículo,2022-05-30,2022,5,12:36,Tarde,-15.819798,-48.10142,Quadra 376 - Ceilândia,4
DF-2023-01117,Recanto das Emas,Furto a Transeunte,2023-01-20,2023,1,11:39,Manhã,-15.933079,-48.058117,Quadra 422 - Recanto das Emas,3
DF-2023-01118,Plano Piloto,Roubo a Transeunte,2023-01-17,2023,1,14:37,Tarde,-15.792245,-47.888177,Quadra 433 - Plano Piloto,6
DF-2024-01119,Ceilândia,Roubo a Comércio,2024-06-03,2024,6,22:04,Noite,-15.824636,-48.128335,Quadra 436 - Ceilândia,6
DF-2022-01120,Plano Piloto,Roubo a Transeunte,2022-04-24,2022,4,10:16,Manhã,-15.803099,-47.851042,Quadra 704 - Plano Piloto,6
DF-2022-01121,Taguatinga,Roubo em Coletivo,2022-10-10,2022,10,19:12,Noite,-15.814763,-48.052769,Quadra 114 - Taguatinga,6
DF-2024-01122,Recanto das Emas,Roubo de Veículo,2024-05-13,2024,5,21:35,Noite,-15.888736,-48.070907,Quadra 429 - Recanto das Emas,7
DF-2022-01123,Samambaia,Roubo em Coletivo,2022-07-11,2022,7,18:51,Noite,-15.872043,-48.080349,Quadra 215 - Samambaia,6
DF-2023-01124,Taguatinga,Roubo a Transeunte,2023-08-31,2023,8,18:31,Noite,-15.828654,-48.072896,Quadra 457 - Taguatinga,6
DF-2024-01125,Ceilândia,Roubo a Transeunte,2024-07-02,2024,7,08:55,Manhã,-15.829133,-48.123844,Quadra 800 - Ceilândia,6
DF-2022-01126,Santa Maria,Roubo a Transeunte,2022-04-24,2022,4,20:38,Noite,-16.019086,-47.983108,Quadra 355 - Santa Maria,6
DF-2023-01127,Plano Piloto,Violência Doméstica,2023-04-25,2023,4,17:32,Tarde,-15.782737,-47.889313,Quadra 413 - Plano Piloto,8
DF-2022-01128,Taguatinga,Violência Doméstica,2022-01-30,2022,1,13:01,Tarde,-15.837169,-48.05696,Quadra 485 - Taguatinga,8
DF-2023-01129,Ceilândia,Roubo a Transeunte,2023-08-25,2023,8,19:50,Noite,-15.824595,-48.131967,Quadra 740 - Ceilândia,6
DF-2023-01130,Ceilândia,Roubo a Transeunte,2023-03-28,2023,3,07:36,Manhã,-15.824883,-48.119633,Quadra 433 - Ceilândia,6
DF-2024-01131,São Sebastião,Roubo de Veículo,2024-03-11,2024,3,02:30,Madrugada,-15.911177,-47.783872,Quadra 762 - São Sebastião,7
DF-2022-01132,Taguatinga,Roubo a Transeunte,2022-08-18,2022,8,16:18,Tarde,-15.83527,-48.062684,Quadra 611 - Taguatinga,6
DF-2024-01133,Ceilândia,Violência Doméstica,2024-11-13,2024,11,04:36,Madrugada,-15.820929,-48.145485,Quadra 728 - Ceilândia,8
DF-2024-01134,Samambaia,Roubo a Transeunte,2024-07-28,2024,7,20:26,Noite,-15.866445,-48.084368,Quadra 135 - Samambaia,6
DF-2024-01135,Ceilândia,Roubo de Veículo,2024-05-27,2024,5,02:59,Madrugada,-15.818353,-48.124323,Quadra 266 - Ceilândia,7
DF-2022-01136,Sobradinho,Roubo a Transeunte,2022-09-07,2022,9,22:23,Noite,-15.644803,-47.779935,Quadra 776 - Sobradinho,6
DF-2023-01137,Ceilândia,Homicídio Doloso,2023-12-25,2023,12,20:17,Noite,-15.817705,-48.123494,Quadra 413 - Ceilândia,10
DF-2024-01138,Plano Piloto,Roubo a Transeunte,2024-12-25,2024,12,01:16,Madrugada,-15.755541,-47.887692,Quadra 455 - Plano Piloto,6
DF-2024-01139,Plano Piloto,Violência Doméstica,2024-03-14,2024,3,18:44,Noite,-15.77569,-47.873535,Quadra 272 - Plano Piloto,8
DF-2022-01140,Ceilândia,Violência Doméstica,2022-05-23,2022,5,18:08,Noite,-15.81874,-48.131457,Quadra 204 - Ceilândia,8
DF-2024-01141,Ceilândia,Roubo de Veículo,2024-01-27,2024,1,12:37,Tarde,-15.831951,-48.102724,Quadra 489 - Ceilândia,7
DF-2024-01142,Planaltina,Roubo a Comércio,2024-08-02,2024,8,16:45,Tarde,-15.60103,-47.63767,Quadra 388 - Planaltina,6
DF-2023-01143,Taguatinga,Roubo a Transeunte,2023-02-11,2023,2,20:19,Noite,-15.820482,-48.064924,Quadra 506 - Taguatinga,6
DF-2023-01144,Guará,Roubo de Veículo,2023-04-12,2023,4,16:34,Tarde,-15.811811,-47.978948,Quadra 493 - Guará,7
DF-2024-01145,Samambaia,Roubo a Transeunte,2024-08-23,2024,8,02:18,Madrugada,-15.859133,-48.07378,Quadra 200 - Samambaia,6
DF-2024-01146,Guará,Homicídio Doloso,2024-08-04,2024,8,20:51,Noite,-15.820861,-47.987373,Quadra 178 - Guará,10
DF-2023-01147,Plano Piloto,Roubo a Comércio,2023-07-05,2023,7,18:54,Noite,-15.806865,-47.902495,Quadra 422 - Plano Piloto,6
DF-2023-01148,São Sebastião,Violência Doméstica,2023-06-03,2023,6,10:49,Manhã,-15.903914,-47.772556,Quadra 419 - São Sebastião,8
DF-2024-01149,Samambaia,Latrocínio,2024-10-21,2024,10,04:52,Madrugada,-15.901235,-48.079109,Quadra 749 - Samambaia,10
DF-2023-01150,Sobradinho,Roubo de Veículo,2023-06-08,2023,6,22:55,Noite,-15.65474,-47.795592,Quadra 420 - Sobradinho,7
DF-2023-01151,Guará,Tráfico de Drogas,2023-12-29,2023,12,10:20,Manhã,-15.814565,-47.977776,Quadra 290 - Guará,5
DF-2022-01152,Ceilândia,Roubo em Coletivo,2022-07-09,2022,7,19:37,Noite,-15.829314,-48.13538,Quadra 753 - Ceilândia,6
DF-2024-01153,Planaltina,Roubo a Transeunte,2024-04-21,2024,4,20:05,Noite,-15.619307,-47.640967,Quadra 258 - Planaltina,6
DF-2023-01154,Ceilândia,Furto a Transeunte,2023-12-08,2023,12,05:18,Madrugada,-15.805429,-48.124222,Quadra 200 - Ceilândia,3
DF-2023-01155,Vicente Pires,Roubo a Transeunte,2023-09-09,2023,9,13:58,Tarde,-15.809501,-48.026651,Quadra 252 - Vicente Pires,6
DF-2022-01156,Santa Maria,Roubo a Transeunte,2022-09-09,2022,9,09:35,Manhã,-15.998403,-48.023623,Quadra 256 - Santa Maria,6
DF-2024-01157,Recanto das Emas,Violência Doméstica,2024-10-09,2024,10,07:48,Manhã,-15.899377,-48.08887,Quadra 529 - Recanto das Emas,8
DF-2024-01158,Taguatinga,Tráfico de Drogas,2024-12-25,2024,12,12:34,Tarde,-15.837254,-48.036001,Quadra 308 - Taguatinga,5
DF-2024-01159,Santa Maria,Roubo em Coletivo,2024-02-13,2024,2,03:52,Madrugada,-16.018862,-47.996063,Quadra 248 - Santa Maria,6
DF-2024-01160,Ceilândia,Roubo a Transeunte,2024-11-05,2024,11,20:20,Noite,-15.825575,-48.107483,Quadra 323 - Ceilândia,6
DF-2024-01161,Samambaia,Homicídio Doloso,2024-05-26,2024,5,19:29,Noite,-15.887586,-48.07545,Quadra 796 - Samambaia,10
DF-2023-01162,Planaltina,Roubo a Comércio,2023-01-10,2023,1,13:05,Tarde,-15.612585,-47.66427,Quadra 707 - Planaltina,6
DF-2023-01163,Gama,Roubo a Transeunte,2023-04-30,2023,4,13:32,Tarde,-16.033591,-48.057541,Quadra 744 - Gama,6
DF-2022-01164,Planaltina,Violência Doméstica,2022-06-19,2022,6,17:54,Tarde,-15.614676,-47.65863,Quadra 266 - Planaltina,8
DF-2023-01165,Gama,Roubo a Transeunte,2023-08-05,2023,8,17:02,Tarde,-16.042347,-48.054869,Quadra 584 - Gama,6
DF-2022-01166,Guará,Roubo de Veículo,2022-12-18,2022,12,15:45,Tarde,-15.821071,-47.95645,Quadra 501 - Guará,7
DF-2022-01167,Gama,Roubo a Comércio,2022-03-01,2022,3,11:51,Manhã,-16.021845,-48.066675,Quadra 185 - Gama,6
DF-2022-01168,Planaltina,Tráfico de Drogas,2022-07-04,2022,7,13:04,Tarde,-15.623768,-47.660042,Quadra 747 - Planaltina,5
DF-2024-01169,Guará,Roubo a Transeunte,2024-08-27,2024,8,05:07,Madrugada,-15.823047,-47.970912,Quadra 494 - Guará,6
DF-2023-01170,São Sebastião,Roubo de Veículo,2023-10-23,2023,10,20:38,Noite,-15.910517,-47.779353,Quadra 581 - São Sebastião,7
DF-2022-01171,Ceilândia,Roubo a Transeunte,2022-12-05,2022,12,11:28,Manhã,-15.797677,-48.114311,Quadra 189 - Ceilândia,6
DF-2024-01172,Sobradinho,Violência Doméstica,2024-04-06,2024,4,13:06,Tarde,-15.670764,-47.794255,Quadra 688 - Sobradinho,8
DF-2023-01173,Ceilândia,Roubo a Transeunte,2023-05-03,2023,5,20:49,Noite,-15.842589,-48.108387,Quadra 447 - Ceilândia,6
DF-2024-01174,Plano Piloto,Furto a Transeunte,2024-12-18,2024,12,01:10,Madrugada,-15.803599,-47.901194,Quadra 687 - Plano Piloto,3
DF-2024-01175,Plano Piloto,Roubo a Transeunte,2024-03-23,2024,3,15:32,Tarde,-15.798632,-47.891677,Quadra 315 - Plano Piloto,6
DF-2023-01176,Taguatinga,Roubo em Coletivo,2023-01-09,2023,1,02:44,Madrugada,-15.828054,-48.032638,Quadra 731 - Taguatinga,6
DF-2022-01177,Santa Maria,Violência Doméstica,2022-04-11,2022,4,09:09,Manhã,-16.017166,-47.999863,Quadra 799 - Santa Maria,8
DF-2022-01178,Ceilândia,Furto a Transeunte,2022-09-08,2022,9,22:00,Noite,-15.818465,-48.08874,Quadra 786 - Ceilândia,3
DF-2024-01179,Taguatinga,Furto a Transeunte,2024-01-28,2024,1,03:35,Madrugada,-15.863106,-48.065006,Quadra 413 - Taguatinga,3
DF-2022-01180,Samambaia,Violência Doméstica,2022-09-09,2022,9,15:58,Tarde,-15.859306,-48.079094,Quadra 779 - Samambaia,8
DF-2022-01181,Plano Piloto,Furto a Transeunte,2022-07-07,2022,7,20:57,Noite,-15.794252,-47.890045,Quadra 503 - Plano Piloto,3
DF-2024-01182,Taguatinga,Violência Doméstica,2024-08-16,2024,8,02:22,Madrugada,-15.837822,-48.052289,Quadra 417 - Taguatinga,8
DF-2023-01183,Taguatinga,Tráfico de Drogas,2023-02-21,2023,2,05:01,Madrugada,-15.827381,-48.060721,Quadra 324 - Taguatinga,5
DF-2022-01184,Ceilândia,Furto a Transeunte,2022-11-13,2022,11,17:17,Tarde,-15.844568,-48.114064,Quadra 687 - Ceilândia,3
DF-2023-01185,Gama,Roubo a Comércio,2023-06-16,2023,6,16:44,Tarde,-16.013533,-48.069293,Quadra 360 - Gama,6
DF-2022-01186,Gama,Tráfico de Drogas,2022-04-30,2022,4,12:18,Tarde,-16.000686,-48.054835,Quadra 618 - Gama,5
DF-2024-01187,Samambaia,Homicídio Doloso,2024-01-24,2024,1,19:16,Noite,-15.88462,-48.093887,Quadra 350 - Samambaia,10
DF-2024-01188,Gama,Tráfico de Drogas,2024-06-24,2024,6,21:18,Noite,-16.020218,-48.048493,Quadra 354 - Gama,5
DF-2024-01189,Gama,Violência Doméstica,2024-12-04,2024,12,21:57,Noite,-16.02173,-48.061414,Quadra 668 - Gama,8
DF-2022-01190,Guará,Roubo a Transeunte,2022-04-27,2022,4,12:14,Tarde,-15.828757,-47.982021,Quadra 312 - Guará,6
DF-2024-01191,Plano Piloto,Roubo a Comércio,2024-08-03,2024,8,03:33,Madrugada,-15.780861,-47.886097,Quadra 496 - Plano Piloto,6
DF-2023-01192,Samambaia,Roubo a Transeunte,2023-11-06,2023,11,13:24,Tarde,-15.89626,-48.079303,Quadra 158 - Samambaia,6
DF-2022-01193,Plano Piloto,Furto a Transeunte,2022-05-31,2022,5,13:22,Tarde,-15.785194,-47.879752,Quadra 789 - Plano Piloto,3
DF-2023-01194,Gama,Furto de Veículo,2023-10-31,2023,10,16:36,Tarde,-16.013455,-48.043259,Quadra 551 - Gama,4
DF-2022-01195,Sobradinho,Roubo a Transeunte,2022-11-16,2022,11,10:25,Manhã,-15.665005,-47.80404,Quadra 179 - Sobradinho,6
DF-2023-01196,Ceilândia,Roubo em Coletivo,2023-06-22,2023,6,17:15,Tarde,-15.809283,-48.103289,Quadra 171 - Ceilândia,6
DF-2023-01197,Sobradinho,Roubo de Veículo,2023-12-12,2023,12,15:04,Tarde,-15.67578,-47.801715,Quadra 689 - Sobradinho,7
DF-2023-01198,Guará,Roubo a Transeunte,2023-03-28,2023,3,22:26,Noite,-15.824397,-47.969894,Quadra 794 - Guará,6
DF-2024-01199,Ceilândia,Furto de Veículo,2024-12-20,2024,12,11:11,Manhã,-15.825665,-48.088025,Quadra 318 - Ceilândia,4
DF-2024-01200,Planaltina,Roubo a Transeunte,2024-12-23,2024,12,17:13,Tarde,-15.640453,-47.635586,Quadra 676 - Planaltina,6
DF-2023-01201,São Sebastião,Roubo a Transeunte,2023-05-30,2023,5,01:52,Madrugada,-15.913675,-47.772034,Quadra 556 - São Sebastião,6
DF-2024-01202,Planaltina,Tráfico de Drogas,2024-10-10,2024,10,07:47,Manhã,-15.619909,-47.668607,Quadra 707 - Planaltina,5
DF-2023-01203,Planaltina,Roubo em Coletivo,2023-01-24,2023,1,00:37,Madrugada,-15.608969,-47.657741,Quadra 450 - Planaltina,6
DF-2022-01204,Vicente Pires,Roubo de Veículo,2022-06-01,2022,6,07:28,Manhã,-15.793974,-48.02764,Quadra 264 - Vicente Pires,7
DF-2023-01205,Sobradinho,Furto de Veículo,2023-06-07,2023,6,16:23,Tarde,-15.683323,-47.784638,Quadra 456 - Sobradinho,4
DF-2023-01206,Gama,Tráfico de Drogas,2023-05-03,2023,5,06:23,Manhã,-16.02077,-48.033108,Quadra 638 - Gama,5
DF-2024-01207,São Sebastião,Furto de Veículo,2024-09-18,2024,9,16:31,Tarde,-15.883239,-47.760929,Quadra 352 - São Sebastião,4
DF-2023-01208,Taguatinga,Roubo a Transeunte,2023-03-16,2023,3,07:39,Manhã,-15.84254,-48.049787,Quadra 716 - Taguatinga,6
DF-2024-01209,Santa Maria,Tráfico de Drogas,2024-04-20,2024,4,20:18,Noite,-16.001617,-48.002806,Quadra 503 - Santa Maria,5
DF-2023-01210,Ceilândia,Furto a Transeunte,2023-12-23,2023,12,20:56,Noite,-15.826868,-48.115336,Quadra 260 - Ceilândia,3
DF-2023-01211,Gama,Furto de Veículo,2023-02-02,2023,2,09:49,Manhã,-16.003942,-48.085894,Quadra 112 - Gama,4
DF-2022-01212,Samambaia,Furto a Transeunte,2022-03-19,2022,3,15:38,Tarde,-15.866088,-48.100926,Quadra 236 - Samambaia,3
DF-2022-01213,Taguatinga,Roubo a Transeunte,2022-08-28,2022,8,16:59,Tarde,-15.83441,-48.066144,Quadra 419 - Taguatinga,6
DF-2023-01214,Gama,Roubo a Transeunte,2023-01-20,2023,1,15:41,Tarde,-16.014197,-48.055936,Quadra 120 - Gama,6
DF-2023-01215,Ceilândia,Tráfico de Drogas,2023-06-30,2023,6,23:44,Noite,-15.803377,-48.108143,Quadra 710 - Ceilândia,5
DF-2023-01216,Planaltina,Roubo a Transeunte,2023-07-02,2023,7,19:05,Noite,-15.613883,-47.654875,Quadra 160 - Planaltina,6
DF-2022-01217,Samambaia,Furto a Transeunte,2022-12-13,2022,12,20:44,Noite,-15.884418,-48.076205,Quadra 228 - Samambaia,3
DF-2024-01218,Recanto das Emas,Roubo a Transeunte,2024-10-26,2024,10,01:45,Madrugada,-15.911748,-48.090257,Quadra 425 - Recanto das Emas,6
DF-2024-01219,Ceilândia,Roubo de Veículo,2024-08-07,2024,8,13:53,Tarde,-15.845493,-48.117985,Quadra 566 - Ceilândia,7
DF-2023-01220,Plano Piloto,Roubo de Veículo,2023-01-21,2023,1,22:19,Noite,-15.826497,-47.904581,Quadra 163 - Plano Piloto,7
DF-2022-01221,Samambaia,Roubo a Transeunte,2022-03-17,2022,3,14:41,Tarde,-15.872471,-48.102789,Quadra 574 - Samambaia,6
DF-2022-01222,Taguatinga,Roubo a Transeunte,2022-04-02,2022,4,15:34,Tarde,-15.814404,-48.031131,Quadra 253 - Taguatinga,6
DF-2024-01223,Taguatinga,Roubo em Coletivo,2024-03-05,2024,3,00:23,Madrugada,-15.834989,-48.065193,Quadra 395 - Taguatinga,6
DF-2022-01224,Guará,Roubo de Veículo,2022-06-16,2022,6,23:47,Noite,-15.841408,-47.954261,Quadra 525 - Guará,7
DF-2024-01225,Samambaia,Furto a Transeunte,2024-06-19,2024,6,21:18,Noite,-15.863028,-48.098734,Quadra 269 - Samambaia,3
DF-2022-01226,Ceilândia,Roubo a Comércio,2022-03-24,2022,3,00:53,Madrugada,-15.814772,-48.101333,Quadra 493 - Ceilândia,6
DF-2024-01227,Guará,Homicídio Doloso,2024-11-06,2024,11,04:06,Madrugada,-15.821602,-47.988639,Quadra 428 - Guará,10
DF-2024-01228,Taguatinga,Roubo de Veículo,2024-04-05,2024,4,22:45,Noite,-15.850466,-48.053593,Quadra 705 - Taguatinga,7
DF-2024-01229,Samambaia,Roubo a Transeunte,2024-09-21,2024,9,08:46,Manhã,-15.865681,-48.10201,Quadra 601 - Samambaia,6
DF-2023-01230,Plano Piloto,Furto a Transeunte,2023-04-30,2023,4,11:15,Manhã,-15.797656,-47.888226,Quadra 205 - Plano Piloto,3
DF-2022-01231,Samambaia,Roubo a Transeunte,2022-09-12,2022,9,18:04,Noite,-15.882855,-48.077136,Quadra 332 - Samambaia,6
DF-2023-01232,Guará,Roubo a Transeunte,2023-06-14,2023,6,21:07,Noite,-15.844429,-47.993805,Quadra 542 - Guará,6
DF-2023-01233,Plano Piloto,Roubo a Comércio,2023-07-14,2023,7,13:49,Tarde,-15.789438,-47.874159,Quadra 261 - Plano Piloto,6
DF-2022-01234,Taguatinga,Roubo em Coletivo,2022-04-13,2022,4,11:38,Manhã,-15.847486,-48.074835,Quadra 493 - Taguatinga,6
DF-2022-01235,Ceilândia,Roubo a Transeunte,2022-09-02,2022,9,20:26,Noite,-15.834665,-48.088368,Quadra 160 - Ceilândia,6
DF-2024-01236,Plano Piloto,Roubo a Transeunte,2024-12-05,2024,12,23:58,Noite,-15.784754,-47.880062,Quadra 310 - Plano Piloto,6
DF-2023-01237,Vicente Pires,Roubo a Transeunte,2023-06-23,2023,6,14:41,Tarde,-15.794857,-48.02686,Quadra 678 - Vicente Pires,6
DF-2023-01238,Gama,Roubo de Veículo,2023-05-26,2023,5,19:03,Noite,-16.020152,-48.054247,Quadra 191 - Gama,7
DF-2024-01239,Taguatinga,Roubo em Coletivo,2024-02-25,2024,2,02:56,Madrugada,-15.82525,-48.035472,Quadra 465 - Taguatinga,6
DF-2023-01240,Ceilândia,Roubo a Transeunte,2023-10-18,2023,10,23:12,Noite,-15.82928,-48.1419,Quadra 213 - Ceilândia,6
DF-2022-01241,Planaltina,Furto a Transeunte,2022-06-01,2022,6,23:54,Noite,-15.603925,-47.643457,Quadra 789 - Planaltina,3
DF-2023-01242,Ceilândia,Roubo a Transeunte,2023-02-03,2023,2,16:22,Tarde,-15.827725,-48.123328,Quadra 527 - Ceilândia,6
DF-2022-01243,Gama,Roubo de Veículo,2022-05-08,2022,5,05:40,Madrugada,-16.016253,-48.05503,Quadra 219 - Gama,7
DF-2022-01244,Guará,Violência Doméstica,2022-06-25,2022,6,23:04,Noite,-15.804806,-47.963954,Quadra 793 - Guará,8
DF-2023-01245,Ceilândia,Roubo a Transeunte,2023-09-16,2023,9,19:10,Noite,-15.809964,-48.120314,Quadra 538 - Ceilândia,6
DF-2024-01246,Taguatinga,Roubo a Transeunte,2024-10-23,2024,10,12:53,Tarde,-15.823177,-48.050527,Quadra 189 - Taguatinga,6
DF-2024-01247,Águas Claras,Roubo a Transeunte,2024-08-16,2024,8,02:12,Madrugada,-15.846506,-48.017985,Quadra 536 - Águas Claras,6
DF-2023-01248,Santa Maria,Roubo de Veículo,2023-03-26,2023,3,18:25,Noite,-16.006852,-47.993625,Quadra 395 - Santa Maria,7
DF-2022-01249,Samambaia,Latrocínio,2022-07-05,2022,7,15:06,Tarde,-15.87052,-48.10921,Quadra 691 - Samambaia,10
DF-2024-01250,Plano Piloto,Roubo de Veículo,2024-08-10,2024,8,21:06,Noite,-15.779689,-47.89467,Quadra 209 - Plano Piloto,7
DF-2022-01251,Águas Claras,Furto a Transeunte,2022-05-15,2022,5,01:52,Madrugada,-15.830302,-48.057643,Quadra 725 - Águas Claras,3
DF-2022-01252,Santa Maria,Tráfico de Drogas,2022-07-09,2022,7,01:51,Madrugada,-16.022256,-47.996521,Quadra 403 - Santa Maria,5
DF-2023-01253,Taguatinga,Violência Doméstica,2023-03-01,2023,3,16:39,Tarde,-15.833917,-48.071091,Quadra 508 - Taguatinga,8
DF-2023-01254,Ceilândia,Furto a Transeunte,2023-09-23,2023,9,12:58,Tarde,-15.807509,-48.12274,Quadra 119 - Ceilândia,3
DF-2022-01255,Samambaia,Roubo em Coletivo,2022-04-14,2022,4,12:25,Tarde,-15.871835,-48.092617,Quadra 415 - Samambaia,6
DF-2022-01256,Samambaia,Roubo a Transeunte,2022-08-23,2022,8,05:42,Madrugada,-15.86007,-48.092666,Quadra 463 - Samambaia,6
DF-2022-01257,Samambaia,Roubo a Comércio,2022-06-07,2022,6,01:54,Madrugada,-15.890851,-48.05971,Quadra 597 - Samambaia,6
DF-2024-01258,Ceilândia,Roubo a Transeunte,2024-08-19,2024,8,16:53,Tarde,-15.827603,-48.125656,Quadra 576 - Ceilândia,6
DF-2023-01259,Sobradinho,Furto de Veículo,2023-09-05,2023,9,17:52,Tarde,-15.641808,-47.78489,Quadra 366 - Sobradinho,4
DF-2024-01260,Santa Maria,Furto de Veículo,2024-03-25,2024,3,22:16,Noite,-15.999278,-47.993092,Quadra 297 - Santa Maria,4
DF-2023-01261,Ceilândia,Roubo a Comércio,2023-08-14,2023,8,00:08,Madrugada,-15.827323,-48.10783,Quadra 620 - Ceilândia,6
DF-2024-01262,Samambaia,Roubo a Transeunte,2024-12-18,2024,12,09:10,Manhã,-15.880378,-48.0917,Quadra 531 - Samambaia,6
DF-2022-01263,Taguatinga,Roubo a Transeunte,2022-02-14,2022,2,07:57,Manhã,-15.836799,-48.042972,Quadra 719 - Taguatinga,6
DF-2022-01264,Taguatinga,Roubo de Veículo,2022-04-02,2022,4,21:10,Noite,-15.827643,-48.049379,Quadra 121 - Taguatinga,7
DF-2024-01265,Ceilândia,Furto a Transeunte,2024-10-24,2024,10,03:17,Madrugada,-15.822021,-48.096942,Quadra 193 - Ceilândia,3
DF-2023-01266,Santa Maria,Roubo a Comércio,2023-09-10,2023,9,02:26,Madrugada,-16.017062,-47.994719,Quadra 502 - Santa Maria,6
DF-2024-01267,Taguatinga,Latrocínio,2024-05-28,2024,5,18:04,Noite,-15.830901,-48.045871,Quadra 287 - Taguatinga,10
DF-2022-01268,Guará,Roubo de Veículo,2022-06-24,2022,6,23:18,Noite,-15.838139,-47.994025,Quadra 673 - Guará,7
DF-2024-01269,Guará,Roubo a Comércio,2024-06-19,2024,6,23:41,Noite,-15.800947,-47.995794,Quadra 286 - Guará,6
DF-2022-01270,Santa Maria,Roubo em Coletivo,2022-12-18,2022,12,12:43,Tarde,-16.013796,-47.967138,Quadra 466 - Santa Maria,6
DF-2024-01271,Plano Piloto,Roubo a Transeunte,2024-02-22,2024,2,22:04,Noite,-15.79449,-47.885267,Quadra 296 - Plano Piloto,6
DF-2024-01272,Samambaia,Homicídio Doloso,2024-09-27,2024,9,18:17,Noite,-15.881159,-48.13488,Quadra 474 - Samambaia,10
DF-2022-01273,Plano Piloto,Violência Doméstica,2022-07-14,2022,7,22:53,Noite,-15.803174,-47.885479,Quadra 607 - Plano Piloto,8
DF-2024-01274,Águas Claras,Roubo a Transeunte,2024-02-18,2024,2,06:21,Manhã,-15.834313,-48.034927,Quadra 259 - Águas Claras,6
DF-2022-01275,Plano Piloto,Furto a Transeunte,2022-12-13,2022,12,22:33,Noite,-15.779536,-47.875843,Quadra 376 - Plano Piloto,3
DF-2022-01276,Ceilândia,Roubo a Transeunte,2022-02-12,2022,2,13:35,Tarde,-15.811721,-48.11975,Quadra 226 - Ceilândia,6
DF-2023-01277,Santa Maria,Roubo a Comércio,2023-03-08,2023,3,20:46,Noite,-16.013539,-47.976923,Quadra 137 - Santa Maria,6
DF-2024-01278,Guará,Roubo a Comércio,2024-07-13,2024,7,22:51,Noite,-15.840854,-47.981589,Quadra 339 - Guará,6
DF-2023-01279,Samambaia,Roubo em Coletivo,2023-11-06,2023,11,19:39,Noite,-15.859462,-48.093268,Quadra 420 - Samambaia,6
DF-2024-01280,Samambaia,Roubo a Transeunte,2024-07-14,2024,7,11:07,Manhã,-15.876203,-48.089444,Quadra 458 - Samambaia,6
DF-2023-01281,Plano Piloto,Furto de Veículo,2023-02-20,2023,2,07:39,Manhã,-15.789869,-47.876487,Quadra 104 - Plano Piloto,4
DF-2023-01282,Taguatinga,Roubo em Coletivo,2023-07-20,2023,7,16:45,Tarde,-15.850651,-48.031425,Quadra 670 - Taguatinga,6
DF-2022-01283,Ceilândia,Homicídio Doloso,2022-05-25,2022,5,23:22,Noite,-15.820132,-48.122256,Quadra 153 - Ceilândia,10
DF-2022-01284,Planaltina,Roubo a Transeunte,2022-08-03,2022,8,20:04,Noite,-15.606283,-47.651576,Quadra 711 - Planaltina,6
DF-2024-01285,Samambaia,Furto de Veículo,2024-07-19,2024,7,21:10,Noite,-15.880437,-48.113841,Quadra 264 - Samambaia,4
DF-2024-01286,Ceilândia,Roubo a Transeunte,2024-12-06,2024,12,18:32,Noite,-15.847347,-48.122344,Quadra 294 - Ceilândia,6
DF-2023-01287,Planaltina,Violência Doméstica,2023-11-15,2023,11,13:11,Tarde,-15.623373,-47.641508,Quadra 726 - Planaltina,8
DF-2022-01288,Taguatinga,Roubo de Veículo,2022-07-31,2022,7,13:02,Tarde,-15.849828,-48.077048,Quadra 413 - Taguatinga,7
DF-2023-01289,Sobradinho,Furto a Transeunte,2023-06-25,2023,6,21:29,Noite,-15.657013,-47.781919,Quadra 171 - Sobradinho,3
DF-2024-01290,Águas Claras,Roubo de Veículo,2024-02-13,2024,2,17:55,Tarde,-15.855092,-48.02772,Quadra 376 - Águas Claras,7
DF-2023-01291,Taguatinga,Tráfico de Drogas,2023-09-15,2023,9,20:06,Noite,-15.820876,-48.070836,Quadra 207 - Taguatinga,5
DF-2024-01292,Planaltina,Violência Doméstica,2024-04-29,2024,4,07:29,Manhã,-15.638155,-47.659325,Quadra 514 - Planaltina,8
DF-2022-01293,Taguatinga,Roubo a Transeunte,2022-07-28,2022,7,21:29,Noite,-15.821996,-48.046243,Quadra 772 - Taguatinga,6
DF-2022-01294,Taguatinga,Furto de Veículo,2022-05-24,2022,5,17:35,Tarde,-15.83394,-48.060465,Quadra 502 - Taguatinga,4
DF-2023-01295,Samambaia,Roubo a Transeunte,2023-04-28,2023,4,01:23,Madrugada,-15.881569,-48.103048,Quadra 652 - Samambaia,6
DF-2024-01296,Taguatinga,Roubo em Coletivo,2024-07-09,2024,7,13:40,Tarde,-15.815443,-48.042348,Quadra 655 - Taguatinga,6
DF-2022-01297,Samambaia,Roubo a Transeunte,2022-09-18,2022,9,10:30,Manhã,-15.872624,-48.066081,Quadra 636 - Samambaia,6
DF-2022-01298,Taguatinga,Roubo a Comércio,2022-10-11,2022,10,05:11,Madrugada,-15.822173,-48.070414,Quadra 181 - Taguatinga,6
DF-2022-01299,Ceilândia,Violência Doméstica,2022-06-09,2022,6,23:14,Noite,-15.828053,-48.11861,Quadra 752 - Ceilândia,8
DF-2022-01300,Gama,Roubo de Veículo,2022-07-26,2022,7,23:46,Noite,-16.027855,-48.063902,Quadra 723 - Gama,7
DF-2022-01301,Samambaia,Furto de Veículo,2022-06-05,2022,6,22:35,Noite,-15.890387,-48.07613,Quadra 403 - Samambaia,4
DF-2022-01302,Gama,Furto de Veículo,2022-12-01,2022,12,03:37,Madrugada,-16.00671,-48.063473,Quadra 657 - Gama,4
DF-2024-01303,Taguatinga,Roubo de Veículo,2024-09-09,2024,9,17:19,Tarde,-15.833815,-48.073932,Quadra 661 - Taguatinga,7
DF-2024-01304,Águas Claras,Roubo a Comércio,2024-04-02,2024,4,00:39,Madrugada,-15.841047,-48.045518,Quadra 486 - Águas Claras,6
DF-2022-01305,Recanto das Emas,Roubo em Coletivo,2022-06-19,2022,6,16:46,Tarde,-15.89157,-48.110094,Quadra 202 - Recanto das Emas,6
DF-2024-01306,Guará,Roubo em Coletivo,2024-09-16,2024,9,22:48,Noite,-15.811595,-47.960945,Quadra 591 - Guará,6
DF-2022-01307,Plano Piloto,Roubo a Transeunte,2022-01-12,2022,1,11:56,Manhã,-15.801648,-47.870417,Quadra 567 - Plano Piloto,6
DF-2024-01308,Samambaia,Roubo a Transeunte,2024-10-02,2024,10,00:49,Madrugada,-15.894528,-48.082872,Quadra 716 - Samambaia,6
DF-2024-01309,Plano Piloto,Roubo de Veículo,2024-11-13,2024,11,05:43,Madrugada,-15.819475,-47.865775,Quadra 214 - Plano Piloto,7
DF-2023-01310,Guará,Tráfico de Drogas,2023-03-18,2023,3,18:55,Noite,-15.833019,-47.97165,Quadra 172 - Guará,5
DF-2023-01311,Samambaia,Roubo em Coletivo,2023-01-24,2023,1,19:40,Noite,-15.887527,-48.084126,Quadra 386 - Samambaia,6
DF-2022-01312,Recanto das Emas,Homicídio Doloso,2022-07-20,2022,7,19:19,Noite,-15.922388,-48.070503,Quadra 350 - Recanto das Emas,10
DF-2024-01313,Ceilândia,Roubo a Comércio,2024-04-13,2024,4,18:17,Noite,-15.818608,-48.123418,Quadra 483 - Ceilândia,6
DF-2023-01314,Gama,Roubo em Coletivo,2023-07-20,2023,7,16:11,Tarde,-16.022236,-48.07876,Quadra 507 - Gama,6
DF-2023-01315,Taguatinga,Roubo a Transeunte,2023-09-15,2023,9,20:02,Noite,-15.82685,-48.076714,Quadra 756 - Taguatinga,6
DF-2023-01316,Plano Piloto,Roubo em Coletivo,2023-11-14,2023,11,19:01,Noite,-15.784365,-47.884617,Quadra 363 - Plano Piloto,6
DF-2023-01317,Águas Claras,Violência Doméstica,2023-11-30,2023,11,20:30,Noite,-15.866263,-48.025809,Quadra 628 - Águas Claras,8
DF-2022-01318,Guará,Violência Doméstica,2022-12-15,2022,12,10:14,Manhã,-15.828059,-47.978646,Quadra 125 - Guará,8
DF-2022-01319,Samambaia,Roubo a Transeunte,2022-02-18,2022,2,10:25,Manhã,-15.886953,-48.099947,Quadra 337 - Samambaia,6
DF-2022-01320,Plano Piloto,Roubo de Veículo,2022-07-25,2022,7,21:59,Noite,-15.781405,-47.87695,Quadra 173 - Plano Piloto,7
DF-2022-01321,Samambaia,Violência Doméstica,2022-11-19,2022,11,14:44,Tarde,-15.901046,-48.091112,Quadra 331 - Samambaia,8
DF-2024-01322,Santa Maria,Roubo de Veículo,2024-08-17,2024,8,07:37,Manhã,-16.016083,-47.99973,Quadra 583 - Santa Maria,7
DF-2023-01323,Recanto das Emas,Furto de Veículo,2023-08-21,2023,8,02:57,Madrugada,-15.916565,-48.081652,Quadra 721 - Recanto das Emas,4
DF-2023-01324,Plano Piloto,Furto de Veículo,2023-06-22,2023,6,22:10,Noite,-15.778276,-47.860031,Quadra 134 - Plano Piloto,4
DF-2023-01325,Planaltina,Furto a Transeunte,2023-04-29,2023,4,23:44,Noite,-15.610646,-47.657855,Quadra 707 - Planaltina,3
DF-2023-01326,Samambaia,Roubo em Coletivo,2023-01-15,2023,1,06:48,Manhã,-15.867655,-48.092393,Quadra 186 - Samambaia,6
DF-2023-01327,Águas Claras,Roubo a Transeunte,2023-09-10,2023,9,14:15,Tarde,-15.832142,-48.007524,Quadra 628 - Águas Claras,6
DF-2024-01328,Sobradinho,Roubo em Coletivo,2024-08-12,2024,8,21:26,Noite,-15.658477,-47.779028,Quadra 414 - Sobradinho,6
DF-2024-01329,Taguatinga,Roubo a Transeunte,2024-11-05,2024,11,03:45,Madrugada,-15.849451,-48.075713,Quadra 338 - Taguatinga,6
DF-2022-01330,Planaltina,Violência Doméstica,2022-08-03,2022,8,16:13,Tarde,-15.597854,-47.64172,Quadra 582 - Planaltina,8
DF-2022-01331,Samambaia,Roubo de Veículo,2022-04-01,2022,4,01:06,Madrugada,-15.86876,-48.081945,Quadra 358 - Samambaia,7
DF-2024-01332,Gama,Roubo a Transeunte,2024-09-30,2024,9,20:58,Noite,-16.006889,-48.047086,Quadra 698 - Gama,6
DF-2023-01333,Taguatinga,Violência Doméstica,2023-09-08,2023,9,14:20,Tarde,-15.847153,-48.053892,Quadra 567 - Taguatinga,8
DF-2023-01334,Guará,Roubo a Transeunte,2023-10-07,2023,10,02:05,Madrugada,-15.819212,-47.972718,Quadra 428 - Guará,6
DF-2022-01335,Samambaia,Roubo de Veículo,2022-01-01,2022,1,15:44,Tarde,-15.887934,-48.074925,Quadra 455 - Samambaia,7
DF-2022-01336,Taguatinga,Roubo de Veículo,2022-01-04,2022,1,19:57,Noite,-15.826629,-48.067415,Quadra 390 - Taguatinga,7
DF-2022-01337,Recanto das Emas,Violência Doméstica,2022-07-04,2022,7,22:54,Noite,-15.918256,-48.078101,Quadra 209 - Recanto das Emas,8
DF-2024-01338,Ceilândia,Furto a Transeunte,2024-01-30,2024,1,07:51,Manhã,-15.800584,-48.09977,Quadra 719 - Ceilândia,3
DF-2023-01339,Planaltina,Roubo de Veículo,2023-11-08,2023,11,10:57,Manhã,-15.616504,-47.664356,Quadra 246 - Planaltina,7
DF-2022-01340,Ceilândia,Roubo de Veículo,2022-05-11,2022,5,14:07,Tarde,-15.796574,-48.122994,Quadra 449 - Ceilândia,7
DF-2024-01341,Plano Piloto,Roubo em Coletivo,2024-01-05,2024,1,20:37,Noite,-15.750662,-47.877075,Quadra 454 - Plano Piloto,6
DF-2024-01342,Plano Piloto,Roubo a Transeunte,2024-04-29,2024,4,15:59,Tarde,-15.773613,-47.896326,Quadra 341 - Plano Piloto,6
DF-2024-01343,Planaltina,Furto de Veículo,2024-12-12,2024,12,23:33,Noite,-15.619905,-47.661625,Quadra 368 - Planaltina,4
DF-2022-01344,Plano Piloto,Roubo a Transeunte,2022-11-28,2022,11,06:23,Manhã,-15.825427,-47.871128,Quadra 507 - Plano Piloto,6
DF-2022-01345,Planaltina,Roubo em Coletivo,2022-12-07,2022,12,23:57,Noite,-15.615697,-47.64707,Quadra 547 - Planaltina,6
DF-2024-01346,Samambaia,Furto de Veículo,2024-10-27,2024,10,12:33,Tarde,-15.895648,-48.076105,Quadra 195 - Samambaia,4
DF-2022-01347,Guará,Roubo de Veículo,2022-10-25,2022,10,01:25,Madrugada,-15.819105,-47.986897,Quadra 380 - Guará,7
DF-2022-01348,Samambaia,Roubo em Coletivo,2022-06-14,2022,6,00:22,Madrugada,-15.86073,-48.063809,Quadra 651 - Samambaia,6
DF-2022-01349,Plano Piloto,Roubo a Comércio,2022-05-04,2022,5,01:47,Madrugada,-15.808681,-47.896574,Quadra 402 - Plano Piloto,6
DF-2023-01350,Samambaia,Violência Doméstica,2023-05-18,2023,5,13:27,Tarde,-15.88397,-48.086841,Quadra 160 - Samambaia,8
DF-2022-01351,Gama,Roubo de Veículo,2022-06-16,2022,6,11:37,Manhã,-16.00152,-48.082182,Quadra 132 - Gama,7
DF-2022-01352,Samambaia,Roubo a Transeunte,2022-02-19,2022,2,03:51,Madrugada,-15.867012,-48.076019,Quadra 619 - Samambaia,6
DF-2023-01353,Recanto das Emas,Roubo de Veículo,2023-04-01,2023,4,09:16,Manhã,-15.908585,-48.079781,Quadra 610 - Recanto das Emas,7
DF-2022-01354,Planaltina,Furto de Veículo,2022-11-16,2022,11,08:42,Manhã,-15.62456,-47.660925,Quadra 200 - Planaltina,4
DF-2024-01355,Águas Claras,Roubo de Veículo,2024-11-09,2024,11,18:46,Noite,-15.825707,-48.03556,Quadra 134 - Águas Claras,7
DF-2023-01356,Águas Claras,Roubo a Transeunte,2023-12-23,2023,12,22:21,Noite,-15.843867,-48.010041,Quadra 177 - Águas Claras,6
DF-2022-01357,Samambaia,Roubo de Veículo,2022-06-29,2022,6,06:58,Manhã,-15.895498,-48.072699,Quadra 409 - Samambaia,7
DF-2024-01358,Taguatinga,Roubo a Transeunte,2024-12-31,2024,12,18:57,Noite,-15.839846,-48.044763,Quadra 133 - Taguatinga,6
DF-2024-01359,Santa Maria,Furto de Veículo,2024-01-20,2024,1,12:51,Tarde,-16.021005,-47.997563,Quadra 207 - Santa Maria,4
DF-2022-01360,Ceilândia,Violência Doméstica,2022-09-10,2022,9,22:11,Noite,-15.826322,-48.106705,Quadra 789 - Ceilândia,8
DF-2022-01361,Planaltina,Violência Doméstica,2022-09-15,2022,9,19:05,Noite,-15.625848,-47.640338,Quadra 631 - Planaltina,8
DF-2022-01362,Taguatinga,Roubo a Transeunte,2022-12-04,2022,12,18:28,Noite,-15.818129,-48.066473,Quadra 603 - Taguatinga,6
DF-2023-01363,Taguatinga,Violência Doméstica,2023-07-13,2023,7,18:17,Noite,-15.820443,-48.06184,Quadra 331 - Taguatinga,8
DF-2024-01364,Águas Claras,Roubo de Veículo,2024-10-11,2024,10,12:04,Tarde,-15.844851,-48.026429,Quadra 562 - Águas Claras,7
DF-2022-01365,Taguatinga,Roubo a Transeunte,2022-04-26,2022,4,08:03,Manhã,-15.823216,-48.092697,Quadra 429 - Taguatinga,6
DF-2023-01366,Guará,Furto a Transeunte,2023-02-13,2023,2,22:57,Noite,-15.838263,-47.97592,Quadra 439 - Guará,3
DF-2023-01367,Samambaia,Roubo a Transeunte,2023-04-28,2023,4,04:09,Madrugada,-15.877644,-48.088135,Quadra 107 - Samambaia,6
DF-2022-01368,Ceilândia,Violência Doméstica,2022-12-15,2022,12,23:56,Noite,-15.843513,-48.095123,Quadra 765 - Ceilândia,8
DF-2023-01369,Gama,Roubo a Transeunte,2023-05-25,2023,5,20:28,Noite,-16.005402,-48.049953,Quadra 392 - Gama,6
DF-2022-01370,Planaltina,Tráfico de Drogas,2022-11-30,2022,11,15:56,Tarde,-15.629029,-47.668674,Quadra 356 - Planaltina,5
DF-2022-01371,Samambaia,Roubo a Comércio,2022-04-28,2022,4,08:31,Manhã,-15.866334,-48.06656,Quadra 610 - Samambaia,6
DF-2024-01372,Samambaia,Roubo de Veículo,2024-05-12,2024,5,19:26,Noite,-15.87968,-48.082241,Quadra 510 - Samambaia,7
DF-2022-01373,Plano Piloto,Roubo a Transeunte,2022-05-05,2022,5,19:47,Noite,-15.804965,-47.873021,Quadra 422 - Plano Piloto,6
DF-2022-01374,Taguatinga,Roubo a Transeunte,2022-05-25,2022,5,14:01,Tarde,-15.807882,-48.057667,Quadra 733 - Taguatinga,6
DF-2024-01375,Ceilândia,Roubo em Coletivo,2024-12-28,2024,12,09:44,Manhã,-15.841637,-48.140832,Quadra 181 - Ceilândia,6
DF-2024-01376,Ceilândia,Roubo a Transeunte,2024-06-15,2024,6,13:08,Tarde,-15.819381,-48.102241,Quadra 119 - Ceilândia,6
DF-2023-01377,Plano Piloto,Roubo de Veículo,2023-10-08,2023,10,09:59,Manhã,-15.777448,-47.889961,Quadra 334 - Plano Piloto,7
DF-2023-01378,Samambaia,Roubo a Transeunte,2023-12-21,2023,12,08:24,Manhã,-15.866349,-48.11233,Quadra 599 - Samambaia,6
DF-2023-01379,Taguatinga,Violência Doméstica,2023-12-01,2023,12,19:43,Noite,-15.83222,-48.044503,Quadra 364 - Taguatinga,8
DF-2023-01380,Plano Piloto,Roubo a Transeunte,2023-09-28,2023,9,10:43,Manhã,-15.780286,-47.871078,Quadra 471 - Plano Piloto,6
DF-2024-01381,Águas Claras,Tráfico de Drogas,2024-09-24,2024,9,15:10,Tarde,-15.843507,-48.016811,Quadra 293 - Águas Claras,5
DF-2024-01382,Samambaia,Tráfico de Drogas,2024-10-04,2024,10,15:16,Tarde,-15.845942,-48.086883,Quadra 646 - Samambaia,5
DF-2022-01383,Plano Piloto,Roubo a Transeunte,2022-06-08,2022,6,17:28,Tarde,-15.819915,-47.862676,Quadra 223 - Plano Piloto,6
DF-2023-01384,Águas Claras,Furto a Transeunte,2023-02-05,2023,2,20:00,Noite,-15.841719,-48.035961,Quadra 462 - Águas Claras,3
DF-2024-01385,Ceilândia,Furto a Transeunte,2024-04-17,2024,4,22:19,Noite,-15.817382,-48.102796,Quadra 490 - Ceilândia,3
DF-2022-01386,Águas Claras,Roubo a Transeunte,2022-03-20,2022,3,11:12,Manhã,-15.857693,-48.027592,Quadra 413 - Águas Claras,6
DF-2023-01387,Plano Piloto,Roubo a Transeunte,2023-03-18,2023,3,12:15,Tarde,-15.794742,-47.879474,Quadra 373 - Plano Piloto,6
DF-2024-01388,Samambaia,Roubo em Coletivo,2024-02-18,2024,2,22:45,Noite,-15.878744,-48.088142,Quadra 588 - Samambaia,6
DF-2024-01389,Taguatinga,Roubo de Veículo,2024-10-08,2024,10,04:47,Madrugada,-15.840476,-48.065981,Quadra 405 - Taguatinga,7
DF-2024-01390,Samambaia,Roubo a Transeunte,2024-11-27,2024,11,14:27,Tarde,-15.879662,-48.082894,Quadra 697 - Samambaia,6
DF-2024-01391,Planaltina,Furto a Transeunte,2024-01-17,2024,1,17:03,Tarde,-15.620707,-47.632665,Quadra 434 - Planaltina,3
DF-2022-01392,Samambaia,Violência Doméstica,2022-04-18,2022,4,03:37,Madrugada,-15.884126,-48.084425,Quadra 123 - Samambaia,8
DF-2022-01393,Planaltina,Roubo em Coletivo,2022-11-30,2022,11,19:29,Noite,-15.614364,-47.656776,Quadra 102 - Planaltina,6
DF-2024-01394,Ceilândia,Roubo em Coletivo,2024-04-27,2024,4,17:33,Tarde,-15.79162,-48.102446,Quadra 608 - Ceilândia,6
DF-2023-01395,Samambaia,Violência Doméstica,2023-01-07,2023,1,18:21,Noite,-15.874098,-48.069064,Quadra 246 - Samambaia,8
DF-2024-01396,Samambaia,Roubo a Transeunte,2024-10-06,2024,10,18:22,Noite,-15.854289,-48.104576,Quadra 224 - Samambaia,6
DF-2024-01397,Ceilândia,Roubo de Veículo,2024-04-05,2024,4,11:46,Manhã,-15.820808,-48.09771,Quadra 670 - Ceilândia,7
DF-2024-01398,Taguatinga,Roubo de Veículo,2024-12-07,2024,12,12:32,Tarde,-15.820375,-48.06183,Quadra 295 - Taguatinga,7
DF-2023-01399,Samambaia,Roubo a Transeunte,2023-02-20,2023,2,03:45,Madrugada,-15.894311,-48.082803,Quadra 571 - Samambaia,6
DF-2024-01400,Ceilândia,Roubo a Transeunte,2024-06-09,2024,6,04:32,Madrugada,-15.84618,-48.106341,Quadra 717 - Ceilândia,6
DF-2023-01401,Santa Maria,Violência Doméstica,2023-03-07,2023,3,22:03,Noite,-15.999533,-48.009319,Quadra 589 - Santa Maria,8
DF-2022-01402,Plano Piloto,Roubo a Transeunte,2022-06-12,2022,6,23:24,Noite,-15.798251,-47.896063,Quadra 293 - Plano Piloto,6
DF-2022-01403,Gama,Roubo de Veículo,2022-08-18,2022,8,23:59,Noite,-16.013461,-48.049185,Quadra 200 - Gama,7
DF-2024-01404,Guará,Roubo a Comércio,2024-06-30,2024,6,18:03,Noite,-15.826967,-47.983294,Quadra 724 - Guará,6
DF-2022-01405,Samambaia,Roubo de Veículo,2022-06-01,2022,6,17:50,Tarde,-15.88354,-48.077439,Quadra 461 - Samambaia,7
DF-2023-01406,Guará,Roubo a Transeunte,2023-07-05,2023,7,21:40,Noite,-15.830099,-47.981734,Quadra 229 - Guará,6
DF-2024-01407,São Sebastião,Roubo a Comércio,2024-10-28,2024,10,23:48,Noite,-15.92731,-47.765613,Quadra 184 - São Sebastião,6
DF-2023-01408,Plano Piloto,Roubo a Transeunte,2023-02-24,2023,2,19:50,Noite,-15.787494,-47.890268,Quadra 732 - Plano Piloto,6
DF-2023-01409,Guará,Roubo a Transeunte,2023-01-03,2023,1,23:18,Noite,-15.803005,-47.951759,Quadra 757 - Guará,6
DF-2022-01410,Plano Piloto,Roubo em Coletivo,2022-04-01,2022,4,06:26,Manhã,-15.80033,-47.877185,Quadra 241 - Plano Piloto,6
DF-2023-01411,Guará,Furto a Transeunte,2023-02-10,2023,2,12:13,Tarde,-15.829874,-47.992527,Quadra 320 - Guará,3
DF-2024-01412,Ceilândia,Roubo a Transeunte,2024-05-07,2024,5,03:20,Madrugada,-15.831868,-48.128037,Quadra 618 - Ceilândia,6
DF-2022-01413,Taguatinga,Roubo em Coletivo,2022-08-28,2022,8,10:59,Manhã,-15.820907,-48.038778,Quadra 100 - Taguatinga,6
DF-2023-01414,Samambaia,Roubo a Transeunte,2023-02-12,2023,2,20:18,Noite,-15.901102,-48.083359,Quadra 274 - Samambaia,6
DF-2022-01415,Samambaia,Tráfico de Drogas,2022-05-31,2022,5,05:10,Madrugada,-15.901632,-48.089478,Quadra 364 - Samambaia,5
DF-2024-01416,Plano Piloto,Violência Doméstica,2024-12-02,2024,12,15:55,Tarde,-15.794648,-47.874897,Quadra 118 - Plano Piloto,8
DF-2024-01417,Guará,Violência Doméstica,2024-01-18,2024,1,10:10,Manhã,-15.846146,-47.974017,Quadra 595 - Guará,8
DF-2023-01418,Recanto das Emas,Roubo de Veículo,2023-09-13,2023,9,16:09,Tarde,-15.904497,-48.068347,Quadra 767 - Recanto das Emas,7
DF-2023-01419,Ceilândia,Roubo em Coletivo,2023-04-16,2023,4,14:00,Tarde,-15.805665,-48.099397,Quadra 608 - Ceilândia,6
DF-2022-01420,Taguatinga,Roubo a Comércio,2022-12-13,2022,12,21:27,Noite,-15.812841,-48.060412,Quadra 333 - Taguatinga,6
DF-2024-01421,Ceilândia,Roubo em Coletivo,2024-04-11,2024,4,18:10,Noite,-15.826603,-48.124631,Quadra 151 - Ceilândia,6
DF-2022-01422,Taguatinga,Tráfico de Drogas,2022-04-13,2022,4,21:47,Noite,-15.844454,-48.065437,Quadra 149 - Taguatinga,5
DF-2022-01423,Samambaia,Tráfico de Drogas,2022-06-19,2022,6,15:10,Tarde,-15.863224,-48.081054,Quadra 239 - Samambaia,5
DF-2024-01424,Plano Piloto,Roubo a Transeunte,2024-08-31,2024,8,12:55,Tarde,-15.810316,-47.887697,Quadra 556 - Plano Piloto,6
DF-2024-01425,Planaltina,Violência Doméstica,2024-03-17,2024,3,16:13,Tarde,-15.604573,-47.643839,Quadra 798 - Planaltina,8
DF-2024-01426,Ceilândia,Tráfico de Drogas,2024-07-06,2024,7,13:17,Tarde,-15.815402,-48.130993,Quadra 238 - Ceilândia,5
DF-2022-01427,Ceilândia,Tráfico de Drogas,2022-12-11,2022,12,21:39,Noite,-15.833908,-48.127964,Quadra 787 - Ceilândia,5
DF-2024-01428,Santa Maria,Roubo a Comércio,2024-09-05,2024,9,04:54,Madrugada,-16.002222,-48.001267,Quadra 656 - Santa Maria,6
DF-2024-01429,Ceilândia,Roubo de Veículo,2024-02-29,2024,2,15:22,Tarde,-15.797632,-48.079573,Quadra 600 - Ceilândia,7
DF-2024-01430,Samambaia,Roubo de Veículo,2024-11-20,2024,11,16:10,Tarde,-15.883144,-48.071142,Quadra 520 - Samambaia,7
DF-2023-01431,Vicente Pires,Furto de Veículo,2023-11-03,2023,11,03:57,Madrugada,-15.791417,-48.019743,Quadra 331 - Vicente Pires,4
DF-2024-01432,Ceilândia,Violência Doméstica,2024-06-14,2024,6,11:50,Manhã,-15.833513,-48.103663,Quadra 366 - Ceilândia,8
DF-2023-01433,Plano Piloto,Roubo a Transeunte,2023-01-30,2023,1,21:11,Noite,-15.793688,-47.890243,Quadra 335 - Plano Piloto,6
DF-2022-01434,Ceilândia,Tráfico de Drogas,2022-01-04,2022,1,11:54,Manhã,-15.821827,-48.099802,Quadra 749 - Ceilândia,5
DF-2024-01435,Taguatinga,Roubo de Veículo,2024-06-26,2024,6,03:56,Madrugada,-15.834679,-48.074666,Quadra 408 - Taguatinga,7
DF-2022-01436,Ceilândia,Furto a Transeunte,2022-01-15,2022,1,14:51,Tarde,-15.812499,-48.105971,Quadra 731 - Ceilândia,3
DF-2022-01437,Sobradinho,Roubo a Transeunte,2022-06-11,2022,6,14:51,Tarde,-15.632248,-47.774168,Quadra 798 - Sobradinho,6
DF-2024-01438,Ceilândia,Roubo a Transeunte,2024-10-04,2024,10,04:02,Madrugada,-15.825117,-48.106622,Quadra 772 - Ceilândia,6
DF-2024-01439,Taguatinga,Homicídio Doloso,2024-08-26,2024,8,07:31,Manhã,-15.834481,-48.044169,Quadra 751 - Taguatinga,10
DF-2023-01440,Samambaia,Roubo a Comércio,2023-10-20,2023,10,20:25,Noite,-15.85997,-48.116575,Quadra 170 - Samambaia,6
DF-2024-01441,Vicente Pires,Furto a Transeunte,2024-10-06,2024,10,04:12,Madrugada,-15.80764,-48.009457,Quadra 551 - Vicente Pires,3
DF-2022-01442,Santa Maria,Roubo a Transeunte,2022-09-12,2022,9,22:23,Noite,-16.025239,-47.968233,Quadra 392 - Santa Maria,6
DF-2022-01443,Samambaia,Roubo a Transeunte,2022-04-21,2022,4,18:14,Noite,-15.882922,-48.092471,Quadra 179 - Samambaia,6
DF-2023-01444,Taguatinga,Roubo a Transeunte,2023-07-01,2023,7,17:44,Tarde,-15.819849,-48.037223,Quadra 199 - Taguatinga,6
DF-2023-01445,Ceilândia,Violência Doméstica,2023-01-26,2023,1,13:14,Tarde,-15.830691,-48.0965,Quadra 743 - Ceilândia,8
DF-2023-01446,Ceilândia,Roubo de Veículo,2023-12-20,2023,12,14:20,Tarde,-15.831752,-48.131486,Quadra 395 - Ceilândia,7
DF-2023-01447,Gama,Roubo a Comércio,2023-12-09,2023,12,18:30,Noite,-16.022966,-48.076314,Quadra 202 - Gama,6
DF-2022-01448,Plano Piloto,Violência Doméstica,2022-02-05,2022,2,10:06,Manhã,-15.780717,-47.865153,Quadra 124 - Plano Piloto,8
DF-2022-01449,Plano Piloto,Roubo de Veículo,2022-10-01,2022,10,19:20,Noite,-15.771681,-47.880662,Quadra 667 - Plano Piloto,7
DF-2024-01450,Taguatinga,Furto de Veículo,2024-05-08,2024,5,15:47,Tarde,-15.834041,-48.059058,Quadra 323 - Taguatinga,4
DF-2023-01451,Águas Claras,Roubo a Transeunte,2023-09-21,2023,9,08:36,Manhã,-15.820822,-48.016612,Quadra 352 - Águas Claras,6
DF-2022-01452,Taguatinga,Tráfico de Drogas,2022-04-03,2022,4,05:55,Madrugada,-15.828027,-48.035975,Quadra 519 - Taguatinga,5
DF-2024-01453,Ceilândia,Roubo a Transeunte,2024-09-14,2024,9,17:00,Tarde,-15.804448,-48.095212,Quadra 330 - Ceilândia,6
DF-2023-01454,Ceilândia,Tráfico de Drogas,2023-03-13,2023,3,22:59,Noite,-15.791328,-48.124092,Quadra 380 - Ceilândia,5
DF-2023-01455,Samambaia,Homicídio Doloso,2023-07-15,2023,7,15:05,Tarde,-15.894262,-48.078139,Quadra 756 - Samambaia,10
DF-2024-01456,Plano Piloto,Roubo a Transeunte,2024-02-14,2024,2,15:27,Tarde,-15.794565,-47.887138,Quadra 139 - Plano Piloto,6
DF-2022-01457,Águas Claras,Roubo em Coletivo,2022-02-11,2022,2,16:29,Tarde,-15.842666,-47.997416,Quadra 560 - Águas Claras,6
DF-2023-01458,Sobradinho,Violência Doméstica,2023-10-25,2023,10,20:58,Noite,-15.64508,-47.782922,Quadra 794 - Sobradinho,8
DF-2022-01459,Taguatinga,Roubo em Coletivo,2022-02-09,2022,2,12:38,Tarde,-15.821662,-48.054415,Quadra 363 - Taguatinga,6
DF-2023-01460,Taguatinga,Furto de Veículo,2023-03-07,2023,3,10:36,Manhã,-15.820774,-48.057533,Quadra 584 - Taguatinga,4
DF-2022-01461,Recanto das Emas,Roubo a Transeunte,2022-01-31,2022,1,16:20,Tarde,-15.89748,-48.060424,Quadra 771 - Recanto das Emas,6
DF-2023-01462,Ceilândia,Tráfico de Drogas,2023-11-10,2023,11,19:49,Noite,-15.819741,-48.129532,Quadra 479 - Ceilândia,5
DF-2023-01463,Plano Piloto,Violência Doméstica,2023-12-25,2023,12,09:51,Manhã,-15.790394,-47.874114,Quadra 632 - Plano Piloto,8
DF-2022-01464,Ceilândia,Furto de Veículo,2022-06-13,2022,6,19:33,Noite,-15.804655,-48.110912,Quadra 399 - Ceilândia,4
DF-2024-01465,Taguatinga,Roubo a Transeunte,2024-04-10,2024,4,12:24,Tarde,-15.832194,-48.032905,Quadra 229 - Taguatinga,6
DF-2024-01466,Santa Maria,Roubo em Coletivo,2024-08-29,2024,8,19:34,Noite,-16.015378,-47.983418,Quadra 739 - Santa Maria,6
DF-2024-01467,Plano Piloto,Violência Doméstica,2024-07-09,2024,7,09:14,Manhã,-15.771362,-47.899984,Quadra 297 - Plano Piloto,8
DF-2022-01468,Recanto das Emas,Roubo de Veículo,2022-09-24,2022,9,21:58,Noite,-15.909085,-48.073909,Quadra 375 - Recanto das Emas,7
DF-2023-01469,Samambaia,Tráfico de Drogas,2023-09-23,2023,9,22:34,Noite,-15.917207,-48.081009,Quadra 468 - Samambaia,5
DF-2022-01470,Plano Piloto,Violência Doméstica,2022-01-15,2022,1,16:35,Tarde,-15.781111,-47.890725,Quadra 334 - Plano Piloto,8
DF-2022-01471,Taguatinga,Homicídio Doloso,2022-08-13,2022,8,13:24,Tarde,-15.842864,-48.062265,Quadra 722 - Taguatinga,10
DF-2022-01472,Ceilândia,Roubo a Comércio,2022-07-22,2022,7,19:45,Noite,-15.839681,-48.083522,Quadra 319 - Ceilândia,6
DF-2022-01473,Plano Piloto,Tráfico de Drogas,2022-03-28,2022,3,23:20,Noite,-15.817449,-47.910217,Quadra 131 - Plano Piloto,5
DF-2022-01474,Samambaia,Furto de Veículo,2022-12-14,2022,12,23:01,Noite,-15.887227,-48.088265,Quadra 323 - Samambaia,4
DF-2022-01475,Recanto das Emas,Roubo de Veículo,2022-03-11,2022,3,17:45,Tarde,-15.89098,-48.074457,Quadra 794 - Recanto das Emas,7
DF-2024-01476,Recanto das Emas,Homicídio Doloso,2024-06-05,2024,6,18:26,Noite,-15.914911,-48.065063,Quadra 119 - Recanto das Emas,10
DF-2024-01477,Taguatinga,Roubo a Transeunte,2024-04-06,2024,4,19:38,Noite,-15.822935,-48.048455,Quadra 509 - Taguatinga,6
DF-2023-01478,Planaltina,Furto de Veículo,2023-03-15,2023,3,13:10,Tarde,-15.607422,-47.627387,Quadra 337 - Planaltina,4
DF-2024-01479,Samambaia,Violência Doméstica,2024-07-08,2024,7,04:02,Madrugada,-15.861257,-48.075693,Quadra 161 - Samambaia,8
DF-2023-01480,Gama,Violência Doméstica,2023-04-30,2023,4,17:18,Tarde,-15.99348,-48.076928,Quadra 653 - Gama,8
DF-2022-01481,Vicente Pires,Violência Doméstica,2022-07-10,2022,7,12:44,Tarde,-15.79004,-48.027785,Quadra 674 - Vicente Pires,8
DF-2022-01482,Ceilândia,Roubo a Transeunte,2022-08-28,2022,8,02:27,Madrugada,-15.821337,-48.116339,Quadra 364 - Ceilândia,6
DF-2023-01483,Gama,Roubo a Transeunte,2023-12-30,2023,12,14:00,Tarde,-15.989531,-48.056406,Quadra 514 - Gama,6
DF-2024-01484,Planaltina,Roubo a Comércio,2024-05-23,2024,5,12:55,Tarde,-15.619028,-47.647707,Quadra 739 - Planaltina,6
DF-2022-01485,Taguatinga,Roubo a Transeunte,2022-12-27,2022,12,21:11,Noite,-15.820908,-48.069256,Quadra 517 - Taguatinga,6
DF-2023-01486,São Sebastião,Roubo de Veículo,2023-06-14,2023,6,19:17,Noite,-15.905288,-47.793126,Quadra 252 - São Sebastião,7
DF-2024-01487,Águas Claras,Roubo de Veículo,2024-10-22,2024,10,00:39,Madrugada,-15.841182,-48.014936,Quadra 241 - Águas Claras,7
DF-2023-01488,Santa Maria,Roubo a Comércio,2023-03-19,2023,3,08:38,Manhã,-16.02054,-48.002158,Quadra 368 - Santa Maria,6
DF-2023-01489,Samambaia,Roubo em Coletivo,2023-08-10,2023,8,08:36,Manhã,-15.871165,-48.082338,Quadra 204 - Samambaia,6
DF-2023-01490,Plano Piloto,Violência Doméstica,2023-07-25,2023,7,22:35,Noite,-15.795334,-47.907932,Quadra 651 - Plano Piloto,8
DF-2023-01491,Ceilândia,Roubo a Transeunte,2023-10-01,2023,10,08:16,Manhã,-15.803379,-48.0992,Quadra 224 - Ceilândia,6
DF-2023-01492,Ceilândia,Roubo de Veículo,2023-11-11,2023,11,00:23,Madrugada,-15.829381,-48.111578,Quadra 372 - Ceilândia,7
DF-2023-01493,Sobradinho,Furto a Transeunte,2023-06-02,2023,6,10:20,Manhã,-15.651342,-47.787727,Quadra 345 - Sobradinho,3
DF-2022-01494,Plano Piloto,Roubo de Veículo,2022-11-11,2022,11,13:53,Tarde,-15.78391,-47.894272,Quadra 732 - Plano Piloto,7
DF-2023-01495,Gama,Roubo a Transeunte,2023-03-14,2023,3,12:09,Tarde,-16.025118,-48.071096,Quadra 644 - Gama,6
DF-2024-01496,Guará,Roubo a Transeunte,2024-02-03,2024,2,18:16,Noite,-15.82861,-47.966628,Quadra 612 - Guará,6
DF-2022-01497,Ceilândia,Roubo a Comércio,2022-10-23,2022,10,06:49,Manhã,-15.824448,-48.097394,Quadra 601 - Ceilândia,6
DF-2024-01498,Taguatinga,Roubo em Coletivo,2024-11-29,2024,11,07:53,Manhã,-15.813581,-48.042,Quadra 447 - Taguatinga,6
DF-2022-01499,Taguatinga,Furto de Veículo,2022-10-21,2022,10,00:46,Madrugada,-15.828157,-48.05664,Quadra 690 - Taguatinga,4
DF-2022-01500,Taguatinga,Roubo de Veículo,2022-01-20,2022,1,21:18,Noite,-15.845144,-48.027993,Quadra 114 - Taguatinga,7
DF-2022-01501,Taguatinga,Roubo a Transeunte,2022-05-21,2022,5,22:13,Noite,-15.831044,-48.048594,Quadra 520 - Taguatinga,6
DF-2024-01502,Guará,Violência Doméstica,2024-07-15,2024,7,16:28,Tarde,-15.812381,-47.976216,Quadra 375 - Guará,8
DF-2022-01503,Recanto das Emas,Tráfico de Drogas,2022-09-27,2022,9,17:42,Tarde,-15.912236,-48.083096,Quadra 128 - Recanto das Emas,5
DF-2022-01504,Gama,Roubo a Transeunte,2022-01-19,2022,1,23:25,Noite,-16.029219,-48.055241,Quadra 303 - Gama,6
DF-2022-01505,Ceilândia,Furto de Veículo,2022-10-22,2022,10,20:35,Noite,-15.83611,-48.121603,Quadra 653 - Ceilândia,4
DF-2022-01506,Taguatinga,Roubo a Transeunte,2022-06-27,2022,6,16:53,Tarde,-15.828224,-48.06515,Quadra 221 - Taguatinga,6
DF-2024-01507,Ceilândia,Roubo a Comércio,2024-08-19,2024,8,00:43,Madrugada,-15.841153,-48.084902,Quadra 551 - Ceilândia,6
DF-2024-01508,Águas Claras,Violência Doméstica,2024-12-30,2024,12,22:57,Noite,-15.838679,-48.023621,Quadra 394 - Águas Claras,8
DF-2022-01509,Taguatinga,Roubo de Veículo,2022-12-03,2022,12,18:59,Noite,-15.833982,-48.033306,Quadra 249 - Taguatinga,7
DF-2022-01510,Ceilândia,Roubo de Veículo,2022-04-02,2022,4,10:54,Manhã,-15.807297,-48.111562,Quadra 324 - Ceilândia,7
DF-2023-01511,Santa Maria,Roubo a Transeunte,2023-11-26,2023,11,00:20,Madrugada,-15.992842,-47.975599,Quadra 577 - Santa Maria,6
DF-2023-01512,Ceilândia,Furto a Transeunte,2023-10-17,2023,10,21:56,Noite,-15.807431,-48.131229,Quadra 530 - Ceilândia,3
DF-2023-01513,Ceilândia,Violência Doméstica,2023-06-24,2023,6,02:43,Madrugada,-15.81949,-48.118449,Quadra 339 - Ceilândia,8
DF-2023-01514,Taguatinga,Furto a Transeunte,2023-04-06,2023,4,00:29,Madrugada,-15.842775,-48.056871,Quadra 285 - Taguatinga,3
DF-2024-01515,Samambaia,Roubo em Coletivo,2024-01-06,2024,1,00:11,Madrugada,-15.894376,-48.086228,Quadra 732 - Samambaia,6
DF-2023-01516,Ceilândia,Roubo a Transeunte,2023-01-25,2023,1,21:21,Noite,-15.820943,-48.123151,Quadra 677 - Ceilândia,6
DF-2024-01517,Gama,Tráfico de Drogas,2024-12-29,2024,12,14:16,Tarde,-16.016228,-48.063666,Quadra 519 - Gama,5
DF-2024-01518,Planaltina,Furto de Veículo,2024-04-02,2024,4,10:39,Manhã,-15.622048,-47.671683,Quadra 584 - Planaltina,4
DF-2023-01519,Recanto das Emas,Roubo a Transeunte,2023-03-16,2023,3,21:26,Noite,-15.899076,-48.069033,Quadra 768 - Recanto das Emas,6
DF-2024-01520,Plano Piloto,Roubo de Veículo,2024-12-13,2024,12,21:51,Noite,-15.778576,-47.877815,Quadra 787 - Plano Piloto,7
DF-2023-01521,Ceilândia,Roubo a Transeunte,2023-07-06,2023,7,12:53,Tarde,-15.80178,-48.111752,Quadra 395 - Ceilândia,6
DF-2022-01522,Recanto das Emas,Homicídio Doloso,2022-03-24,2022,3,08:07,Manhã,-15.907755,-48.089443,Quadra 685 - Recanto das Emas,10
DF-2023-01523,Taguatinga,Tráfico de Drogas,2023-12-11,2023,12,15:59,Tarde,-15.820207,-48.041079,Quadra 335 - Taguatinga,5
DF-2024-01524,Gama,Homicídio Doloso,2024-08-08,2024,8,01:14,Madrugada,-16.008339,-48.081015,Quadra 100 - Gama,10
DF-2022-01525,Santa Maria,Furto de Veículo,2022-11-07,2022,11,13:44,Tarde,-16.017968,-48.035107,Quadra 620 - Santa Maria,4
DF-2024-01526,Ceilândia,Roubo a Comércio,2024-03-15,2024,3,17:19,Tarde,-15.829537,-48.11763,Quadra 524 - Ceilândia,6
DF-2022-01527,Planaltina,Roubo a Transeunte,2022-11-10,2022,11,10:17,Manhã,-15.599446,-47.664202,Quadra 672 - Planaltina,6
DF-2023-01528,Recanto das Emas,Roubo de Veículo,2023-03-12,2023,3,21:01,Noite,-15.921444,-48.064048,Quadra 405 - Recanto das Emas,7
DF-2022-01529,Ceilândia,Homicídio Doloso,2022-06-24,2022,6,21:01,Noite,-15.827293,-48.115268,Quadra 433 - Ceilândia,10
DF-2023-01530,Samambaia,Roubo em Coletivo,2023-02-03,2023,2,09:17,Manhã,-15.880571,-48.086139,Quadra 229 - Samambaia,6
DF-2023-01531,Plano Piloto,Roubo a Transeunte,2023-04-30,2023,4,04:53,Madrugada,-15.78597,-47.887564,Quadra 198 - Plano Piloto,6
DF-2022-01532,Ceilândia,Violência Doméstica,2022-04-19,2022,4,01:29,Madrugada,-15.812097,-48.128586,Quadra 570 - Ceilândia,8
DF-2024-01533,Santa Maria,Furto de Veículo,2024-11-01,2024,11,08:08,Manhã,-16.010625,-47.980157,Quadra 211 - Santa Maria,4
DF-2022-01534,Ceilândia,Roubo em Coletivo,2022-05-26,2022,5,15:49,Tarde,-15.81365,-48.096289,Quadra 531 - Ceilândia,6
DF-2023-01535,Planaltina,Roubo a Transeunte,2023-11-15,2023,11,12:59,Tarde,-15.614699,-47.649314,Quadra 126 - Planaltina,6
DF-2023-01536,Taguatinga,Violência Doméstica,2023-09-11,2023,9,01:52,Madrugada,-15.826686,-48.077615,Quadra 339 - Taguatinga,8
DF-2024-01537,Samambaia,Roubo a Comércio,2024-05-16,2024,5,01:51,Madrugada,-15.879518,-48.067368,Quadra 347 - Samambaia,6
DF-2023-01538,Taguatinga,Homicídio Doloso,2023-01-14,2023,1,12:21,Tarde,-15.862042,-48.06246,Quadra 719 - Taguatinga,10
DF-2023-01539,Guará,Roubo a Comércio,2023-12-28,2023,12,14:39,Tarde,-15.826722,-47.961461,Quadra 628 - Guará,6
DF-2023-01540,Taguatinga,Roubo em Coletivo,2023-07-21,2023,7,15:12,Tarde,-15.829029,-48.046567,Quadra 736 - Taguatinga,6
DF-2024-01541,Ceilândia,Roubo a Transeunte,2024-04-04,2024,4,12:08,Tarde,-15.81788,-48.085297,Quadra 729 - Ceilândia,6
DF-2024-01542,Águas Claras,Roubo a Transeunte,2024-01-12,2024,1,07:42,Manhã,-15.850461,-48.014745,Quadra 166 - Águas Claras,6
DF-2022-01543,Plano Piloto,Tráfico de Drogas,2022-07-09,2022,7,19:05,Noite,-15.784313,-47.907532,Quadra 371 - Plano Piloto,5
DF-2024-01544,Taguatinga,Violência Doméstica,2024-05-31,2024,5,14:32,Tarde,-15.840177,-48.062184,Quadra 288 - Taguatinga,8
DF-2024-01545,Guará,Tráfico de Drogas,2024-11-05,2024,11,13:00,Tarde,-15.848568,-47.98402,Quadra 730 - Guará,5
DF-2024-01546,Ceilândia,Roubo a Transeunte,2024-02-05,2024,2,11:20,Manhã,-15.811124,-48.085691,Quadra 632 - Ceilândia,6
DF-2023-01547,Vicente Pires,Roubo em Coletivo,2023-01-22,2023,1,06:17,Manhã,-15.807082,-48.014456,Quadra 732 - Vicente Pires,6
DF-2023-01548,Samambaia,Roubo de Veículo,2023-02-04,2023,2,16:33,Tarde,-15.858764,-48.084681,Quadra 529 - Samambaia,7
DF-2024-01549,Ceilândia,Roubo a Transeunte,2024-08-15,2024,8,23:23,Noite,-15.809597,-48.122728,Quadra 458 - Ceilândia,6
DF-2022-01550,Águas Claras,Roubo de Veículo,2022-08-17,2022,8,08:14,Manhã,-15.830341,-48.015553,Quadra 216 - Águas Claras,7
DF-2022-01551,Planaltina,Roubo a Transeunte,2022-07-15,2022,7,23:41,Noite,-15.615799,-47.630051,Quadra 674 - Planaltina,6
DF-2023-01552,Plano Piloto,Violência Doméstica,2023-08-28,2023,8,16:30,Tarde,-15.795475,-47.88481,Quadra 322 - Plano Piloto,8
DF-2024-01553,Plano Piloto,Roubo de Veículo,2024-07-26,2024,7,19:56,Noite,-15.783289,-47.873975,Quadra 128 - Plano Piloto,7
DF-2023-01554,Planaltina,Roubo a Transeunte,2023-02-10,2023,2,22:39,Noite,-15.624607,-47.668537,Quadra 133 - Planaltina,6
DF-2022-01555,Ceilândia,Violência Doméstica,2022-10-03,2022,10,03:30,Madrugada,-15.807759,-48.116689,Quadra 511 - Ceilândia,8
DF-2022-01556,Ceilândia,Roubo a Comércio,2022-05-09,2022,5,11:58,Manhã,-15.81603,-48.106414,Quadra 646 - Ceilândia,6
DF-2024-01557,Ceilândia,Furto de Veículo,2024-09-24,2024,9,08:20,Manhã,-15.827659,-48.101746,Quadra 128 - Ceilândia,4
DF-2024-01558,Taguatinga,Roubo em Coletivo,2024-08-06,2024,8,15:10,Tarde,-15.826778,-48.049363,Quadra 786 - Taguatinga,6
DF-2022-01559,Ceilândia,Roubo a Transeunte,2022-01-05,2022,1,01:51,Madrugada,-15.837532,-48.10178,Quadra 598 - Ceilândia,6
DF-2023-01560,Plano Piloto,Roubo em Coletivo,2023-06-15,2023,6,11:24,Manhã,-15.78161,-47.886558,Quadra 289 - Plano Piloto,6
DF-2024-01561,Águas Claras,Roubo a Transeunte,2024-07-28,2024,7,15:32,Tarde,-15.834168,-48.020187,Quadra 544 - Águas Claras,6
DF-2023-01562,Plano Piloto,Roubo de Veículo,2023-03-05,2023,3,13:45,Tarde,-15.801892,-47.864901,Quadra 662 - Plano Piloto,7
DF-2023-01563,Gama,Roubo a Transeunte,2023-12-20,2023,12,14:19,Tarde,-16.011581,-48.06003,Quadra 379 - Gama,6
DF-2023-01564,Gama,Violência Doméstica,2023-08-22,2023,8,19:23,Noite,-16.017607,-48.073925,Quadra 547 - Gama,8
DF-2024-01565,Gama,Roubo a Transeunte,2024-05-17,2024,5,23:10,Noite,-16.019718,-48.077661,Quadra 179 - Gama,6
DF-2024-01566,Samambaia,Roubo a Comércio,2024-08-29,2024,8,13:57,Tarde,-15.861336,-48.114895,Quadra 474 - Samambaia,6
DF-2022-01567,Ceilândia,Roubo a Comércio,2022-07-09,2022,7,21:35,Noite,-15.820359,-48.1225,Quadra 439 - Ceilândia,6
DF-2024-01568,Ceilândia,Violência Doméstica,2024-08-06,2024,8,22:46,Noite,-15.804463,-48.116186,Quadra 552 - Ceilândia,8
DF-2024-01569,Plano Piloto,Roubo a Transeunte,2024-03-12,2024,3,11:04,Manhã,-15.782219,-47.87575,Quadra 219 - Plano Piloto,6
DF-2023-01570,Plano Piloto,Tráfico de Drogas,2023-11-08,2023,11,03:14,Madrugada,-15.784144,-47.88183,Quadra 341 - Plano Piloto,5
DF-2022-01571,Ceilândia,Roubo em Coletivo,2022-04-15,2022,4,19:45,Noite,-15.813356,-48.11469,Quadra 591 - Ceilândia,6
DF-2023-01572,Guará,Roubo a Transeunte,2023-08-27,2023,8,23:17,Noite,-15.808526,-47.976014,Quadra 686 - Guará,6
DF-2022-01573,Taguatinga,Homicídio Doloso,2022-11-29,2022,11,18:41,Noite,-15.83294,-48.047029,Quadra 552 - Taguatinga,10
DF-2023-01574,Planaltina,Furto a Transeunte,2023-06-28,2023,6,21:29,Noite,-15.617038,-47.635867,Quadra 394 - Planaltina,3
DF-2022-01575,Taguatinga,Roubo a Transeunte,2022-03-15,2022,3,23:48,Noite,-15.834922,-48.080593,Quadra 461 - Taguatinga,6
DF-2024-01576,Taguatinga,Roubo a Transeunte,2024-03-15,2024,3,14:34,Tarde,-15.823663,-48.063567,Quadra 726 - Taguatinga,6
DF-2022-01577,Recanto das Emas,Violência Doméstica,2022-02-28,2022,2,18:45,Noite,-15.916212,-48.07178,Quadra 245 - Recanto das Emas,8
DF-2024-01578,Taguatinga,Homicídio Doloso,2024-11-24,2024,11,05:13,Madrugada,-15.811691,-48.046323,Quadra 625 - Taguatinga,10
DF-2022-01579,Recanto das Emas,Roubo em Coletivo,2022-05-05,2022,5,17:43,Tarde,-15.876259,-48.095986,Quadra 570 - Recanto das Emas,6
DF-2024-01580,Taguatinga,Violência Doméstica,2024-10-27,2024,10,10:05,Manhã,-15.816656,-48.046061,Quadra 482 - Taguatinga,8
DF-2022-01581,Ceilândia,Roubo a Transeunte,2022-02-27,2022,2,02:38,Madrugada,-15.799529,-48.098398,Quadra 373 - Ceilândia,6
DF-2024-01582,Taguatinga,Roubo a Transeunte,2024-01-11,2024,1,15:22,Tarde,-15.824312,-48.055329,Quadra 220 - Taguatinga,6
DF-2023-01583,Ceilândia,Roubo a Comércio,2023-03-17,2023,3,18:17,Noite,-15.818369,-48.105723,Quadra 216 - Ceilândia,6
DF-2024-01584,Gama,Roubo a Transeunte,2024-11-12,2024,11,22:48,Noite,-16.017182,-48.089919,Quadra 571 - Gama,6
DF-2024-01585,Vicente Pires,Roubo a Comércio,2024-06-24,2024,6,12:59,Tarde,-15.816486,-48.023426,Quadra 494 - Vicente Pires,6
DF-2023-01586,Águas Claras,Roubo a Transeunte,2023-02-18,2023,2,12:01,Tarde,-15.850357,-48.001051,Quadra 629 - Águas Claras,6
DF-2024-01587,Taguatinga,Roubo de Veículo,2024-12-26,2024,12,00:19,Madrugada,-15.836253,-48.043605,Quadra 264 - Taguatinga,7
DF-2024-01588,Ceilândia,Roubo em Coletivo,2024-06-03,2024,6,02:27,Madrugada,-15.841516,-48.133856,Quadra 547 - Ceilândia,6
DF-2022-01589,Taguatinga,Tráfico de Drogas,2022-02-26,2022,2,08:37,Manhã,-15.850964,-48.063891,Quadra 737 - Taguatinga,5
DF-2024-01590,Taguatinga,Roubo a Transeunte,2024-01-22,2024,1,06:55,Manhã,-15.832478,-48.051384,Quadra 719 - Taguatinga,6
DF-2024-01591,Gama,Tráfico de Drogas,2024-08-25,2024,8,02:35,Madrugada,-16.021026,-48.030102,Quadra 421 - Gama,5
DF-2023-01592,Gama,Homicídio Doloso,2023-02-28,2023,2,13:14,Tarde,-16.010869,-48.087743,Quadra 548 - Gama,10
DF-2024-01593,Plano Piloto,Roubo a Comércio,2024-03-25,2024,3,23:04,Noite,-15.803136,-47.89958,Quadra 256 - Plano Piloto,6
DF-2024-01594,Guará,Roubo a Transeunte,2024-04-05,2024,4,03:53,Madrugada,-15.815602,-47.981947,Quadra 546 - Guará,6
DF-2023-01595,Ceilândia,Roubo de Veículo,2023-06-12,2023,6,16:02,Tarde,-15.797076,-48.132487,Quadra 300 - Ceilândia,7
DF-2024-01596,Águas Claras,Roubo a Transeunte,2024-11-16,2024,11,18:56,Noite,-15.87625,-48.038176,Quadra 142 - Águas Claras,6
DF-2022-01597,Guará,Roubo a Transeunte,2022-07-24,2022,7,07:56,Manhã,-15.82701,-47.963903,Quadra 557 - Guará,6
DF-2022-01598,Águas Claras,Roubo de Veículo,2022-12-06,2022,12,22:08,Noite,-15.830772,-48.020369,Quadra 280 - Águas Claras,7
DF-2022-01599,Guará,Roubo de Veículo,2022-12-17,2022,12,14:02,Tarde,-15.843235,-47.994228,Quadra 493 - Guará,7
DF-2024-01600,Ceilândia,Roubo de Veículo,2024-02-29,2024,2,20:00,Noite,-15.830405,-48.105862,Quadra 279 - Ceilândia,7
DF-2024-01601,Samambaia,Roubo de Veículo,2024-05-16,2024,5,18:21,Noite,-15.879666,-48.074096,Quadra 262 - Samambaia,7
DF-2022-01602,Gama,Roubo a Transeunte,2022-07-01,2022,7,18:31,Noite,-16.024307,-48.0377,Quadra 434 - Gama,6
DF-2023-01603,Ceilândia,Roubo a Comércio,2023-11-10,2023,11,07:27,Manhã,-15.823919,-48.114531,Quadra 666 - Ceilândia,6
DF-2023-01604,Taguatinga,Roubo em Coletivo,2023-06-28,2023,6,13:12,Tarde,-15.845653,-48.071389,Quadra 764 - Taguatinga,6
DF-2022-01605,Taguatinga,Roubo a Transeunte,2022-08-25,2022,8,12:35,Tarde,-15.82324,-48.06808,Quadra 196 - Taguatinga,6
DF-2023-01606,Ceilândia,Roubo a Transeunte,2023-03-27,2023,3,19:18,Noite,-15.827877,-48.127514,Quadra 362 - Ceilândia,6
DF-2022-01607,Ceilândia,Furto a Transeunte,2022-03-07,2022,3,11:44,Manhã,-15.838177,-48.108635,Quadra 557 - Ceilândia,3
DF-2023-01608,São Sebastião,Roubo a Transeunte,2023-12-12,2023,12,12:01,Tarde,-15.915637,-47.780905,Quadra 663 - São Sebastião,6
DF-2023-01609,Recanto das Emas,Roubo a Transeunte,2023-07-02,2023,7,13:40,Tarde,-15.923352,-48.069911,Quadra 305 - Recanto das Emas,6
DF-2023-01610,Taguatinga,Roubo a Transeunte,2023-02-23,2023,2,18:50,Noite,-15.830658,-48.04003,Quadra 158 - Taguatinga,6
DF-2023-01611,Ceilândia,Roubo a Transeunte,2023-03-15,2023,3,14:08,Tarde,-15.814552,-48.124577,Quadra 432 - Ceilândia,6
DF-2024-01612,Gama,Furto a Transeunte,2024-11-19,2024,11,23:06,Noite,-16.02148,-48.056839,Quadra 298 - Gama,3
DF-2023-01613,Recanto das Emas,Roubo a Transeunte,2023-08-28,2023,8,02:09,Madrugada,-15.92872,-48.060808,Quadra 430 - Recanto das Emas,6
DF-2024-01614,Ceilândia,Tráfico de Drogas,2024-06-15,2024,6,01:13,Madrugada,-15.810699,-48.118428,Quadra 754 - Ceilândia,5
DF-2023-01615,Gama,Tráfico de Drogas,2023-03-02,2023,3,08:54,Manhã,-16.020045,-48.068505,Quadra 362 - Gama,5
DF-2024-01616,Plano Piloto,Roubo a Comércio,2024-12-06,2024,12,23:52,Noite,-15.792151,-47.894686,Quadra 753 - Plano Piloto,6
DF-2022-01617,Águas Claras,Roubo a Transeunte,2022-07-16,2022,7,06:03,Manhã,-15.827728,-48.053258,Quadra 671 - Águas Claras,6
DF-2023-01618,Ceilândia,Roubo a Comércio,2023-05-30,2023,5,16:13,Tarde,-15.814297,-48.108248,Quadra 212 - Ceilândia,6
DF-2022-01619,Taguatinga,Homicídio Doloso,2022-09-24,2022,9,08:31,Manhã,-15.837594,-48.036733,Quadra 540 - Taguatinga,10
DF-2022-01620,Samambaia,Violência Doméstica,2022-03-02,2022,3,21:08,Noite,-15.855584,-48.088301,Quadra 260 - Samambaia,8
DF-2023-01621,Planaltina,Furto de Veículo,2023-06-15,2023,6,22:52,Noite,-15.61159,-47.663943,Quadra 386 - Planaltina,4
DF-2023-01622,Planaltina,Furto a Transeunte,2023-08-06,2023,8,19:49,Noite,-15.610483,-47.649226,Quadra 131 - Planaltina,3
DF-2024-01623,Ceilândia,Roubo de Veículo,2024-01-19,2024,1,12:33,Tarde,-15.824338,-48.107472,Quadra 574 - Ceilândia,7
DF-2024-01624,Ceilândia,Roubo em Coletivo,2024-11-23,2024,11,13:00,Tarde,-15.840841,-48.122571,Quadra 525 - Ceilândia,6
DF-2022-01625,Ceilândia,Roubo a Transeunte,2022-11-24,2022,11,01:49,Madrugada,-15.827381,-48.090335,Quadra 294 - Ceilândia,6
DF-2023-01626,Guará,Roubo em Coletivo,2023-11-30,2023,11,16:53,Tarde,-15.819758,-47.983435,Quadra 413 - Guará,6
DF-2022-01627,Ceilândia,Roubo a Comércio,2022-01-13,2022,1,12:49,Tarde,-15.831077,-48.12364,Quadra 766 - Ceilândia,6
DF-2024-01628,Gama,Roubo a Transeunte,2024-01-03,2024,1,02:57,Madrugada,-16.045211,-48.061061,Quadra 285 - Gama,6
DF-2024-01629,Ceilândia,Furto de Veículo,2024-12-26,2024,12,09:19,Manhã,-15.836442,-48.112415,Quadra 776 - Ceilândia,4
DF-2024-01630,Plano Piloto,Roubo a Transeunte,2024-07-01,2024,7,10:30,Manhã,-15.810938,-47.907887,Quadra 185 - Plano Piloto,6
DF-2022-01631,Taguatinga,Roubo de Veículo,2022-08-27,2022,8,19:50,Noite,-15.808884,-48.059008,Quadra 356 - Taguatinga,7
DF-2024-01632,Taguatinga,Tráfico de Drogas,2024-05-16,2024,5,18:57,Noite,-15.809114,-48.046481,Quadra 137 - Taguatinga,5
DF-2023-01633,Santa Maria,Roubo de Veículo,2023-10-19,2023,10,07:19,Manhã,-16.028182,-47.982378,Quadra 471 - Santa Maria,7
DF-2024-01634,Águas Claras,Roubo a Comércio,2024-02-01,2024,2,19:05,Noite,-15.855422,-47.999853,Quadra 689 - Águas Claras,6
DF-2023-01635,Plano Piloto,Roubo a Comércio,2023-11-13,2023,11,17:49,Tarde,-15.807717,-47.87568,Quadra 562 - Plano Piloto,6
DF-2023-01636,Taguatinga,Roubo a Transeunte,2023-03-15,2023,3,12:28,Tarde,-15.859152,-48.040903,Quadra 712 - Taguatinga,6
DF-2024-01637,Ceilândia,Roubo de Veículo,2024-08-19,2024,8,13:30,Tarde,-15.821792,-48.10158,Quadra 300 - Ceilândia,7
DF-2022-01638,Ceilândia,Roubo a Comércio,2022-03-01,2022,3,09:43,Manhã,-15.838848,-48.120607,Quadra 454 - Ceilândia,6
DF-2024-01639,Samambaia,Furto a Transeunte,2024-12-16,2024,12,15:27,Tarde,-15.879875,-48.093356,Quadra 659 - Samambaia,3
DF-2024-01640,Samambaia,Roubo em Coletivo,2024-09-09,2024,9,15:42,Tarde,-15.877376,-48.063325,Quadra 430 - Samambaia,6
DF-2022-01641,Santa Maria,Roubo a Transeunte,2022-10-13,2022,10,06:20,Manhã,-16.017921,-48.008739,Quadra 602 - Santa Maria,6
DF-2023-01642,Ceilândia,Furto a Transeunte,2023-05-08,2023,5,07:27,Manhã,-15.832489,-48.104162,Quadra 139 - Ceilândia,3
DF-2023-01643,Gama,Violência Doméstica,2023-02-14,2023,2,05:48,Madrugada,-16.009105,-48.080588,Quadra 621 - Gama,8
DF-2023-01644,São Sebastião,Roubo a Transeunte,2023-07-02,2023,7,03:22,Madrugada,-15.908648,-47.761142,Quadra 564 - São Sebastião,6
DF-2023-01645,Gama,Violência Doméstica,2023-06-01,2023,6,00:49,Madrugada,-15.998058,-48.035076,Quadra 445 - Gama,8
DF-2024-01646,Gama,Roubo a Transeunte,2024-06-01,2024,6,16:42,Tarde,-16.00148,-48.072544,Quadra 752 - Gama,6
DF-2022-01647,Gama,Roubo a Transeunte,2022-10-03,2022,10,18:55,Noite,-16.02962,-48.049098,Quadra 354 - Gama,6
DF-2023-01648,Taguatinga,Roubo de Veículo,2023-06-21,2023,6,06:24,Manhã,-15.816812,-48.047241,Quadra 662 - Taguatinga,7
DF-2024-01649,Ceilândia,Furto de Veículo,2024-07-21,2024,7,06:11,Manhã,-15.810115,-48.11666,Quadra 294 - Ceilândia,4
DF-2023-01650,Taguatinga,Roubo a Comércio,2023-01-28,2023,1,19:59,Noite,-15.83959,-48.082556,Quadra 769 - Taguatinga,6
DF-2024-01651,Planaltina,Roubo em Coletivo,2024-06-16,2024,6,23:20,Noite,-15.615133,-47.655545,Quadra 526 - Planaltina,6
DF-2022-01652,Plano Piloto,Roubo a Transeunte,2022-07-24,2022,7,13:44,Tarde,-15.796467,-47.879773,Quadra 674 - Plano Piloto,6
DF-2024-01653,Ceilândia,Roubo de Veículo,2024-01-25,2024,1,09:57,Manhã,-15.830864,-48.115334,Quadra 702 - Ceilândia,7
DF-2024-01654,Gama,Roubo a Transeunte,2024-11-07,2024,11,15:05,Tarde,-16.018249,-48.070047,Quadra 110 - Gama,6
DF-2023-01655,Gama,Violência Doméstica,2023-08-27,2023,8,21:47,Noite,-16.033206,-48.100484,Quadra 204 - Gama,8
DF-2022-01656,Ceilândia,Furto a Transeunte,2022-10-17,2022,10,21:07,Noite,-15.801408,-48.13554,Quadra 204 - Ceilândia,3
DF-2024-01657,Santa Maria,Roubo a Transeunte,2024-05-04,2024,5,22:08,Noite,-16.019148,-47.996692,Quadra 782 - Santa Maria,6
DF-2023-01658,Ceilândia,Tráfico de Drogas,2023-12-17,2023,12,09:59,Manhã,-15.832736,-48.08616,Quadra 236 - Ceilândia,5
DF-2022-01659,Ceilândia,Violência Doméstica,2022-10-19,2022,10,08:46,Manhã,-15.808747,-48.108471,Quadra 733 - Ceilândia,8
DF-2024-01660,Ceilândia,Roubo a Transeunte,2024-01-18,2024,1,08:18,Manhã,-15.829874,-48.101843,Quadra 768 - Ceilândia,6
DF-2023-01661,Taguatinga,Tráfico de Drogas,2023-06-14,2023,6,21:51,Noite,-15.82758,-48.061418,Quadra 263 - Taguatinga,5
DF-2023-01662,Taguatinga,Roubo a Transeunte,2023-03-25,2023,3,14:25,Tarde,-15.836022,-48.063338,Quadra 766 - Taguatinga,6
DF-2022-01663,Plano Piloto,Roubo a Transeunte,2022-12-01,2022,12,23:21,Noite,-15.799549,-47.89161,Quadra 461 - Plano Piloto,6
DF-2022-01664,Ceilândia,Roubo a Comércio,2022-02-02,2022,2,21:13,Noite,-15.836175,-48.132216,Quadra 251 - Ceilândia,6
DF-2024-01665,Samambaia,Furto de Veículo,2024-10-07,2024,10,17:03,Tarde,-15.867802,-48.087925,Quadra 658 - Samambaia,4
DF-2023-01666,Taguatinga,Violência Doméstica,2023-11-21,2023,11,06:53,Manhã,-15.828819,-48.04616,Quadra 180 - Taguatinga,8
DF-2023-01667,Santa Maria,Furto de Veículo,2023-06-22,2023,6,01:12,Madrugada,-16.02657,-48.002562,Quadra 236 - Santa Maria,4
DF-2023-01668,Guará,Roubo a Transeunte,2023-05-06,2023,5,01:29,Madrugada,-15.817097,-47.976455,Quadra 257 - Guará,6
DF-2023-01669,Guará,Roubo a Transeunte,2023-11-13,2023,11,12:46,Tarde,-15.830563,-47.954467,Quadra 131 - Guará,6
DF-2022-01670,Guará,Roubo em Coletivo,2022-02-15,2022,2,21:10,Noite,-15.80439,-47.951259,Quadra 601 - Guará,6
DF-2024-01671,Guará,Roubo a Transeunte,2024-02-09,2024,2,03:52,Madrugada,-15.820712,-47.985973,Quadra 361 - Guará,6
DF-2023-01672,Ceilândia,Roubo a Comércio,2023-06-25,2023,6,16:04,Tarde,-15.802489,-48.11583,Quadra 189 - Ceilândia,6
DF-2022-01673,São Sebastião,Roubo de Veículo,2022-11-28,2022,11,15:39,Tarde,-15.905005,-47.751217,Quadra 390 - São Sebastião,7
DF-2022-01674,Ceilândia,Violência Doméstica,2022-11-04,2022,11,11:34,Manhã,-15.80137,-48.088999,Quadra 504 - Ceilândia,8
DF-2024-01675,São Sebastião,Roubo de Veículo,2024-01-12,2024,1,07:18,Manhã,-15.910905,-47.759316,Quadra 563 - São Sebastião,7
DF-2023-01676,Plano Piloto,Roubo a Transeunte,2023-09-22,2023,9,23:29,Noite,-15.798066,-47.846046,Quadra 301 - Plano Piloto,6
DF-2023-01677,Plano Piloto,Roubo de Veículo,2023-05-11,2023,5,14:56,Tarde,-15.790381,-47.883436,Quadra 518 - Plano Piloto,7
DF-2022-01678,Taguatinga,Roubo de Veículo,2022-10-28,2022,10,11:43,Manhã,-15.814553,-48.048791,Quadra 133 - Taguatinga,7
DF-2023-01679,Taguatinga,Roubo a Transeunte,2023-12-04,2023,12,04:49,Madrugada,-15.828357,-48.057758,Quadra 631 - Taguatinga,6
DF-2022-01680,Ceilândia,Roubo de Veículo,2022-04-29,2022,4,13:18,Tarde,-15.828778,-48.124063,Quadra 369 - Ceilândia,7
DF-2024-01681,Santa Maria,Violência Doméstica,2024-04-16,2024,4,09:58,Manhã,-15.999151,-47.980377,Quadra 502 - Santa Maria,8
DF-2023-01682,Planaltina,Latrocínio,2023-09-09,2023,9,01:08,Madrugada,-15.631012,-47.649805,Quadra 107 - Planaltina,10
DF-2023-01683,Samambaia,Roubo de Veículo,2023-02-18,2023,2,16:17,Tarde,-15.861712,-48.103252,Quadra 245 - Samambaia,7
DF-2023-01684,Plano Piloto,Violência Doméstica,2023-10-29,2023,10,20:29,Noite,-15.782618,-47.865296,Quadra 239 - Plano Piloto,8
DF-2022-01685,Plano Piloto,Furto a Transeunte,2022-12-27,2022,12,09:18,Manhã,-15.79823,-47.896757,Quadra 554 - Plano Piloto,3
DF-2022-01686,Taguatinga,Roubo a Transeunte,2022-06-06,2022,6,11:34,Manhã,-15.821465,-48.053047,Quadra 323 - Taguatinga,6
DF-2024-01687,Taguatinga,Violência Doméstica,2024-07-21,2024,7,22:06,Noite,-15.861891,-48.053694,Quadra 583 - Taguatinga,8
DF-2023-01688,Ceilândia,Roubo a Transeunte,2023-12-16,2023,12,02:57,Madrugada,-15.803089,-48.111775,Quadra 701 - Ceilândia,6
DF-2024-01689,Plano Piloto,Roubo a Transeunte,2024-12-01,2024,12,10:14,Manhã,-15.79066,-47.889692,Quadra 462 - Plano Piloto,6
DF-2023-01690,Samambaia,Roubo de Veículo,2023-08-10,2023,8,13:32,Tarde,-15.875576,-48.098764,Quadra 265 - Samambaia,7
DF-2022-01691,Ceilândia,Roubo a Transeunte,2022-05-30,2022,5,19:46,Noite,-15.831935,-48.106428,Quadra 417 - Ceilândia,6
DF-2022-01692,Gama,Roubo a Comércio,2022-06-11,2022,6,19:43,Noite,-16.025264,-48.062936,Quadra 220 - Gama,6
DF-2023-01693,Taguatinga,Roubo em Coletivo,2023-06-26,2023,6,11:39,Manhã,-15.841365,-48.030581,Quadra 303 - Taguatinga,6
DF-2022-01694,Ceilândia,Tráfico de Drogas,2022-09-10,2022,9,12:49,Tarde,-15.835502,-48.123149,Quadra 655 - Ceilândia,5
DF-2022-01695,Gama,Roubo de Veículo,2022-12-12,2022,12,17:53,Tarde,-15.991225,-48.042147,Quadra 690 - Gama,7
DF-2023-01696,Planaltina,Roubo a Transeunte,2023-07-14,2023,7,23:08,Noite,-15.625581,-47.671632,Quadra 797 - Planaltina,6
DF-2024-01697,Taguatinga,Violência Doméstica,2024-08-28,2024,8,22:36,Noite,-15.84713,-48.063265,Quadra 182 - Taguatinga,8
DF-2024-01698,Ceilândia,Roubo a Comércio,2024-08-21,2024,8,14:56,Tarde,-15.8016,-48.107159,Quadra 419 - Ceilândia,6
DF-2022-01699,Samambaia,Furto a Transeunte,2022-12-27,2022,12,12:52,Tarde,-15.869137,-48.073302,Quadra 432 - Samambaia,3
DF-2022-01700,Taguatinga,Roubo de Veículo,2022-09-06,2022,9,12:07,Tarde,-15.812785,-48.045953,Quadra 142 - Taguatinga,7
DF-2024-01701,Taguatinga,Roubo a Transeunte,2024-04-14,2024,4,01:24,Madrugada,-15.82255,-48.056498,Quadra 285 - Taguatinga,6
DF-2022-01702,Ceilândia,Roubo a Transeunte,2022-04-04,2022,4,01:44,Madrugada,-15.812333,-48.101338,Quadra 411 - Ceilândia,6
DF-2023-01703,São Sebastião,Tráfico de Drogas,2023-05-26,2023,5,19:47,Noite,-15.899817,-47.772423,Quadra 565 - São Sebastião,5
DF-2023-01704,Samambaia,Roubo de Veículo,2023-07-11,2023,7,12:00,Tarde,-15.875405,-48.077833,Quadra 294 - Samambaia,7
DF-2023-01705,Taguatinga,Roubo a Transeunte,2023-08-14,2023,8,19:45,Noite,-15.856332,-48.041809,Quadra 156 - Taguatinga,6
DF-2023-01706,Santa Maria,Violência Doméstica,2023-12-30,2023,12,16:55,Tarde,-15.996614,-48.021532,Quadra 246 - Santa Maria,8
DF-2022-01707,Taguatinga,Roubo a Transeunte,2022-01-16,2022,1,19:18,Noite,-15.845081,-48.047736,Quadra 370 - Taguatinga,6
DF-2024-01708,Taguatinga,Tráfico de Drogas,2024-08-27,2024,8,03:27,Madrugada,-15.828156,-48.051562,Quadra 374 - Taguatinga,5
DF-2023-01709,Ceilândia,Roubo em Coletivo,2023-12-13,2023,12,08:46,Manhã,-15.806732,-48.114796,Quadra 505 - Ceilândia,6
DF-2022-01710,Ceilândia,Roubo a Comércio,2022-01-18,2022,1,08:24,Manhã,-15.828134,-48.100813,Quadra 322 - Ceilândia,6
DF-2024-01711,Plano Piloto,Furto de Veículo,2024-02-06,2024,2,19:55,Noite,-15.788238,-47.876023,Quadra 599 - Plano Piloto,4
DF-2024-01712,Ceilândia,Furto de Veículo,2024-07-31,2024,7,12:42,Tarde,-15.831699,-48.098071,Quadra 554 - Ceilândia,4
DF-2024-01713,Sobradinho,Violência Doméstica,2024-04-22,2024,4,17:16,Tarde,-15.667732,-47.813962,Quadra 129 - Sobradinho,8
DF-2022-01714,Taguatinga,Roubo em Coletivo,2022-04-16,2022,4,19:30,Noite,-15.827379,-48.049194,Quadra 219 - Taguatinga,6
DF-2024-01715,Plano Piloto,Latrocínio,2024-03-23,2024,3,18:22,Noite,-15.798194,-47.893621,Quadra 240 - Plano Piloto,10
DF-2023-01716,Samambaia,Roubo a Comércio,2023-02-09,2023,2,22:07,Noite,-15.861816,-48.086905,Quadra 752 - Samambaia,6
DF-2024-01717,Samambaia,Violência Doméstica,2024-12-21,2024,12,20:30,Noite,-15.876486,-48.096512,Quadra 534 - Samambaia,8
DF-2024-01718,Recanto das Emas,Roubo de Veículo,2024-04-19,2024,4,11:22,Manhã,-15.904888,-48.042005,Quadra 576 - Recanto das Emas,7
DF-2024-01719,Taguatinga,Roubo a Transeunte,2024-04-28,2024,4,20:47,Noite,-15.830076,-48.048086,Quadra 223 - Taguatinga,6
DF-2022-01720,Guará,Homicídio Doloso,2022-03-26,2022,3,21:48,Noite,-15.841433,-47.980149,Quadra 572 - Guará,10
DF-2023-01721,Taguatinga,Latrocínio,2023-07-25,2023,7,07:25,Manhã,-15.845222,-48.027735,Quadra 474 - Taguatinga,10
DF-2022-01722,Taguatinga,Furto a Transeunte,2022-03-10,2022,3,05:12,Madrugada,-15.841222,-48.042156,Quadra 436 - Taguatinga,3
DF-2023-01723,Águas Claras,Roubo a Transeunte,2023-06-21,2023,6,22:09,Noite,-15.866538,-48.018848,Quadra 420 - Águas Claras,6
DF-2024-01724,Ceilândia,Furto de Veículo,2024-10-11,2024,10,17:45,Tarde,-15.821801,-48.102356,Quadra 241 - Ceilândia,4
DF-2023-01725,Ceilândia,Roubo a Transeunte,2023-01-29,2023,1,11:45,Manhã,-15.816521,-48.128253,Quadra 202 - Ceilândia,6
DF-2022-01726,Samambaia,Roubo a Transeunte,2022-09-15,2022,9,01:07,Madrugada,-15.899909,-48.099574,Quadra 155 - Samambaia,6
DF-2024-01727,Taguatinga,Roubo a Transeunte,2024-07-31,2024,7,06:13,Manhã,-15.843129,-48.06079,Quadra 212 - Taguatinga,6
DF-2024-01728,Taguatinga,Roubo de Veículo,2024-04-15,2024,4,14:00,Tarde,-15.864827,-48.059613,Quadra 382 - Taguatinga,7
DF-2022-01729,Gama,Roubo a Transeunte,2022-03-30,2022,3,10:19,Manhã,-16.027849,-48.086859,Quadra 187 - Gama,6
DF-2023-01730,Samambaia,Roubo de Veículo,2023-03-17,2023,3,08:05,Manhã,-15.879955,-48.081642,Quadra 790 - Samambaia,7
DF-2022-01731,Taguatinga,Furto a Transeunte,2022-10-20,2022,10,15:57,Tarde,-15.832323,-48.063421,Quadra 364 - Taguatinga,3
DF-2024-01732,Plano Piloto,Roubo a Comércio,2024-03-14,2024,3,02:50,Madrugada,-15.806484,-47.873301,Quadra 732 - Plano Piloto,6
DF-2023-01733,Sobradinho,Roubo em Coletivo,2023-04-01,2023,4,00:26,Madrugada,-15.642321,-47.821409,Quadra 611 - Sobradinho,6
DF-2022-01734,Plano Piloto,Roubo a Transeunte,2022-03-09,2022,3,20:15,Noite,-15.794563,-47.880289,Quadra 358 - Plano Piloto,6
DF-2023-01735,Ceilândia,Tráfico de Drogas,2023-10-07,2023,10,17:05,Tarde,-15.795844,-48.112177,Quadra 748 - Ceilândia,5
DF-2024-01736,Taguatinga,Roubo a Comércio,2024-04-16,2024,4,22:39,Noite,-15.837544,-48.050067,Quadra 750 - Taguatinga,6
DF-2023-01737,São Sebastião,Violência Doméstica,2023-01-27,2023,1,04:50,Madrugada,-15.905857,-47.753307,Quadra 246 - São Sebastião,8
DF-2022-01738,Taguatinga,Roubo a Transeunte,2022-08-20,2022,8,21:09,Noite,-15.830314,-48.043356,Quadra 687 - Taguatinga,6
DF-2022-01739,Taguatinga,Roubo a Transeunte,2022-03-10,2022,3,19:28,Noite,-15.852228,-48.049756,Quadra 120 - Taguatinga,6
DF-2024-01740,Taguatinga,Roubo a Transeunte,2024-01-27,2024,1,22:17,Noite,-15.829555,-48.061896,Quadra 703 - Taguatinga,6
DF-2023-01741,Gama,Furto a Transeunte,2023-09-05,2023,9,06:37,Manhã,-16.009945,-48.079597,Quadra 521 - Gama,3
DF-2024-01742,Ceilândia,Roubo a Comércio,2024-05-14,2024,5,18:41,Noite,-15.822403,-48.074716,Quadra 773 - Ceilândia,6
DF-2024-01743,Taguatinga,Tráfico de Drogas,2024-01-24,2024,1,20:01,Noite,-15.815955,-48.061224,Quadra 137 - Taguatinga,5
DF-2023-01744,Ceilândia,Roubo de Veículo,2023-01-23,2023,1,12:19,Tarde,-15.842378,-48.091455,Quadra 527 - Ceilândia,7
DF-2023-01745,Plano Piloto,Roubo em Coletivo,2023-09-03,2023,9,05:01,Madrugada,-15.805696,-47.887563,Quadra 659 - Plano Piloto,6
DF-2024-01746,Guará,Furto a Transeunte,2024-12-24,2024,12,12:29,Tarde,-15.840483,-47.98671,Quadra 182 - Guará,3
DF-2023-01747,Sobradinho,Roubo a Comércio,2023-12-16,2023,12,06:13,Manhã,-15.630185,-47.780182,Quadra 140 - Sobradinho,6
DF-2024-01748,Ceilândia,Tráfico de Drogas,2024-11-15,2024,11,11:26,Manhã,-15.817717,-48.107406,Quadra 550 - Ceilândia,5
DF-2022-01749,Recanto das Emas,Roubo a Transeunte,2022-10-25,2022,10,02:09,Madrugada,-15.908013,-48.079181,Quadra 112 - Recanto das Emas,6
DF-2023-01750,Santa Maria,Roubo a Transeunte,2023-10-08,2023,10,22:54,Noite,-16.015374,-47.990002,Quadra 468 - Santa Maria,6
DF-2024-01751,Plano Piloto,Roubo em Coletivo,2024-11-09,2024,11,17:13,Tarde,-15.791344,-47.904508,Quadra 146 - Plano Piloto,6
DF-2023-01752,Ceilândia,Roubo a Comércio,2023-10-03,2023,10,13:20,Tarde,-15.813142,-48.116841,Quadra 213 - Ceilândia,6
DF-2023-01753,Plano Piloto,Roubo a Transeunte,2023-07-03,2023,7,23:42,Noite,-15.810689,-47.881167,Quadra 199 - Plano Piloto,6
DF-2022-01754,Recanto das Emas,Violência Doméstica,2022-06-18,2022,6,06:06,Manhã,-15.90988,-48.067438,Quadra 114 - Recanto das Emas,8
DF-2023-01755,Gama,Roubo de Veículo,2023-02-24,2023,2,07:00,Manhã,-16.007278,-48.050728,Quadra 623 - Gama,7
DF-2024-01756,Samambaia,Roubo em Coletivo,2024-04-08,2024,4,11:27,Manhã,-15.889717,-48.094438,Quadra 237 - Samambaia,6
DF-2022-01757,Planaltina,Roubo a Transeunte,2022-09-05,2022,9,15:30,Tarde,-15.613805,-47.656257,Quadra 501 - Planaltina,6
DF-2024-01758,Samambaia,Violência Doméstica,2024-07-18,2024,7,15:28,Tarde,-15.895184,-48.098485,Quadra 160 - Samambaia,8
DF-2022-01759,Taguatinga,Roubo a Transeunte,2022-12-13,2022,12,15:56,Tarde,-15.830682,-48.040376,Quadra 418 - Taguatinga,6
DF-2023-01760,Taguatinga,Roubo a Transeunte,2023-02-06,2023,2,03:46,Madrugada,-15.814838,-48.049633,Quadra 478 - Taguatinga,6
DF-2023-01761,Samambaia,Roubo a Transeunte,2023-09-21,2023,9,21:34,Noite,-15.860159,-48.105482,Quadra 213 - Samambaia,6
DF-2023-01762,Taguatinga,Tráfico de Drogas,2023-05-07,2023,5,16:48,Tarde,-15.818212,-48.039263,Quadra 410 - Taguatinga,5
DF-2022-01763,Samambaia,Roubo a Transeunte,2022-04-27,2022,4,11:08,Manhã,-15.869941,-48.07549,Quadra 367 - Samambaia,6
DF-2024-01764,Plano Piloto,Roubo a Transeunte,2024-04-04,2024,4,22:21,Noite,-15.79714,-47.895602,Quadra 524 - Plano Piloto,6
DF-2023-01765,Guará,Roubo a Transeunte,2023-01-05,2023,1,17:58,Tarde,-15.80556,-47.981793,Quadra 187 - Guará,6
DF-2022-01766,Samambaia,Roubo a Comércio,2022-05-13,2022,5,22:52,Noite,-15.856812,-48.08731,Quadra 392 - Samambaia,6
DF-2024-01767,Planaltina,Roubo a Transeunte,2024-10-13,2024,10,12:50,Tarde,-15.590762,-47.637101,Quadra 150 - Planaltina,6
DF-2022-01768,Gama,Tráfico de Drogas,2022-05-13,2022,5,17:36,Tarde,-16.018978,-48.071066,Quadra 644 - Gama,5
DF-2022-01769,Águas Claras,Furto a Transeunte,2022-05-07,2022,5,06:54,Manhã,-15.846412,-48.025399,Quadra 313 - Águas Claras,3
DF-2023-01770,Taguatinga,Tráfico de Drogas,2023-01-19,2023,1,06:37,Manhã,-15.838549,-48.037929,Quadra 751 - Taguatinga,5
DF-2024-01771,Ceilândia,Roubo de Veículo,2024-08-08,2024,8,11:06,Manhã,-15.824202,-48.07871,Quadra 481 - Ceilândia,7
DF-2022-01772,Guará,Roubo a Transeunte,2022-08-22,2022,8,20:50,Noite,-15.848712,-47.972742,Quadra 513 - Guará,6
DF-2022-01773,Samambaia,Latrocínio,2022-08-25,2022,8,11:30,Manhã,-15.869702,-48.113985,Quadra 339 - Samambaia,10
DF-2024-01774,Guará,Roubo em Coletivo,2024-07-22,2024,7,12:37,Tarde,-15.820558,-47.968412,Quadra 286 - Guará,6
DF-2024-01775,Gama,Roubo a Transeunte,2024-08-09,2024,8,13:08,Tarde,-16.021597,-48.055074,Quadra 800 - Gama,6
DF-2024-01776,Samambaia,Tráfico de Drogas,2024-09-13,2024,9,05:04,Madrugada,-15.881576,-48.075187,Quadra 329 - Samambaia,5
DF-2023-01777,Águas Claras,Roubo a Transeunte,2023-11-24,2023,11,17:07,Tarde,-15.836698,-48.034733,Quadra 194 - Águas Claras,6
DF-2024-01778,Gama,Roubo a Transeunte,2024-06-01,2024,6,19:36,Noite,-16.034113,-48.05636,Quadra 274 - Gama,6
DF-2022-01779,Ceilândia,Furto de Veículo,2022-10-09,2022,10,18:41,Noite,-15.809561,-48.112921,Quadra 439 - Ceilândia,4
DF-2024-01780,Guará,Roubo a Transeunte,2024-09-21,2024,9,11:37,Manhã,-15.798202,-47.959938,Quadra 234 - Guará,6
DF-2022-01781,Recanto das Emas,Roubo em Coletivo,2022-07-01,2022,7,16:24,Tarde,-15.915916,-48.085391,Quadra 147 - Recanto das Emas,6
DF-2024-01782,Águas Claras,Violência Doméstica,2024-05-07,2024,5,12:46,Tarde,-15.851642,-48.018524,Quadra 479 - Águas Claras,8
DF-2022-01783,Sobradinho,Roubo a Transeunte,2022-01-24,2022,1,22:10,Noite,-15.651943,-47.778745,Quadra 203 - Sobradinho,6
DF-2022-01784,Planaltina,Roubo de Veículo,2022-09-09,2022,9,08:56,Manhã,-15.613936,-47.679972,Quadra 507 - Planaltina,7
DF-2024-01785,Ceilândia,Furto de Veículo,2024-05-01,2024,5,09:14,Manhã,-15.835856,-48.087994,Quadra 562 - Ceilândia,4
DF-2024-01786,Plano Piloto,Furto de Veículo,2024-01-21,2024,1,21:21,Noite,-15.810254,-47.887237,Quadra 762 - Plano Piloto,4
DF-2024-01787,Guará,Roubo a Transeunte,2024-12-12,2024,12,20:22,Noite,-15.835522,-47.972159,Quadra 142 - Guará,6
DF-2023-01788,Recanto das Emas,Furto de Veículo,2023-06-27,2023,6,03:30,Madrugada,-15.90246,-48.076041,Quadra 597 - Recanto das Emas,4
DF-2022-01789,Águas Claras,Tráfico de Drogas,2022-03-27,2022,3,19:34,Noite,-15.845222,-48.033098,Quadra 727 - Águas Claras,5
DF-2024-01790,Ceilândia,Roubo a Transeunte,2024-02-04,2024,2,20:28,Noite,-15.780584,-48.133393,Quadra 568 - Ceilândia,6
DF-2024-01791,Ceilândia,Violência Doméstica,2024-06-24,2024,6,19:49,Noite,-15.824522,-48.102599,Quadra 793 - Ceilândia,8
DF-2022-01792,Ceilândia,Homicídio Doloso,2022-04-22,2022,4,02:52,Madrugada,-15.820664,-48.106625,Quadra 154 - Ceilândia,10
DF-2023-01793,Ceilândia,Roubo a Transeunte,2023-04-15,2023,4,07:06,Manhã,-15.819102,-48.090107,Quadra 790 - Ceilândia,6
DF-2024-01794,Samambaia,Tráfico de Drogas,2024-09-28,2024,9,16:21,Tarde,-15.888429,-48.070218,Quadra 278 - Samambaia,5
DF-2024-01795,Samambaia,Furto a Transeunte,2024-09-12,2024,9,09:40,Manhã,-15.883591,-48.082726,Quadra 265 - Samambaia,3
DF-2023-01796,Santa Maria,Roubo a Transeunte,2023-01-31,2023,1,08:32,Manhã,-16.03373,-47.987515,Quadra 593 - Santa Maria,6
DF-2022-01797,São Sebastião,Tráfico de Drogas,2022-04-07,2022,4,15:28,Tarde,-15.888221,-47.764185,Quadra 171 - São Sebastião,5
DF-2023-01798,Plano Piloto,Roubo a Transeunte,2023-02-03,2023,2,13:30,Tarde,-15.794151,-47.889909,Quadra 319 - Plano Piloto,6
DF-2024-01799,Águas Claras,Tráfico de Drogas,2024-11-22,2024,11,06:53,Manhã,-15.828834,-48.026675,Quadra 428 - Águas Claras,5
DF-2024-01800,Samambaia,Roubo a Comércio,2024-01-23,2024,1,16:47,Tarde,-15.867493,-48.069365,Quadra 174 - Samambaia,6
DF-2022-01801,São Sebastião,Roubo a Transeunte,2022-07-16,2022,7,11:28,Manhã,-15.899466,-47.774668,Quadra 174 - São Sebastião,6
DF-2022-01802,Santa Maria,Roubo a Transeunte,2022-04-03,2022,4,18:26,Noite,-16.010963,-48.000586,Quadra 168 - Santa Maria,6
DF-2023-01803,Vicente Pires,Roubo a Comércio,2023-10-27,2023,10,12:50,Tarde,-15.813389,-48.016495,Quadra 369 - Vicente Pires,6
DF-2024-01804,Taguatinga,Roubo de Veículo,2024-12-16,2024,12,17:59,Tarde,-15.830376,-48.053742,Quadra 567 - Taguatinga,7
DF-2023-01805,Ceilândia,Furto de Veículo,2023-08-11,2023,8,09:12,Manhã,-15.822171,-48.103174,Quadra 559 - Ceilândia,4
DF-2022-01806,Recanto das Emas,Roubo a Transeunte,2022-09-18,2022,9,21:51,Noite,-15.912239,-48.054748,Quadra 346 - Recanto das Emas,6
DF-2022-01807,Plano Piloto,Roubo de Veículo,2022-10-03,2022,10,02:46,Madrugada,-15.798936,-47.875,Quadra 742 - Plano Piloto,7
DF-2023-01808,Águas Claras,Roubo de Veículo,2023-02-22,2023,2,15:58,Tarde,-15.840424,-48.037094,Quadra 700 - Águas Claras,7
DF-2024-01809,Samambaia,Violência Doméstica,2024-08-24,2024,8,09:04,Manhã,-15.877623,-48.084421,Quadra 772 - Samambaia,8
DF-2023-01810,Samambaia,Roubo a Transeunte,2023-03-05,2023,3,13:36,Tarde,-15.877245,-48.074095,Quadra 713 - Samambaia,6
DF-2023-01811,Águas Claras,Roubo a Comércio,2023-09-29,2023,9,17:16,Tarde,-15.831216,-48.062607,Quadra 636 - Águas Claras,6
DF-2024-01812,Ceilândia,Tráfico de Drogas,2024-02-25,2024,2,12:07,Tarde,-15.820489,-48.108482,Quadra 552 - Ceilândia,5
DF-2023-01813,Santa Maria,Roubo de Veículo,2023-02-06,2023,2,02:34,Madrugada,-16.023849,-48.000094,Quadra 624 - Santa Maria,7
DF-2023-01814,Samambaia,Roubo a Transeunte,2023-04-25,2023,4,05:28,Madrugada,-15.889251,-48.072325,Quadra 314 - Samambaia,6
DF-2022-01815,Samambaia,Homicídio Doloso,2022-03-05,2022,3,12:08,Tarde,-15.876047,-48.092388,Quadra 664 - Samambaia,10
DF-2022-01816,Plano Piloto,Roubo a Comércio,2022-08-01,2022,8,10:12,Manhã,-15.775891,-47.878533,Quadra 234 - Plano Piloto,6
DF-2023-01817,Gama,Violência Doméstica,2023-12-04,2023,12,14:34,Tarde,-16.014827,-48.065654,Quadra 799 - Gama,8
DF-2022-01818,Plano Piloto,Furto a Transeunte,2022-09-16,2022,9,04:45,Madrugada,-15.809447,-47.907091,Quadra 795 - Plano Piloto,3
DF-2022-01819,Gama,Roubo de Veículo,2022-08-24,2022,8,13:59,Tarde,-16.032098,-48.064579,Quadra 606 - Gama,7
DF-2023-01820,Ceilândia,Roubo a Comércio,2023-05-22,2023,5,22:08,Noite,-15.81813,-48.124027,Quadra 213 - Ceilândia,6
DF-2022-01821,Plano Piloto,Violência Doméstica,2022-10-01,2022,10,22:53,Noite,-15.804173,-47.881685,Quadra 694 - Plano Piloto,8
DF-2024-01822,Taguatinga,Violência Doméstica,2024-12-02,2024,12,21:39,Noite,-15.826037,-48.061858,Quadra 596 - Taguatinga,8
DF-2024-01823,Plano Piloto,Furto de Veículo,2024-07-21,2024,7,13:05,Tarde,-15.801708,-47.880511,Quadra 258 - Plano Piloto,4
DF-2022-01824,Taguatinga,Homicídio Doloso,2022-12-29,2022,12,15:58,Tarde,-15.833272,-48.053245,Quadra 758 - Taguatinga,10
DF-2022-01825,Plano Piloto,Tráfico de Drogas,2022-05-30,2022,5,12:20,Tarde,-15.810802,-47.869406,Quadra 115 - Plano Piloto,5
DF-2024-01826,Ceilândia,Roubo a Comércio,2024-01-30,2024,1,14:50,Tarde,-15.804665,-48.111263,Quadra 146 - Ceilândia,6
DF-2022-01827,Gama,Roubo a Transeunte,2022-08-03,2022,8,07:00,Manhã,-16.014518,-48.094468,Quadra 355 - Gama,6
DF-2024-01828,Ceilândia,Roubo a Transeunte,2024-02-25,2024,2,21:10,Noite,-15.813974,-48.106487,Quadra 190 - Ceilândia,6
DF-2022-01829,Ceilândia,Roubo de Veículo,2022-10-04,2022,10,10:46,Manhã,-15.840775,-48.081446,Quadra 395 - Ceilândia,7
DF-2024-01830,Plano Piloto,Roubo a Transeunte,2024-08-23,2024,8,06:39,Manhã,-15.797714,-47.868802,Quadra 208 - Plano Piloto,6
DF-2022-01831,Ceilândia,Roubo em Coletivo,2022-08-11,2022,8,11:53,Manhã,-15.823253,-48.101454,Quadra 522 - Ceilândia,6
DF-2024-01832,Ceilândia,Violência Doméstica,2024-01-23,2024,1,12:21,Tarde,-15.810899,-48.113168,Quadra 570 - Ceilândia,8
DF-2023-01833,Ceilândia,Roubo a Transeunte,2023-03-30,2023,3,19:12,Noite,-15.815665,-48.103877,Quadra 534 - Ceilândia,6
DF-2024-01834,Taguatinga,Roubo de Veículo,2024-11-02,2024,11,06:54,Manhã,-15.823526,-48.058233,Quadra 532 - Taguatinga,7
DF-2023-01835,Santa Maria,Roubo em Coletivo,2023-09-28,2023,9,04:56,Madrugada,-16.029836,-48.010582,Quadra 709 - Santa Maria,6
DF-2023-01836,Taguatinga,Violência Doméstica,2023-01-10,2023,1,12:09,Tarde,-15.819681,-48.047289,Quadra 240 - Taguatinga,8
DF-2022-01837,Samambaia,Roubo a Transeunte,2022-02-19,2022,2,19:35,Noite,-15.869094,-48.090901,Quadra 468 - Samambaia,6
DF-2024-01838,Samambaia,Furto a Transeunte,2024-03-23,2024,3,22:32,Noite,-15.883086,-48.068159,Quadra 663 - Samambaia,3
DF-2024-01839,Ceilândia,Roubo de Veículo,2024-11-04,2024,11,14:22,Tarde,-15.805689,-48.112299,Quadra 216 - Ceilândia,7
DF-2022-01840,Gama,Roubo em Coletivo,2022-01-30,2022,1,12:42,Tarde,-16.022248,-48.045671,Quadra 295 - Gama,6
DF-2024-01841,Samambaia,Roubo a Transeunte,2024-09-18,2024,9,19:07,Noite,-15.883439,-48.097062,Quadra 539 - Samambaia,6
DF-2024-01842,Plano Piloto,Tráfico de Drogas,2024-03-14,2024,3,16:24,Tarde,-15.786289,-47.900742,Quadra 327 - Plano Piloto,5
DF-2022-01843,Ceilândia,Roubo em Coletivo,2022-09-18,2022,9,14:46,Tarde,-15.804521,-48.120029,Quadra 767 - Ceilândia,6
DF-2024-01844,Taguatinga,Roubo de Veículo,2024-11-25,2024,11,19:25,Noite,-15.827312,-48.035773,Quadra 101 - Taguatinga,7
DF-2024-01845,São Sebastião,Roubo a Transeunte,2024-05-22,2024,5,01:32,Madrugada,-15.905797,-47.754957,Quadra 622 - São Sebastião,6
DF-2024-01846,Ceilândia,Roubo em Coletivo,2024-02-15,2024,2,10:29,Manhã,-15.821995,-48.127992,Quadra 572 - Ceilândia,6
DF-2022-01847,Recanto das Emas,Roubo a Transeunte,2022-08-07,2022,8,04:14,Madrugada,-15.918932,-48.099006,Quadra 187 - Recanto das Emas,6
DF-2023-01848,Gama,Roubo a Comércio,2023-08-12,2023,8,14:35,Tarde,-16.006982,-48.077781,Quadra 736 - Gama,6
DF-2024-01849,Taguatinga,Roubo de Veículo,2024-06-16,2024,6,18:48,Noite,-15.825543,-48.064798,Quadra 587 - Taguatinga,7
DF-2024-01850,Samambaia,Roubo em Coletivo,2024-05-05,2024,5,15:33,Tarde,-15.856289,-48.075613,Quadra 449 - Samambaia,6
DF-2023-01851,Ceilândia,Roubo a Transeunte,2023-07-04,2023,7,17:45,Tarde,-15.810694,-48.112477,Quadra 210 - Ceilândia,6
DF-2023-01852,Planaltina,Roubo a Transeunte,2023-10-06,2023,10,01:21,Madrugada,-15.611329,-47.636929,Quadra 595 - Planaltina,6
DF-2022-01853,Ceilândia,Roubo em Coletivo,2022-01-25,2022,1,12:37,Tarde,-15.802018,-48.125479,Quadra 770 - Ceilândia,6
DF-2023-01854,Samambaia,Furto a Transeunte,2023-06-02,2023,6,15:02,Tarde,-15.900205,-48.086339,Quadra 241 - Samambaia,3
DF-2024-01855,Samambaia,Roubo a Transeunte,2024-12-22,2024,12,14:45,Tarde,-15.895019,-48.077376,Quadra 228 - Samambaia,6
DF-2023-01856,Gama,Roubo a Transeunte,2023-04-21,2023,4,14:21,Tarde,-16.041948,-48.044425,Quadra 752 - Gama,6
DF-2023-01857,Taguatinga,Roubo a Transeunte,2023-09-08,2023,9,03:42,Madrugada,-15.84097,-48.06103,Quadra 184 - Taguatinga,6
DF-2022-01858,Samambaia,Roubo a Transeunte,2022-01-08,2022,1,14:54,Tarde,-15.884085,-48.081349,Quadra 462 - Samambaia,6
DF-2022-01859,Guará,Roubo a Comércio,2022-03-01,2022,3,02:21,Madrugada,-15.833147,-47.994503,Quadra 201 - Guará,6
DF-2023-01860,Taguatinga,Tráfico de Drogas,2023-11-14,2023,11,14:50,Tarde,-15.836695,-48.064081,Quadra 204 - Taguatinga,5
DF-2022-01861,Santa Maria,Roubo a Transeunte,2022-05-10,2022,5,11:55,Manhã,-16.007658,-47.980503,Quadra 769 - Santa Maria,6
DF-2024-01862,Taguatinga,Roubo a Transeunte,2024-12-28,2024,12,22:55,Noite,-15.819685,-48.018204,Quadra 422 - Taguatinga,6
DF-2022-01863,Santa Maria,Roubo a Transeunte,2022-11-04,2022,11,07:41,Manhã,-16.005639,-48.001716,Quadra 144 - Santa Maria,6
DF-2023-01864,Plano Piloto,Furto a Transeunte,2023-04-29,2023,4,19:35,Noite,-15.803465,-47.856248,Quadra 752 - Plano Piloto,3
DF-2022-01865,Plano Piloto,Roubo a Transeunte,2022-01-13,2022,1,17:31,Tarde,-15.782215,-47.878709,Quadra 470 - Plano Piloto,6
DF-2024-01866,Planaltina,Roubo a Transeunte,2024-09-02,2024,9,11:18,Manhã,-15.621834,-47.663143,Quadra 478 - Planaltina,6
DF-2024-01867,Águas Claras,Tráfico de Drogas,2024-09-18,2024,9,04:14,Madrugada,-15.855737,-48.018222,Quadra 362 - Águas Claras,5
DF-2024-01868,Ceilândia,Roubo a Transeunte,2024-04-13,2024,4,09:29,Manhã,-15.810404,-48.14398,Quadra 554 - Ceilândia,6
DF-2024-01869,Plano Piloto,Violência Doméstica,2024-08-30,2024,8,15:17,Tarde,-15.809226,-47.841232,Quadra 167 - Plano Piloto,8
DF-2023-01870,Samambaia,Roubo de Veículo,2023-04-01,2023,4,17:53,Tarde,-15.865801,-48.095465,Quadra 568 - Samambaia,7
DF-2022-01871,Guará,Roubo a Comércio,2022-11-05,2022,11,19:00,Noite,-15.835501,-47.9955,Quadra 439 - Guará,6
DF-2024-01872,Ceilândia,Roubo de Veículo,2024-12-23,2024,12,22:54,Noite,-15.814604,-48.097915,Quadra 161 - Ceilândia,7
DF-2024-01873,Guará,Tráfico de Drogas,2024-09-28,2024,9,19:10,Noite,-15.823873,-47.997747,Quadra 493 - Guará,5
DF-2024-01874,Plano Piloto,Roubo a Transeunte,2024-11-21,2024,11,23:14,Noite,-15.789825,-47.893386,Quadra 700 - Plano Piloto,6
DF-2024-01875,Ceilândia,Roubo a Transeunte,2024-03-05,2024,3,22:23,Noite,-15.79896,-48.133355,Quadra 541 - Ceilândia,6
DF-2023-01876,Gama,Roubo de Veículo,2023-03-02,2023,3,20:37,Noite,-16.029505,-48.089876,Quadra 702 - Gama,7
DF-2022-01877,Guará,Roubo de Veículo,2022-02-06,2022,2,23:15,Noite,-15.825348,-47.983864,Quadra 378 - Guará,7
DF-2022-01878,Samambaia,Violência Doméstica,2022-06-16,2022,6,18:20,Noite,-15.874991,-48.09398,Quadra 771 - Samambaia,8
DF-2024-01879,Plano Piloto,Roubo a Transeunte,2024-09-01,2024,9,12:41,Tarde,-15.803655,-47.856575,Quadra 342 - Plano Piloto,6
DF-2024-01880,Gama,Roubo de Veículo,2024-03-29,2024,3,17:13,Tarde,-16.013103,-48.064879,Quadra 314 - Gama,7
DF-2022-01881,Ceilândia,Roubo a Transeunte,2022-02-15,2022,2,21:58,Noite,-15.831076,-48.113592,Quadra 462 - Ceilândia,6
DF-2024-01882,Plano Piloto,Roubo a Transeunte,2024-12-30,2024,12,15:52,Tarde,-15.782898,-47.908571,Quadra 659 - Plano Piloto,6
DF-2023-01883,Guará,Roubo a Comércio,2023-12-08,2023,12,18:45,Noite,-15.819441,-47.961457,Quadra 517 - Guará,6
DF-2024-01884,Samambaia,Tráfico de Drogas,2024-11-23,2024,11,17:02,Tarde,-15.874283,-48.085881,Quadra 193 - Samambaia,5
DF-2023-01885,Plano Piloto,Roubo a Comércio,2023-09-14,2023,9,06:30,Manhã,-15.796366,-47.891079,Quadra 386 - Plano Piloto,6
DF-2023-01886,Gama,Violência Doméstica,2023-03-05,2023,3,21:05,Noite,-16.021865,-48.056529,Quadra 141 - Gama,8
DF-2024-01887,Samambaia,Roubo a Transeunte,2024-10-06,2024,10,04:40,Madrugada,-15.842733,-48.075498,Quadra 728 - Samambaia,6
DF-2024-01888,Planaltina,Furto de Veículo,2024-11-18,2024,11,03:32,Madrugada,-15.616653,-47.656924,Quadra 233 - Planaltina,4
DF-2022-01889,Plano Piloto,Violência Doméstica,2022-03-28,2022,3,04:09,Madrugada,-15.783963,-47.882606,Quadra 157 - Plano Piloto,8
DF-2023-01890,Ceilândia,Roubo a Transeunte,2023-11-02,2023,11,10:27,Manhã,-15.820201,-48.118341,Quadra 772 - Ceilândia,6
DF-2024-01891,Ceilândia,Roubo a Transeunte,2024-03-24,2024,3,12:36,Tarde,-15.840791,-48.10058,Quadra 141 - Ceilândia,6
DF-2024-01892,Plano Piloto,Roubo a Transeunte,2024-03-25,2024,3,06:50,Manhã,-15.813372,-47.884963,Quadra 287 - Plano Piloto,6
DF-2024-01893,Taguatinga,Roubo a Comércio,2024-10-01,2024,10,16:32,Tarde,-15.821176,-48.071428,Quadra 741 - Taguatinga,6
DF-2023-01894,Samambaia,Roubo de Veículo,2023-12-31,2023,12,13:59,Tarde,-15.867287,-48.08055,Quadra 599 - Samambaia,7
DF-2023-01895,Samambaia,Roubo a Transeunte,2023-04-19,2023,4,14:31,Tarde,-15.877119,-48.076837,Quadra 332 - Samambaia,6
DF-2022-01896,Ceilândia,Roubo a Transeunte,2022-03-23,2022,3,23:28,Noite,-15.821886,-48.135405,Quadra 620 - Ceilândia,6
DF-2024-01897,Gama,Roubo a Transeunte,2024-08-29,2024,8,17:48,Tarde,-16.015137,-48.089422,Quadra 459 - Gama,6
DF-2023-01898,Plano Piloto,Roubo em Coletivo,2023-04-05,2023,4,15:49,Tarde,-15.818976,-47.891581,Quadra 302 - Plano Piloto,6
DF-2023-01899,Ceilândia,Furto de Veículo,2023-08-08,2023,8,14:02,Tarde,-15.826495,-48.121149,Quadra 790 - Ceilândia,4
DF-2022-01900,Samambaia,Roubo a Transeunte,2022-02-09,2022,2,20:23,Noite,-15.9022,-48.074738,Quadra 754 - Samambaia,6
DF-2024-01901,Ceilândia,Roubo de Veículo,2024-01-30,2024,1,12:52,Tarde,-15.824909,-48.129957,Quadra 368 - Ceilândia,7
DF-2024-01902,Plano Piloto,Latrocínio,2024-12-10,2024,12,12:57,Tarde,-15.786518,-47.901276,Quadra 604 - Plano Piloto,10
DF-2024-01903,Recanto das Emas,Homicídio Doloso,2024-01-23,2024,1,07:47,Manhã,-15.90837,-48.075055,Quadra 795 - Recanto das Emas,10
DF-2022-01904,Taguatinga,Roubo a Transeunte,2022-05-19,2022,5,15:40,Tarde,-15.825355,-48.064776,Quadra 492 - Taguatinga,6
DF-2022-01905,Samambaia,Furto a Transeunte,2022-12-11,2022,12,13:26,Tarde,-15.87711,-48.084553,Quadra 488 - Samambaia,3
DF-2024-01906,Planaltina,Roubo a Transeunte,2024-01-07,2024,1,17:00,Tarde,-15.611532,-47.662298,Quadra 669 - Planaltina,6
DF-2024-01907,Taguatinga,Furto de Veículo,2024-08-25,2024,8,09:24,Manhã,-15.876764,-48.046312,Quadra 697 - Taguatinga,4
DF-2022-01908,Plano Piloto,Roubo de Veículo,2022-08-08,2022,8,13:58,Tarde,-15.799705,-47.875103,Quadra 194 - Plano Piloto,7
DF-2022-01909,Vicente Pires,Roubo em Coletivo,2022-02-11,2022,2,14:34,Tarde,-15.805164,-47.99303,Quadra 450 - Vicente Pires,6
DF-2022-01910,Vicente Pires,Roubo a Transeunte,2022-08-04,2022,8,09:38,Manhã,-15.792189,-48.02216,Quadra 733 - Vicente Pires,6
DF-2022-01911,Águas Claras,Roubo a Transeunte,2022-05-02,2022,5,10:04,Manhã,-15.843104,-47.997879,Quadra 400 - Águas Claras,6
DF-2023-01912,Planaltina,Roubo a Transeunte,2023-11-06,2023,11,07:27,Manhã,-15.618833,-47.681919,Quadra 789 - Planaltina,6
DF-2022-01913,Ceilândia,Roubo a Transeunte,2022-06-24,2022,6,21:23,Noite,-15.822803,-48.101538,Quadra 152 - Ceilândia,6
DF-2024-01914,Santa Maria,Homicídio Doloso,2024-12-21,2024,12,19:28,Noite,-16.017332,-47.99774,Quadra 551 - Santa Maria,10
DF-2024-01915,Guará,Violência Doméstica,2024-08-05,2024,8,16:27,Tarde,-15.801135,-48.00069,Quadra 335 - Guará,8
DF-2024-01916,Vicente Pires,Roubo a Transeunte,2024-06-11,2024,6,19:04,Noite,-15.793042,-48.017138,Quadra 300 - Vicente Pires,6
DF-2023-01917,Ceilândia,Roubo a Transeunte,2023-04-17,2023,4,07:43,Manhã,-15.825653,-48.123649,Quadra 340 - Ceilândia,6
DF-2022-01918,Samambaia,Furto de Veículo,2022-07-15,2022,7,23:32,Noite,-15.891494,-48.074412,Quadra 589 - Samambaia,4
DF-2022-01919,Taguatinga,Roubo a Transeunte,2022-05-29,2022,5,09:46,Manhã,-15.810003,-48.02909,Quadra 109 - Taguatinga,6
DF-2024-01920,Taguatinga,Violência Doméstica,2024-08-07,2024,8,10:43,Manhã,-15.834845,-48.057537,Quadra 387 - Taguatinga,8
DF-2022-01921,Guará,Roubo a Transeunte,2022-09-04,2022,9,13:41,Tarde,-15.814995,-47.962791,Quadra 248 - Guará,6
DF-2022-01922,Gama,Roubo a Transeunte,2022-07-27,2022,7,12:48,Tarde,-16.035699,-48.040762,Quadra 154 - Gama,6
DF-2024-01923,Ceilândia,Roubo de Veículo,2024-03-31,2024,3,23:37,Noite,-15.826713,-48.127002,Quadra 600 - Ceilândia,7
DF-2022-01924,Santa Maria,Roubo a Transeunte,2022-08-02,2022,8,07:39,Manhã,-16.010788,-47.99249,Quadra 747 - Santa Maria,6
DF-2023-01925,Taguatinga,Roubo em Coletivo,2023-12-13,2023,12,15:40,Tarde,-15.843326,-48.04705,Quadra 750 - Taguatinga,6
DF-2024-01926,Plano Piloto,Tráfico de Drogas,2024-11-22,2024,11,08:33,Manhã,-15.796616,-47.899283,Quadra 130 - Plano Piloto,5
DF-2023-01927,Gama,Roubo a Transeunte,2023-03-09,2023,3,12:03,Tarde,-16.026908,-48.068569,Quadra 436 - Gama,6
DF-2023-01928,Ceilândia,Furto a Transeunte,2023-09-11,2023,9,03:18,Madrugada,-15.808907,-48.088932,Quadra 240 - Ceilândia,3
DF-2024-01929,Águas Claras,Roubo a Transeunte,2024-07-14,2024,7,16:52,Tarde,-15.830061,-48.04037,Quadra 613 - Águas Claras,6
DF-2023-01930,Ceilândia,Violência Doméstica,2023-02-05,2023,2,22:33,Noite,-15.836655,-48.122868,Quadra 635 - Ceilândia,8
DF-2024-01931,Planaltina,Furto a Transeunte,2024-07-18,2024,7,09:28,Manhã,-15.606281,-47.654004,Quadra 467 - Planaltina,3
DF-2023-01932,Santa Maria,Roubo a Transeunte,2023-05-19,2023,5,15:22,Tarde,-16.012194,-47.998091,Quadra 643 - Santa Maria,6
DF-2023-01933,Ceilândia,Tráfico de Drogas,2023-04-20,2023,4,11:44,Manhã,-15.778792,-48.131455,Quadra 156 - Ceilândia,5
DF-2024-01934,Taguatinga,Furto de Veículo,2024-08-29,2024,8,16:46,Tarde,-15.848569,-48.057992,Quadra 200 - Taguatinga,4
DF-2023-01935,Taguatinga,Furto de Veículo,2023-06-27,2023,6,20:00,Noite,-15.835559,-48.063086,Quadra 705 - Taguatinga,4
DF-2022-01936,Águas Claras,Roubo a Transeunte,2022-11-23,2022,11,09:48,Manhã,-15.836977,-48.028539,Quadra 436 - Águas Claras,6
DF-2023-01937,Plano Piloto,Roubo a Transeunte,2023-09-23,2023,9,17:17,Tarde,-15.780338,-47.880513,Quadra 163 - Plano Piloto,6
DF-2024-01938,Plano Piloto,Roubo de Veículo,2024-05-22,2024,5,19:17,Noite,-15.795625,-47.850965,Quadra 507 - Plano Piloto,7
DF-2024-01939,Ceilândia,Tráfico de Drogas,2024-10-31,2024,10,13:41,Tarde,-15.846365,-48.098718,Quadra 517 - Ceilândia,5
DF-2023-01940,Taguatinga,Roubo a Transeunte,2023-06-12,2023,6,14:39,Tarde,-15.838259,-48.061514,Quadra 777 - Taguatinga,6
DF-2024-01941,Taguatinga,Roubo a Comércio,2024-06-17,2024,6,10:41,Manhã,-15.829824,-48.052128,Quadra 434 - Taguatinga,6
DF-2022-01942,Taguatinga,Furto de Veículo,2022-06-05,2022,6,04:54,Madrugada,-15.825632,-48.049684,Quadra 633 - Taguatinga,4
DF-2022-01943,Águas Claras,Violência Doméstica,2022-10-28,2022,10,09:53,Manhã,-15.84545,-48.034913,Quadra 278 - Águas Claras,8
DF-2022-01944,Taguatinga,Roubo em Coletivo,2022-10-05,2022,10,18:37,Noite,-15.831494,-48.053336,Quadra 480 - Taguatinga,6
DF-2022-01945,Samambaia,Furto a Transeunte,2022-06-11,2022,6,12:31,Tarde,-15.885934,-48.090237,Quadra 365 - Samambaia,3
DF-2024-01946,Ceilândia,Violência Doméstica,2024-05-28,2024,5,13:59,Tarde,-15.835767,-48.102053,Quadra 194 - Ceilândia,8
DF-2023-01947,Samambaia,Roubo em Coletivo,2023-03-10,2023,3,16:19,Tarde,-15.889847,-48.071492,Quadra 412 - Samambaia,6
DF-2024-01948,Samambaia,Roubo em Coletivo,2024-09-15,2024,9,22:46,Noite,-15.885146,-48.09825,Quadra 115 - Samambaia,6
DF-2024-01949,Plano Piloto,Furto de Veículo,2024-03-22,2024,3,11:09,Manhã,-15.794977,-47.910396,Quadra 784 - Plano Piloto,4
DF-2023-01950,Ceilândia,Roubo em Coletivo,2023-09-13,2023,9,15:33,Tarde,-15.818125,-48.113936,Quadra 425 - Ceilândia,6
DF-2022-01951,Samambaia,Roubo a Comércio,2022-08-11,2022,8,13:25,Tarde,-15.864365,-48.098004,Quadra 528 - Samambaia,6
DF-2024-01952,Ceilândia,Violência Doméstica,2024-02-12,2024,2,14:55,Tarde,-15.807278,-48.105019,Quadra 630 - Ceilândia,8
DF-2022-01953,Taguatinga,Roubo a Transeunte,2022-05-24,2022,5,17:01,Tarde,-15.831935,-48.089403,Quadra 133 - Taguatinga,6
DF-2024-01954,Plano Piloto,Furto de Veículo,2024-07-19,2024,7,18:52,Noite,-15.801036,-47.870653,Quadra 311 - Plano Piloto,4
DF-2023-01955,Ceilândia,Roubo a Transeunte,2023-09-22,2023,9,18:07,Noite,-15.83977,-48.10698,Quadra 555 - Ceilândia,6
DF-2024-01956,Taguatinga,Furto a Transeunte,2024-04-29,2024,4,19:44,Noite,-15.836494,-48.056945,Quadra 430 - Taguatinga,3
DF-2023-01957,Taguatinga,Tráfico de Drogas,2023-01-23,2023,1,11:17,Manhã,-15.833205,-48.039803,Quadra 255 - Taguatinga,5
DF-2024-01958,Samambaia,Homicídio Doloso,2024-08-21,2024,8,23:30,Noite,-15.870771,-48.06005,Quadra 188 - Samambaia,10
DF-2023-01959,Ceilândia,Violência Doméstica,2023-06-09,2023,6,06:56,Manhã,-15.811848,-48.096653,Quadra 274 - Ceilândia,8
DF-2023-01960,Samambaia,Roubo a Transeunte,2023-05-26,2023,5,18:47,Noite,-15.874961,-48.060301,Quadra 145 - Samambaia,6
DF-2022-01961,Ceilândia,Violência Doméstica,2022-05-10,2022,5,06:42,Manhã,-15.829023,-48.107691,Quadra 237 - Ceilândia,8
DF-2022-01962,Taguatinga,Roubo a Transeunte,2022-07-21,2022,7,20:05,Noite,-15.842801,-48.04664,Quadra 664 - Taguatinga,6
DF-2023-01963,Ceilândia,Roubo a Transeunte,2023-12-01,2023,12,11:47,Manhã,-15.825978,-48.110784,Quadra 437 - Ceilândia,6
DF-2022-01964,Samambaia,Furto de Veículo,2022-07-25,2022,7,15:09,Tarde,-15.855899,-48.075915,Quadra 577 - Samambaia,4
DF-2024-01965,Taguatinga,Homicídio Doloso,2024-02-25,2024,2,20:20,Noite,-15.821221,-48.064348,Quadra 737 - Taguatinga,10
DF-2022-01966,Ceilândia,Violência Doméstica,2022-08-03,2022,8,05:51,Madrugada,-15.826395,-48.079891,Quadra 524 - Ceilândia,8
DF-2024-01967,Ceilândia,Roubo em Coletivo,2024-01-24,2024,1,21:11,Noite,-15.812791,-48.114439,Quadra 498 - Ceilândia,6
DF-2022-01968,Águas Claras,Roubo a Transeunte,2022-11-29,2022,11,21:38,Noite,-15.841543,-48.032268,Quadra 220 - Águas Claras,6
DF-2022-01969,Santa Maria,Homicídio Doloso,2022-10-12,2022,10,02:20,Madrugada,-16.00846,-47.968463,Quadra 153 - Santa Maria,10
DF-2022-01970,Plano Piloto,Roubo a Transeunte,2022-10-01,2022,10,08:04,Manhã,-15.784731,-47.871168,Quadra 798 - Plano Piloto,6
DF-2022-01971,Samambaia,Roubo de Veículo,2022-09-15,2022,9,17:08,Tarde,-15.877047,-48.074087,Quadra 535 - Samambaia,7
DF-2024-01972,Plano Piloto,Roubo de Veículo,2024-04-05,2024,4,00:44,Madrugada,-15.805689,-47.870322,Quadra 201 - Plano Piloto,7
DF-2024-01973,Taguatinga,Roubo a Transeunte,2024-07-16,2024,7,15:56,Tarde,-15.812929,-48.061779,Quadra 105 - Taguatinga,6
DF-2024-01974,Recanto das Emas,Violência Doméstica,2024-11-13,2024,11,23:40,Noite,-15.922486,-48.090084,Quadra 766 - Recanto das Emas,8
DF-2023-01975,Guará,Roubo a Transeunte,2023-06-08,2023,6,15:41,Tarde,-15.831124,-47.969521,Quadra 232 - Guará,6
DF-2024-01976,Samambaia,Roubo de Veículo,2024-09-29,2024,9,23:17,Noite,-15.863777,-48.082301,Quadra 784 - Samambaia,7
DF-2024-01977,Taguatinga,Roubo em Coletivo,2024-07-19,2024,7,06:57,Manhã,-15.81778,-48.076716,Quadra 596 - Taguatinga,6
DF-2024-01978,Santa Maria,Furto a Transeunte,2024-02-04,2024,2,22:29,Noite,-16.025988,-48.008504,Quadra 119 - Santa Maria,3
DF-2022-01979,Recanto das Emas,Violência Doméstica,2022-09-17,2022,9,22:12,Noite,-15.908609,-48.079707,Quadra 711 - Recanto das Emas,8
DF-2024-01980,Vicente Pires,Roubo em Coletivo,2024-09-18,2024,9,17:45,Tarde,-15.791275,-48.042962,Quadra 389 - Vicente Pires,6
DF-2024-01981,Guará,Roubo a Transeunte,2024-07-20,2024,7,18:00,Noite,-15.819674,-47.971486,Quadra 364 - Guará,6
DF-2023-01982,Ceilândia,Roubo em Coletivo,2023-06-03,2023,6,20:08,Noite,-15.833294,-48.104411,Quadra 452 - Ceilândia,6
DF-2023-01983,São Sebastião,Roubo a Comércio,2023-10-11,2023,10,20:38,Noite,-15.89924,-47.782347,Quadra 406 - São Sebastião,6
DF-2024-01984,Plano Piloto,Roubo de Veículo,2024-07-08,2024,7,03:05,Madrugada,-15.7896,-47.890921,Quadra 104 - Plano Piloto,7
DF-2023-01985,Taguatinga,Roubo a Transeunte,2023-06-01,2023,6,09:19,Manhã,-15.815676,-48.045416,Quadra 257 - Taguatinga,6
DF-2022-01986,Ceilândia,Furto a Transeunte,2022-06-13,2022,6,04:37,Madrugada,-15.822299,-48.132233,Quadra 694 - Ceilândia,3
DF-2024-01987,Gama,Roubo de Veículo,2024-02-18,2024,2,18:18,Noite,-16.031839,-48.045499,Quadra 609 - Gama,7
DF-2024-01988,Taguatinga,Roubo em Coletivo,2024-02-08,2024,2,05:02,Madrugada,-15.842745,-48.034394,Quadra 509 - Taguatinga,6
DF-2022-01989,Ceilândia,Furto a Transeunte,2022-10-10,2022,10,06:21,Manhã,-15.805653,-48.112846,Quadra 771 - Ceilândia,3
DF-2024-01990,Taguatinga,Roubo de Veículo,2024-05-03,2024,5,13:41,Tarde,-15.842335,-48.068973,Quadra 359 - Taguatinga,7
DF-2023-01991,Plano Piloto,Roubo a Transeunte,2023-04-14,2023,4,22:33,Noite,-15.819443,-47.886808,Quadra 107 - Plano Piloto,6
DF-2022-01992,Ceilândia,Roubo a Transeunte,2022-03-05,2022,3,07:11,Manhã,-15.818737,-48.102691,Quadra 583 - Ceilândia,6
DF-2022-01993,Gama,Roubo a Comércio,2022-08-10,2022,8,12:08,Tarde,-16.030979,-48.063559,Quadra 167 - Gama,6
DF-2022-01994,Santa Maria,Roubo de Veículo,2022-09-18,2022,9,18:14,Noite,-15.999604,-47.98437,Quadra 449 - Santa Maria,7
DF-2024-01995,Ceilândia,Roubo a Comércio,2024-09-29,2024,9,20:59,Noite,-15.828116,-48.125291,Quadra 438 - Ceilândia,6
DF-2024-01996,Samambaia,Roubo a Comércio,2024-05-06,2024,5,14:20,Tarde,-15.874852,-48.081929,Quadra 337 - Samambaia,6
DF-2022-01997,Gama,Roubo a Transeunte,2022-02-16,2022,2,16:52,Tarde,-16.00464,-48.058603,Quadra 233 - Gama,6
DF-2022-01998,Ceilândia,Furto a Transeunte,2022-08-18,2022,8,07:07,Manhã,-15.811048,-48.100494,Quadra 655 - Ceilândia,3
DF-2022-01999,Planaltina,Tráfico de Drogas,2022-11-02,2022,11,18:45,Noite,-15.614364,-47.639924,Quadra 642 - Planaltina,5
DF-2024-02000,Taguatinga,Roubo em Coletivo,2024-12-15,2024,12,20:23,Noite,-15.826655,-48.064358,Quadra 349 - Taguatinga,6
